emitter_role,emit_time_ns,run_id,condition_id,transport,source_id,sequence,application_payload_bytes,wire_request_bytes,accepted,client_send_wall_ns,client_receive_wall_ns,rtt_ms,server_processing_ms,payload_crc32,detail
raw-uplink-sender,1786973552735685623,edge4av-real-20260817-airspan-tdd-raw-uplink-pending-location-2-tcp-mqtt-run-1,uplink-tcp-payload-1048576,tcp,veh-001,1,1048576,1048612,true,1786973541860048808,1786973552735685623,10874.295556,5.208263,4010696788,validated compact application acknowledgment
raw-uplink-sender,1786973568009591670,edge4av-real-20260817-airspan-tdd-raw-uplink-pending-location-2-tcp-mqtt-run-1,uplink-tcp-payload-1048576,tcp,veh-001,2,1048576,1048612,true,1786973552936112009,1786973568009591670,15071.214929,0.871943,4010696788,validated compact application acknowledgment
raw-uplink-sender,1786973584677391720,edge4av-real-20260817-airspan-tdd-raw-uplink-pending-location-2-tcp-mqtt-run-1,uplink-tcp-payload-1048576,tcp,veh-001,3,1048576,1048612,true,1786973568210005412,1786973584677391720,16464.554833,3.271806,4010696788,validated compact application acknowledgment
raw-uplink-sender,1786973602169082645,edge4av-real-20260817-airspan-tdd-raw-uplink-pending-location-2-tcp-mqtt-run-1,uplink-tcp-payload-1048576,tcp,veh-001,4,1048576,1048612,true,1786973584877821020,1786973602169082645,17288.505143,3.339827,4010696788,validated compact application acknowledgment
raw-uplink-sender,1786973617239103641,edge4av-real-20260817-airspan-tdd-raw-uplink-pending-location-2-tcp-mqtt-run-1,uplink-tcp-payload-1048576,tcp,veh-001,5,1048576,1048612,true,1786973602369510994,1786973617239103641,14866.857576,3.278606,4010696788,validated compact application acknowledgment
raw-uplink-sender,1786973637658730163,edge4av-real-20260817-airspan-tdd-raw-uplink-pending-location-2-tcp-mqtt-run-1,uplink-tcp-payload-1048576,tcp,veh-001,6,1048576,1048612,true,1786973617439508308,1786973637658730163,20216.477562,1.052633,4010696788,validated compact application acknowledgment
raw-uplink-sender,1786973653244447724,edge4av-real-20260817-airspan-tdd-raw-uplink-pending-location-2-tcp-mqtt-run-1,uplink-tcp-payload-1048576,tcp,veh-001,7,1048576,1048612,true,1786973637859133562,1786973653244447724,15382.580173,3.243143,4010696788,validated compact application acknowledgment
raw-uplink-sender,1786973668590381521,edge4av-real-20260817-airspan-tdd-raw-uplink-pending-location-2-tcp-mqtt-run-1,uplink-tcp-payload-1048576,tcp,veh-001,8,1048576,1048612,true,1786973653444881667,1786973668590381521,15142.761224,1.118704,4010696788,validated compact application acknowledgment
raw-uplink-sender,1786973685376301485,edge4av-real-20260817-airspan-tdd-raw-uplink-pending-location-2-tcp-mqtt-run-1,uplink-tcp-payload-1048576,tcp,veh-001,9,1048576,1048612,true,1786973668790806913,1786973685376301485,16582.765139,3.248208,4010696788,validated compact application acknowledgment
raw-uplink-sender,1786973702295811437,edge4av-real-20260817-airspan-tdd-raw-uplink-pending-location-2-tcp-mqtt-run-1,uplink-tcp-payload-1048576,tcp,veh-001,10,1048576,1048612,true,1786973685576687134,1786973702295811437,16716.391999,3.285659,4010696788,validated compact application acknowledgment
raw-uplink-sender,1786973717447599653,edge4av-real-20260817-airspan-tdd-raw-uplink-pending-location-2-tcp-mqtt-run-1,uplink-tcp-payload-1048576,tcp,veh-001,11,1048576,1048612,true,1786973702496235041,1786973717447599653,14948.630122,2.876913,4010696788,validated compact application acknowledgment
raw-uplink-sender,1786973735175386202,edge4av-real-20260817-airspan-tdd-raw-uplink-pending-location-2-tcp-mqtt-run-1,uplink-tcp-payload-1048576,tcp,veh-001,12,1048576,1048612,true,1786973717648033850,1786973735175386202,17524.618512,2.506751,4010696788,validated compact application acknowledgment
raw-uplink-sender,1786973752747148381,edge4av-real-20260817-airspan-tdd-raw-uplink-pending-location-2-tcp-mqtt-run-1,uplink-tcp-payload-1048576,tcp,veh-001,13,1048576,1048612,true,1786973735375891263,1786973752747148381,17368.521309,1.505272,4010696788,validated compact application acknowledgment
raw-uplink-sender,1786973769800729334,edge4av-real-20260817-airspan-tdd-raw-uplink-pending-location-2-tcp-mqtt-run-1,uplink-tcp-payload-1048576,tcp,veh-001,14,1048576,1048612,true,1786973752947573902,1786973769800729334,16850.445534,1.232407,4010696788,validated compact application acknowledgment
raw-uplink-sender,1786973781958637610,edge4av-real-20260817-airspan-tdd-raw-uplink-pending-location-2-tcp-mqtt-run-1,uplink-tcp-payload-1048576,tcp,veh-001,15,1048576,1048612,true,1786973770001196419,1786973781958637610,11954.695408,3.314458,4010696788,validated compact application acknowledgment
raw-uplink-sender,1786973798658340177,edge4av-real-20260817-airspan-tdd-raw-uplink-pending-location-2-tcp-mqtt-run-1,uplink-tcp-payload-1048576,tcp,veh-001,16,1048576,1048612,true,1786973782159016014,1786973798658340177,16496.591181,3.313926,4010696788,validated compact application acknowledgment
raw-uplink-sender,1786973814178225590,edge4av-real-20260817-airspan-tdd-raw-uplink-pending-location-2-tcp-mqtt-run-1,uplink-tcp-payload-1048576,tcp,veh-001,17,1048576,1048612,true,1786973798858763647,1786973814178225590,15316.753535,1.753029,4010696788,validated compact application acknowledgment
raw-uplink-sender,1786973832695582876,edge4av-real-20260817-airspan-tdd-raw-uplink-pending-location-2-tcp-mqtt-run-1,uplink-tcp-payload-1048576,tcp,veh-001,18,1048576,1048612,true,1786973814378672488,1786973832695582876,18315.252901,3.301505,4010696788,validated compact application acknowledgment
raw-uplink-sender,1786973848884141693,edge4av-real-20260817-airspan-tdd-raw-uplink-pending-location-2-tcp-mqtt-run-1,uplink-tcp-payload-1048576,tcp,veh-001,19,1048576,1048612,true,1786973832896012272,1786973848884141693,15985.863523,3.299818,4010696788,validated compact application acknowledgment
raw-uplink-sender,1786973865443178954,edge4av-real-20260817-airspan-tdd-raw-uplink-pending-location-2-tcp-mqtt-run-1,uplink-tcp-payload-1048576,tcp,veh-001,20,1048576,1048612,true,1786973849084606191,1786973865443178954,16357.008276,3.257215,4010696788,validated compact application acknowledgment
raw-uplink-sender,1786973882306745358,edge4av-real-20260817-airspan-tdd-raw-uplink-pending-location-2-tcp-mqtt-run-1,uplink-tcp-payload-1048576,tcp,veh-001,21,1048576,1048612,true,1786973865643586913,1786973882306745358,16660.512632,3.270276,4010696788,validated compact application acknowledgment
raw-uplink-sender,1786973902626367464,edge4av-real-20260817-airspan-tdd-raw-uplink-pending-location-2-tcp-mqtt-run-1,uplink-tcp-payload-1048576,tcp,veh-001,22,1048576,1048612,true,1786973882507196400,1786973902626367464,20117.481237,3.336641,4010696788,validated compact application acknowledgment
raw-uplink-sender,1786973918357918255,edge4av-real-20260817-airspan-tdd-raw-uplink-pending-location-2-tcp-mqtt-run-1,uplink-tcp-payload-1048576,tcp,veh-001,23,1048576,1048612,true,1786973902826788493,1786973918357918255,15528.422505,1.945193,4010696788,validated compact application acknowledgment
raw-uplink-sender,1786973934395329123,edge4av-real-20260817-airspan-tdd-raw-uplink-pending-location-2-tcp-mqtt-run-1,uplink-tcp-payload-1048576,tcp,veh-001,24,1048576,1048612,true,1786973918558344355,1786973934395329123,15834.246997,3.306595,4010696788,validated compact application acknowledgment
raw-uplink-sender,1786973951609446258,edge4av-real-20260817-airspan-tdd-raw-uplink-pending-location-2-tcp-mqtt-run-1,uplink-tcp-payload-1048576,tcp,veh-001,25,1048576,1048612,true,1786973934595742888,1786973951609446258,17010.970715,3.683926,4010696788,validated compact application acknowledgment
raw-uplink-sender,1786973972795205512,edge4av-real-20260817-airspan-tdd-raw-uplink-pending-location-2-tcp-mqtt-run-1,uplink-tcp-payload-1048576,tcp,veh-001,26,1048576,1048612,true,1786973951809898367,1786973972795205512,20982.533630,3.502136,4010696788,validated compact application acknowledgment
raw-uplink-sender,1786973995868707405,edge4av-real-20260817-airspan-tdd-raw-uplink-pending-location-2-tcp-mqtt-run-1,uplink-tcp-payload-1048576,tcp,veh-001,27,1048576,1048612,true,1786973972995714457,1786973995868707405,22870.335140,3.281903,4010696788,validated compact application acknowledgment
raw-uplink-sender,1786974015874069073,edge4av-real-20260817-airspan-tdd-raw-uplink-pending-location-2-tcp-mqtt-run-1,uplink-tcp-payload-1048576,tcp,veh-001,28,1048576,1048612,true,1786973996069314662,1786974015874069073,19800.742209,3.321404,4010696788,validated compact application acknowledgment
raw-uplink-sender,1786974040613530285,edge4av-real-20260817-airspan-tdd-raw-uplink-pending-location-2-tcp-mqtt-run-1,uplink-tcp-payload-1048576,tcp,veh-001,29,1048576,1048612,true,1786974016075082917,1786974040613530285,24535.773919,3.275966,4010696788,validated compact application acknowledgment
raw-uplink-sender,1786974060813004000,edge4av-real-20260817-airspan-tdd-raw-uplink-pending-location-2-tcp-mqtt-run-1,uplink-tcp-payload-1048576,tcp,veh-001,30,1048576,1048612,true,1786974040813965759,1786974060813004000,19996.308275,3.494832,4010696788,validated compact application acknowledgment
raw-uplink-sender,1786974083732618697,edge4av-real-20260817-airspan-tdd-raw-uplink-pending-location-2-tcp-mqtt-run-1,uplink-tcp-payload-1048576,tcp,veh-001,31,1048576,1048612,true,1786974061013411654,1786974083732618697,22716.482790,3.304532,4010696788,validated compact application acknowledgment
raw-uplink-sender,1786974103378312646,edge4av-real-20260817-airspan-tdd-raw-uplink-pending-location-2-tcp-mqtt-run-1,uplink-tcp-payload-1048576,tcp,veh-001,32,1048576,1048612,true,1786974083933045124,1786974103378312646,19442.526799,1.215577,4010696788,validated compact application acknowledgment
raw-uplink-sender,1786974122631670809,edge4av-real-20260817-airspan-tdd-raw-uplink-pending-location-2-tcp-mqtt-run-1,uplink-tcp-payload-1048576,tcp,veh-001,33,1048576,1048612,true,1786974103578675952,1786974122631670809,19050.374060,3.333267,4010696788,validated compact application acknowledgment
raw-uplink-sender,1786974140617216038,edge4av-real-20260817-airspan-tdd-raw-uplink-pending-location-2-tcp-mqtt-run-1,uplink-tcp-payload-1048576,tcp,veh-001,34,1048576,1048612,true,1786974122832110791,1786974140617216038,17782.364252,3.293067,4010696788,validated compact application acknowledgment
raw-uplink-sender,1786974165478848014,edge4av-real-20260817-airspan-tdd-raw-uplink-pending-location-2-tcp-mqtt-run-1,uplink-tcp-payload-1048576,tcp,veh-001,35,1048576,1048612,true,1786974140817614522,1786974165478848014,24658.596689,3.286611,4010696788,validated compact application acknowledgment
raw-uplink-sender,1786974182592383705,edge4av-real-20260817-airspan-tdd-raw-uplink-pending-location-2-tcp-mqtt-run-1,uplink-tcp-payload-1048576,tcp,veh-001,36,1048576,1048612,true,1786974165679239357,1786974182592383705,16910.519522,3.284393,4010696788,validated compact application acknowledgment
raw-uplink-sender,1786974204576156630,edge4av-real-20260817-airspan-tdd-raw-uplink-pending-location-2-tcp-mqtt-run-1,uplink-tcp-payload-1048576,tcp,veh-001,37,1048576,1048612,true,1786974182792597555,1786974204576156630,21780.957087,3.274415,4010696788,validated compact application acknowledgment
raw-uplink-sender,1786974222475633543,edge4av-real-20260817-airspan-tdd-raw-uplink-pending-location-2-tcp-mqtt-run-1,uplink-tcp-payload-1048576,tcp,veh-001,38,1048576,1048612,true,1786974204776641493,1786974222475633543,17694.677821,3.295301,4010696788,validated compact application acknowledgment
raw-uplink-sender,1786974241819041684,edge4av-real-20260817-airspan-tdd-raw-uplink-pending-location-2-tcp-mqtt-run-1,uplink-tcp-payload-1048576,tcp,veh-001,39,1048576,1048612,true,1786974222676160968,1786974241819041684,19140.248920,3.276173,4010696788,validated compact application acknowledgment
raw-uplink-sender,1786974259735899662,edge4av-real-20260817-airspan-tdd-raw-uplink-pending-location-2-tcp-mqtt-run-1,uplink-tcp-payload-1048576,tcp,veh-001,40,1048576,1048612,true,1786974242019408493,1786974259735899662,17714.201449,3.293381,4010696788,validated compact application acknowledgment
raw-uplink-sender,1786974276062173418,edge4av-real-20260817-airspan-tdd-raw-uplink-pending-location-2-tcp-mqtt-run-1,uplink-tcp-payload-1048576,tcp,veh-001,41,1048576,1048612,true,1786974259936306080,1786974276062173418,16123.141081,3.287679,4010696788,validated compact application acknowledgment
raw-uplink-sender,1786974295615702474,edge4av-real-20260817-airspan-tdd-raw-uplink-pending-location-2-tcp-mqtt-run-1,uplink-tcp-payload-1048576,tcp,veh-001,42,1048576,1048612,true,1786974276262625956,1786974295615702474,19350.374094,3.306460,4010696788,validated compact application acknowledgment
raw-uplink-sender,1786974317013199193,edge4av-real-20260817-airspan-tdd-raw-uplink-pending-location-2-tcp-mqtt-run-1,uplink-tcp-payload-1048576,tcp,veh-001,43,1048576,1048612,true,1786974295816116923,1786974317013199193,21194.356520,3.294411,4010696788,validated compact application acknowledgment
raw-uplink-sender,1786974335106826969,edge4av-real-20260817-airspan-tdd-raw-uplink-pending-location-2-tcp-mqtt-run-1,uplink-tcp-payload-1048576,tcp,veh-001,44,1048576,1048612,true,1786974317213592371,1786974335106826969,17890.533899,3.304034,4010696788,validated compact application acknowledgment
raw-uplink-sender,1786974354408329372,edge4av-real-20260817-airspan-tdd-raw-uplink-pending-location-2-tcp-mqtt-run-1,uplink-tcp-payload-1048576,tcp,veh-001,45,1048576,1048612,true,1786974335307242618,1786974354408329372,19098.347457,2.447123,4010696788,validated compact application acknowledgment
raw-uplink-sender,1786974372177894130,edge4av-real-20260817-airspan-tdd-raw-uplink-pending-location-2-tcp-mqtt-run-1,uplink-tcp-payload-1048576,tcp,veh-001,46,1048576,1048612,true,1786974354608723993,1786974372177894130,17566.451582,1.745104,4010696788,validated compact application acknowledgment
raw-uplink-sender,1786974390945614079,edge4av-real-20260817-airspan-tdd-raw-uplink-pending-location-2-tcp-mqtt-run-1,uplink-tcp-payload-1048576,tcp,veh-001,47,1048576,1048612,true,1786974372378303918,1786974390945614079,18564.549150,3.290982,4010696788,validated compact application acknowledgment
raw-uplink-sender,1786974407368864036,edge4av-real-20260817-airspan-tdd-raw-uplink-pending-location-2-tcp-mqtt-run-1,uplink-tcp-payload-1048576,tcp,veh-001,48,1048576,1048612,true,1786974391146016859,1786974407368864036,16221.269019,3.309380,4010696788,validated compact application acknowledgment
raw-uplink-sender,1786974425262615865,edge4av-real-20260817-airspan-tdd-raw-uplink-pending-location-2-tcp-mqtt-run-1,uplink-tcp-payload-1048576,tcp,veh-001,49,1048576,1048612,true,1786974407569232618,1786974425262615865,17690.652863,3.270472,4010696788,validated compact application acknowledgment
raw-uplink-sender,1786974443242163646,edge4av-real-20260817-airspan-tdd-raw-uplink-pending-location-2-tcp-mqtt-run-1,uplink-tcp-payload-1048576,tcp,veh-001,50,1048576,1048612,true,1786974425463025212,1786974443242163646,17776.415960,1.919802,4010696788,validated compact application acknowledgment
raw-uplink-sender,1786974462091700725,edge4av-real-20260817-airspan-tdd-raw-uplink-pending-location-2-tcp-mqtt-run-1,uplink-tcp-payload-1048576,tcp,veh-001,51,1048576,1048612,true,1786974443442644633,1786974462091700725,18646.361723,3.268329,4010696788,validated compact application acknowledgment
raw-uplink-sender,1786974480547245529,edge4av-real-20260817-airspan-tdd-raw-uplink-pending-location-2-tcp-mqtt-run-1,uplink-tcp-payload-1048576,tcp,veh-001,52,1048576,1048612,true,1786974462292122235,1786974480547245529,18252.365217,1.072669,4010696788,validated compact application acknowledgment
raw-uplink-sender,1786974496912961810,edge4av-real-20260817-airspan-tdd-raw-uplink-pending-location-2-tcp-mqtt-run-1,uplink-tcp-payload-1048576,tcp,veh-001,53,1048576,1048612,true,1786974480747635500,1786974496912961810,16162.588851,3.319107,4010696788,validated compact application acknowledgment
raw-uplink-sender,1786974513160523432,edge4av-real-20260817-airspan-tdd-raw-uplink-pending-location-2-tcp-mqtt-run-1,uplink-tcp-payload-1048576,tcp,veh-001,54,1048576,1048612,true,1786974497113328551,1786974513160523432,16045.583984,0.947761,4010696788,validated compact application acknowledgment
raw-uplink-sender,1786974532611846986,edge4av-real-20260817-airspan-tdd-raw-uplink-pending-location-2-tcp-mqtt-run-1,uplink-tcp-payload-1048576,tcp,veh-001,55,1048576,1048612,true,1786974513360951951,1786974532611846986,19248.176765,3.499942,4010696788,validated compact application acknowledgment
raw-uplink-sender,1786974549901496453,edge4av-real-20260817-airspan-tdd-raw-uplink-pending-location-2-tcp-mqtt-run-1,uplink-tcp-payload-1048576,tcp,veh-001,56,1048576,1048612,true,1786974532812279189,1786974549901496453,17086.486245,3.302933,4010696788,validated compact application acknowledgment
raw-uplink-sender,1786974572326794813,edge4av-real-20260817-airspan-tdd-raw-uplink-pending-location-2-tcp-mqtt-run-1,uplink-tcp-payload-1048576,tcp,veh-001,57,1048576,1048612,true,1786974550101926146,1786974572326794813,22222.127651,2.107892,4010696788,validated compact application acknowledgment
raw-uplink-sender,1786974591466282909,edge4av-real-20260817-airspan-tdd-raw-uplink-pending-location-2-tcp-mqtt-run-1,uplink-tcp-payload-1048576,tcp,veh-001,58,1048576,1048612,true,1786974572527206729,1786974591466282909,18937.414452,3.287478,4010696788,validated compact application acknowledgment
raw-uplink-sender,1786974607767936462,edge4av-real-20260817-airspan-tdd-raw-uplink-pending-location-2-tcp-mqtt-run-1,uplink-tcp-payload-1048576,tcp,veh-001,59,1048576,1048612,true,1786974591666630151,1786974607767936462,16099.877801,3.303552,4010696788,validated compact application acknowledgment
raw-uplink-sender,1786974625155460003,edge4av-real-20260817-airspan-tdd-raw-uplink-pending-location-2-tcp-mqtt-run-1,uplink-tcp-payload-1048576,tcp,veh-001,60,1048576,1048612,true,1786974607968323333,1786974625155460003,17185.542783,2.298613,4010696788,validated compact application acknowledgment
raw-uplink-sender,1786974643297039422,edge4av-real-20260817-airspan-tdd-raw-uplink-pending-location-2-tcp-mqtt-run-1,uplink-tcp-payload-1048576,tcp,veh-001,61,1048576,1048612,true,1786974625355849071,1786974643297039422,17938.461283,1.021461,4010696788,validated compact application acknowledgment
raw-uplink-sender,1786974663058424560,edge4av-real-20260817-airspan-tdd-raw-uplink-pending-location-2-tcp-mqtt-run-1,uplink-tcp-payload-1048576,tcp,veh-001,62,1048576,1048612,true,1786974643497406226,1786974663058424560,19558.824215,3.534765,4010696788,validated compact application acknowledgment
raw-uplink-sender,1786974677296105665,edge4av-real-20260817-airspan-tdd-raw-uplink-pending-location-2-tcp-mqtt-run-1,uplink-tcp-payload-1048576,tcp,veh-001,63,1048576,1048612,true,1786974663258860161,1786974677296105665,14034.516716,3.288405,4010696788,validated compact application acknowledgment
raw-uplink-sender,1786974694443632689,edge4av-real-20260817-airspan-tdd-raw-uplink-pending-location-2-tcp-mqtt-run-1,uplink-tcp-payload-1048576,tcp,veh-001,64,1048576,1048612,true,1786974677496520708,1786974694443632689,16944.385147,1.432930,4010696788,validated compact application acknowledgment
raw-uplink-sender,1786974707863482279,edge4av-real-20260817-airspan-tdd-raw-uplink-pending-location-2-tcp-mqtt-run-1,uplink-tcp-payload-1048576,tcp,veh-001,65,1048576,1048612,true,1786974694644046690,1786974707863482279,13216.733288,3.793542,4010696788,validated compact application acknowledgment
raw-uplink-sender,1786974727398612545,edge4av-real-20260817-airspan-tdd-raw-uplink-pending-location-2-tcp-mqtt-run-1,uplink-tcp-payload-1048576,tcp,veh-001,66,1048576,1048612,true,1786974708063939670,1786974727398612545,19331.905382,3.291443,4010696788,validated compact application acknowledgment
raw-uplink-sender,1786974745222367374,edge4av-real-20260817-airspan-tdd-raw-uplink-pending-location-2-tcp-mqtt-run-1,uplink-tcp-payload-1048576,tcp,veh-001,67,1048576,1048612,true,1786974727599033763,1786974745222367374,17620.610934,4.146931,4010696788,validated compact application acknowledgment
raw-uplink-sender,1786974761561797420,edge4av-real-20260817-airspan-tdd-raw-uplink-pending-location-2-tcp-mqtt-run-1,uplink-tcp-payload-1048576,tcp,veh-001,68,1048576,1048612,true,1786974745422796197,1786974761561797420,16136.269073,3.277511,4010696788,validated compact application acknowledgment
raw-uplink-sender,1786974777422495803,edge4av-real-20260817-airspan-tdd-raw-uplink-pending-location-2-tcp-mqtt-run-1,uplink-tcp-payload-1048576,tcp,veh-001,69,1048576,1048612,true,1786974761762188686,1786974777422495803,15657.586646,3.522835,4010696788,validated compact application acknowledgment
raw-uplink-sender,1786974793597362808,edge4av-real-20260817-airspan-tdd-raw-uplink-pending-location-2-tcp-mqtt-run-1,uplink-tcp-payload-1048576,tcp,veh-001,70,1048576,1048612,true,1786974777622834729,1786974793597362808,15973.059574,3.783517,4010696788,validated compact application acknowledgment
raw-uplink-sender,1786974810838258737,edge4av-real-20260817-airspan-tdd-raw-uplink-pending-location-2-tcp-mqtt-run-1,uplink-tcp-payload-1048576,tcp,veh-001,71,1048576,1048612,true,1786974793797774176,1786974810838258737,17037.756373,3.270724,4010696788,validated compact application acknowledgment
raw-uplink-sender,1786974826034668460,edge4av-real-20260817-airspan-tdd-raw-uplink-pending-location-2-tcp-mqtt-run-1,uplink-tcp-payload-1048576,tcp,veh-001,72,1048576,1048612,true,1786974811038673577,1786974826034668460,14993.271314,3.290973,4010696788,validated compact application acknowledgment
raw-uplink-sender,1786974841759315163,edge4av-real-20260817-airspan-tdd-raw-uplink-pending-location-2-tcp-mqtt-run-1,uplink-tcp-payload-1048576,tcp,veh-001,73,1048576,1048612,true,1786974826235070452,1786974841759315163,15521.505683,3.295164,4010696788,validated compact application acknowledgment
raw-uplink-sender,1786974860285965638,edge4av-real-20260817-airspan-tdd-raw-uplink-pending-location-2-tcp-mqtt-run-1,uplink-tcp-payload-1048576,tcp,veh-001,74,1048576,1048612,true,1786974841959744634,1786974860285965638,18323.512756,1.086603,4010696788,validated compact application acknowledgment
raw-uplink-sender,1786974874488122160,edge4av-real-20260817-airspan-tdd-raw-uplink-pending-location-2-tcp-mqtt-run-1,uplink-tcp-payload-1048576,tcp,veh-001,75,1048576,1048612,true,1786974860486385456,1786974874488122160,13999.003307,1.422794,4010696788,validated compact application acknowledgment
raw-uplink-sender,1786974891616664946,edge4av-real-20260817-airspan-tdd-raw-uplink-pending-location-2-tcp-mqtt-run-1,uplink-tcp-payload-1048576,tcp,veh-001,76,1048576,1048612,true,1786974874688527662,1786974891616664946,16926.654508,3.281054,4010696788,validated compact application acknowledgment
raw-uplink-sender,1786974910210953212,edge4av-real-20260817-airspan-tdd-raw-uplink-pending-location-2-tcp-mqtt-run-1,uplink-tcp-payload-1048576,tcp,veh-001,77,1048576,1048612,true,1786974891817086595,1786974910210953212,18391.159160,1.330137,4010696788,validated compact application acknowledgment
raw-uplink-sender,1786974928299582786,edge4av-real-20260817-airspan-tdd-raw-uplink-pending-location-2-tcp-mqtt-run-1,uplink-tcp-payload-1048576,tcp,veh-001,78,1048576,1048612,true,1786974910411387362,1786974928299582786,17885.437865,1.244886,4010696788,validated compact application acknowledgment
raw-uplink-sender,1786974945377695879,edge4av-real-20260817-airspan-tdd-raw-uplink-pending-location-2-tcp-mqtt-run-1,uplink-tcp-payload-1048576,tcp,veh-001,79,1048576,1048612,true,1786974928499994686,1786974945377695879,16874.965935,3.294931,4010696788,validated compact application acknowledgment
raw-uplink-sender,1786974964614338340,edge4av-real-20260817-airspan-tdd-raw-uplink-pending-location-2-tcp-mqtt-run-1,uplink-tcp-payload-1048576,tcp,veh-001,80,1048576,1048612,true,1786974945578123635,1786974964614338340,19033.467379,3.286206,4010696788,validated compact application acknowledgment
raw-uplink-sender,1786974990081289873,edge4av-real-20260817-airspan-tdd-raw-uplink-pending-location-2-tcp-mqtt-run-1,uplink-tcp-payload-1048576,tcp,veh-001,81,1048576,1048612,true,1786974964814762925,1786974990081289873,25263.821555,3.277219,4010696788,validated compact application acknowledgment
raw-uplink-sender,1786975010537634707,edge4av-real-20260817-airspan-tdd-raw-uplink-pending-location-2-tcp-mqtt-run-1,uplink-tcp-payload-1048576,tcp,veh-001,82,1048576,1048612,true,1786974990281684473,1786975010537634707,20253.311770,3.273008,4010696788,validated compact application acknowledgment
raw-uplink-sender,1786975030569818258,edge4av-real-20260817-airspan-tdd-raw-uplink-pending-location-2-tcp-mqtt-run-1,uplink-tcp-payload-1048576,tcp,veh-001,83,1048576,1048612,true,1786975010738057072,1786975030569818258,19829.396054,3.274067,4010696788,validated compact application acknowledgment
raw-uplink-sender,1786975049557880619,edge4av-real-20260817-airspan-tdd-raw-uplink-pending-location-2-tcp-mqtt-run-1,uplink-tcp-payload-1048576,tcp,veh-001,84,1048576,1048612,true,1786975030770234354,1786975049557880619,18784.893488,1.670136,4010696788,validated compact application acknowledgment
raw-uplink-sender,1786975066661510169,edge4av-real-20260817-airspan-tdd-raw-uplink-pending-location-2-tcp-mqtt-run-1,uplink-tcp-payload-1048576,tcp,veh-001,85,1048576,1048612,true,1786975049758297822,1786975066661510169,16900.448085,1.649964,4010696788,validated compact application acknowledgment
raw-uplink-sender,1786975086263631537,edge4av-real-20260817-airspan-tdd-raw-uplink-pending-location-2-tcp-mqtt-run-1,uplink-tcp-payload-1048576,tcp,veh-001,86,1048576,1048612,true,1786975066861947370,1786975086263631537,19398.942680,3.290028,4010696788,validated compact application acknowledgment
raw-uplink-sender,1786975105553296740,edge4av-real-20260817-airspan-tdd-raw-uplink-pending-location-2-tcp-mqtt-run-1,uplink-tcp-payload-1048576,tcp,veh-001,87,1048576,1048612,true,1786975086464052559,1786975105553296740,19086.529113,3.252694,4010696788,validated compact application acknowledgment
raw-uplink-sender,1786975124331045910,edge4av-real-20260817-airspan-tdd-raw-uplink-pending-location-2-tcp-mqtt-run-1,uplink-tcp-payload-1048576,tcp,veh-001,88,1048576,1048612,true,1786975105753688504,1786975124331045910,18574.626814,3.298158,4010696788,validated compact application acknowledgment
raw-uplink-sender,1786975143983316163,edge4av-real-20260817-airspan-tdd-raw-uplink-pending-location-2-tcp-mqtt-run-1,uplink-tcp-payload-1048576,tcp,veh-001,89,1048576,1048612,true,1786975124531446935,1786975143983316163,19449.159810,2.237827,4010696788,validated compact application acknowledgment
raw-uplink-sender,1786975162890606123,edge4av-real-20260817-airspan-tdd-raw-uplink-pending-location-2-tcp-mqtt-run-1,uplink-tcp-payload-1048576,tcp,veh-001,90,1048576,1048612,true,1786975144183729931,1786975162890606123,18704.169717,3.298375,4010696788,validated compact application acknowledgment
raw-uplink-sender,1786975181564062819,edge4av-real-20260817-airspan-tdd-raw-uplink-pending-location-2-tcp-mqtt-run-1,uplink-tcp-payload-1048576,tcp,veh-001,91,1048576,1048612,true,1786975163090996096,1786975181564062819,18470.333680,1.823299,4010696788,validated compact application acknowledgment
raw-uplink-sender,1786975200215593521,edge4av-real-20260817-airspan-tdd-raw-uplink-pending-location-2-tcp-mqtt-run-1,uplink-tcp-payload-1048576,tcp,veh-001,92,1048576,1048612,true,1786975181764452698,1786975200215593521,18449.427094,1.762316,4010696788,validated compact application acknowledgment
raw-uplink-sender,1786975220711192124,edge4av-real-20260817-airspan-tdd-raw-uplink-pending-location-2-tcp-mqtt-run-1,uplink-tcp-payload-1048576,tcp,veh-001,93,1048576,1048612,true,1786975200416011286,1786975220711192124,20292.455214,2.702743,4010696788,validated compact application acknowledgment
raw-uplink-sender,1786975236470126765,edge4av-real-20260817-airspan-tdd-raw-uplink-pending-location-2-tcp-mqtt-run-1,uplink-tcp-payload-1048576,tcp,veh-001,94,1048576,1048612,true,1786975220911607825,1786975236470126765,15555.823503,1.395804,4010696788,validated compact application acknowledgment
raw-uplink-sender,1786975251817323633,edge4av-real-20260817-airspan-tdd-raw-uplink-pending-location-2-tcp-mqtt-run-1,uplink-tcp-payload-1048576,tcp,veh-001,95,1048576,1048612,true,1786975236670524176,1786975251817323633,15144.061266,3.279870,4010696788,validated compact application acknowledgment
raw-uplink-sender,1786975270678603362,edge4av-real-20260817-airspan-tdd-raw-uplink-pending-location-2-tcp-mqtt-run-1,uplink-tcp-payload-1048576,tcp,veh-001,96,1048576,1048612,true,1786975252017725980,1786975270678603362,18658.153099,3.299843,4010696788,validated compact application acknowledgment
raw-uplink-sender,1786975287683839731,edge4av-real-20260817-airspan-tdd-raw-uplink-pending-location-2-tcp-mqtt-run-1,uplink-tcp-payload-1048576,tcp,veh-001,97,1048576,1048612,true,1786975270879042713,1786975287683839731,16802.044870,3.518697,4010696788,validated compact application acknowledgment
raw-uplink-sender,1786975307103183522,edge4av-real-20260817-airspan-tdd-raw-uplink-pending-location-2-tcp-mqtt-run-1,uplink-tcp-payload-1048576,tcp,veh-001,98,1048576,1048612,true,1786975287884249995,1786975307103183522,19216.190060,1.435324,4010696788,validated compact application acknowledgment
raw-uplink-sender,1786975327248259765,edge4av-real-20260817-airspan-tdd-raw-uplink-pending-location-2-tcp-mqtt-run-1,uplink-tcp-payload-1048576,tcp,veh-001,99,1048576,1048612,true,1786975307303631674,1786975327248259765,19941.912857,1.419495,4010696788,validated compact application acknowledgment
raw-uplink-sender,1786975349773643730,edge4av-real-20260817-airspan-tdd-raw-uplink-pending-location-2-tcp-mqtt-run-1,uplink-tcp-payload-1048576,tcp,veh-001,100,1048576,1048612,true,1786975327448632210,1786975349773643730,22322.293265,3.518514,4010696788,validated compact application acknowledgment
raw-uplink-sender,1786975372086864107,edge4av-real-20260817-airspan-tdd-raw-uplink-pending-location-2-tcp-mqtt-run-1,uplink-tcp-payload-1048576,tcp,veh-001,101,1048576,1048612,true,1786975349974064881,1786975372086864107,22110.064326,3.353209,4010696788,validated compact application acknowledgment
raw-uplink-sender,1786975390680234555,edge4av-real-20260817-airspan-tdd-raw-uplink-pending-location-2-tcp-mqtt-run-1,uplink-tcp-payload-1048576,tcp,veh-001,102,1048576,1048612,true,1786975372287312568,1786975390680234555,18390.197358,3.772787,4010696788,validated compact application acknowledgment
raw-uplink-sender,1786975410171162827,edge4av-real-20260817-airspan-tdd-raw-uplink-pending-location-2-tcp-mqtt-run-1,uplink-tcp-payload-1048576,tcp,veh-001,103,1048576,1048612,true,1786975390880614376,1786975410171162827,19287.840560,3.280215,4010696788,validated compact application acknowledgment
raw-uplink-sender,1786975429098252571,edge4av-real-20260817-airspan-tdd-raw-uplink-pending-location-2-tcp-mqtt-run-1,uplink-tcp-payload-1048576,tcp,veh-001,104,1048576,1048612,true,1786975410371612919,1786975429098252571,18723.935051,0.849558,4010696788,validated compact application acknowledgment
raw-uplink-sender,1786975444797120103,edge4av-real-20260817-airspan-tdd-raw-uplink-pending-location-2-tcp-mqtt-run-1,uplink-tcp-payload-1048576,tcp,veh-001,105,1048576,1048612,true,1786975429298680617,1786975444797120103,15495.704868,3.273992,4010696788,validated compact application acknowledgment
raw-uplink-sender,1786975461325767457,edge4av-real-20260817-airspan-tdd-raw-uplink-pending-location-2-tcp-mqtt-run-1,uplink-tcp-payload-1048576,tcp,veh-001,106,1048576,1048612,true,1786975444997543952,1786975461325767457,16325.453737,3.304900,4010696788,validated compact application acknowledgment
raw-uplink-sender,1786975480286683317,edge4av-real-20260817-airspan-tdd-raw-uplink-pending-location-2-tcp-mqtt-run-1,uplink-tcp-payload-1048576,tcp,veh-001,107,1048576,1048612,true,1786975461526150166,1786975480286683317,18757.795355,3.304146,4010696788,validated compact application acknowledgment
raw-uplink-sender,1786975497117683391,edge4av-real-20260817-airspan-tdd-raw-uplink-pending-location-2-tcp-mqtt-run-1,uplink-tcp-payload-1048576,tcp,veh-001,108,1048576,1048612,true,1786975480487091343,1786975497117683391,16627.889489,2.372825,4010696788,validated compact application acknowledgment
raw-uplink-sender,1786975515360345075,edge4av-real-20260817-airspan-tdd-raw-uplink-pending-location-2-tcp-mqtt-run-1,uplink-tcp-payload-1048576,tcp,veh-001,109,1048576,1048612,true,1786975497318093416,1786975515360345075,18039.514286,3.519886,4010696788,validated compact application acknowledgment
raw-uplink-sender,1786975532771087915,edge4av-real-20260817-airspan-tdd-raw-uplink-pending-location-2-tcp-mqtt-run-1,uplink-tcp-payload-1048576,tcp,veh-001,110,1048576,1048612,true,1786975515560749720,1786975532771087915,17207.613407,3.342261,4010696788,validated compact application acknowledgment
raw-uplink-sender,1786975549635807653,edge4av-real-20260817-airspan-tdd-raw-uplink-pending-location-2-tcp-mqtt-run-1,uplink-tcp-payload-1048576,tcp,veh-001,111,1048576,1048612,true,1786975532971546080,1786975549635807653,16661.511593,1.049891,4010696788,validated compact application acknowledgment
raw-uplink-sender,1786975567510547678,edge4av-real-20260817-airspan-tdd-raw-uplink-pending-location-2-tcp-mqtt-run-1,uplink-tcp-payload-1048576,tcp,veh-001,112,1048576,1048612,true,1786975549836216760,1786975567510547678,17671.593755,3.420926,4010696788,validated compact application acknowledgment
raw-uplink-sender,1786975585329058380,edge4av-real-20260817-airspan-tdd-raw-uplink-pending-location-2-tcp-mqtt-run-1,uplink-tcp-payload-1048576,tcp,veh-001,113,1048576,1048612,true,1786975567710956090,1786975585329058380,17615.360949,3.278419,4010696788,validated compact application acknowledgment
raw-uplink-sender,1786975600793832047,edge4av-real-20260817-airspan-tdd-raw-uplink-pending-location-2-tcp-mqtt-run-1,uplink-tcp-payload-1048576,tcp,veh-001,114,1048576,1048612,true,1786975585529450459,1786975600793832047,15261.641471,0.937232,4010696788,validated compact application acknowledgment
raw-uplink-sender,1786975618736762875,edge4av-real-20260817-airspan-tdd-raw-uplink-pending-location-2-tcp-mqtt-run-1,uplink-tcp-payload-1048576,tcp,veh-001,115,1048576,1048612,true,1786975600994245360,1786975618736762875,17739.791361,2.810480,4010696788,validated compact application acknowledgment
raw-uplink-sender,1786975639379302377,edge4av-real-20260817-airspan-tdd-raw-uplink-pending-location-2-tcp-mqtt-run-1,uplink-tcp-payload-1048576,tcp,veh-001,116,1048576,1048612,true,1786975618937177129,1786975639379302377,20439.385174,3.288065,4010696788,validated compact application acknowledgment
raw-uplink-sender,1786975656977918609,edge4av-real-20260817-airspan-tdd-raw-uplink-pending-location-2-tcp-mqtt-run-1,uplink-tcp-payload-1048576,tcp,veh-001,117,1048576,1048612,true,1786975639579628144,1786975656977918609,17395.589063,1.973254,4010696788,validated compact application acknowledgment
raw-uplink-sender,1786975674138488955,edge4av-real-20260817-airspan-tdd-raw-uplink-pending-location-2-tcp-mqtt-run-1,uplink-tcp-payload-1048576,tcp,veh-001,118,1048576,1048612,true,1786975657178306218,1786975674138488955,16958.582395,3.288802,4010696788,validated compact application acknowledgment
raw-uplink-sender,1786975690212787727,edge4av-real-20260817-airspan-tdd-raw-uplink-pending-location-2-tcp-mqtt-run-1,uplink-tcp-payload-1048576,tcp,veh-001,119,1048576,1048612,true,1786975674338891403,1786975690212787727,15872.222181,2.278970,4010696788,validated compact application acknowledgment
raw-uplink-sender,1786975706315635986,edge4av-real-20260817-airspan-tdd-raw-uplink-pending-location-2-tcp-mqtt-run-1,uplink-tcp-payload-1048576,tcp,veh-001,120,1048576,1048612,true,1786975690413210437,1786975706315635986,15899.687597,3.280172,4010696788,validated compact application acknowledgment
raw-uplink-sender,1786975723728114671,edge4av-real-20260817-airspan-tdd-raw-uplink-pending-location-2-tcp-mqtt-run-1,uplink-tcp-payload-1048576,tcp,veh-001,121,1048576,1048612,true,1786975706516050059,1786975723728114671,17209.336586,3.285854,4010696788,validated compact application acknowledgment
raw-uplink-sender,1786975736646462313,edge4av-real-20260817-airspan-tdd-raw-uplink-pending-location-2-tcp-mqtt-run-1,uplink-tcp-payload-1048576,tcp,veh-001,122,1048576,1048612,true,1786975723928537696,1786975736646462313,12715.211214,1.703471,4010696788,validated compact application acknowledgment
raw-uplink-sender,1786975750872316802,edge4av-real-20260817-airspan-tdd-raw-uplink-pending-location-2-tcp-mqtt-run-1,uplink-tcp-payload-1048576,tcp,veh-001,123,1048576,1048612,true,1786975736846909557,1786975750872316802,14022.633275,3.313184,4010696788,validated compact application acknowledgment
raw-uplink-sender,1786975767943292721,edge4av-real-20260817-airspan-tdd-raw-uplink-pending-location-2-tcp-mqtt-run-1,uplink-tcp-payload-1048576,tcp,veh-001,124,1048576,1048612,true,1786975751072603325,1786975767943292721,16867.980593,1.269823,4010696788,validated compact application acknowledgment
raw-uplink-sender,1786975783841713988,edge4av-real-20260817-airspan-tdd-raw-uplink-pending-location-2-tcp-mqtt-run-1,uplink-tcp-payload-1048576,tcp,veh-001,125,1048576,1048612,true,1786975768143704391,1786975783841713988,15695.284312,3.277262,4010696788,validated compact application acknowledgment
raw-uplink-sender,1786975802586421359,edge4av-real-20260817-airspan-tdd-raw-uplink-pending-location-2-tcp-mqtt-run-1,uplink-tcp-payload-1048576,tcp,veh-001,126,1048576,1048612,true,1786975784042132408,1786975802586421359,18541.578926,3.184852,4010696788,validated compact application acknowledgment
raw-uplink-sender,1786975820344879840,edge4av-real-20260817-airspan-tdd-raw-uplink-pending-location-2-tcp-mqtt-run-1,uplink-tcp-payload-1048576,tcp,veh-001,127,1048576,1048612,true,1786975802786898979,1786975820344879840,17555.250471,3.521345,4010696788,validated compact application acknowledgment
raw-uplink-sender,1786975836383236592,edge4av-real-20260817-airspan-tdd-raw-uplink-pending-location-2-tcp-mqtt-run-1,uplink-tcp-payload-1048576,tcp,veh-001,128,1048576,1048612,true,1786975820545257036,1786975836383236592,15835.245938,3.310471,4010696788,validated compact application acknowledgment
raw-uplink-sender,1786975854605821636,edge4av-real-20260817-airspan-tdd-raw-uplink-pending-location-2-tcp-mqtt-run-1,uplink-tcp-payload-1048576,tcp,veh-001,129,1048576,1048612,true,1786975836583644717,1786975854605821636,18019.433436,1.760073,4010696788,validated compact application acknowledgment
raw-uplink-sender,1786975871251960560,edge4av-real-20260817-airspan-tdd-raw-uplink-pending-location-2-tcp-mqtt-run-1,uplink-tcp-payload-1048576,tcp,veh-001,130,1048576,1048612,true,1786975854806239222,1786975871251960560,16442.681886,3.250866,4010696788,validated compact application acknowledgment
raw-uplink-sender,1786975890184347425,edge4av-real-20260817-airspan-tdd-raw-uplink-pending-location-2-tcp-mqtt-run-1,uplink-tcp-payload-1048576,tcp,veh-001,131,1048576,1048612,true,1786975871452379907,1786975890184347425,18729.224386,3.282567,4010696788,validated compact application acknowledgment
raw-uplink-sender,1786975908006811561,edge4av-real-20260817-airspan-tdd-raw-uplink-pending-location-2-tcp-mqtt-run-1,uplink-tcp-payload-1048576,tcp,veh-001,132,1048576,1048612,true,1786975890384766178,1786975908006811561,17619.363605,3.940137,4010696788,validated compact application acknowledgment
raw-uplink-sender,1786975926241421805,edge4av-real-20260817-airspan-tdd-raw-uplink-pending-location-2-tcp-mqtt-run-1,uplink-tcp-payload-1048576,tcp,veh-001,133,1048576,1048612,true,1786975908207233294,1786975926241421805,18031.450544,3.382085,4010696788,validated compact application acknowledgment
raw-uplink-sender,1786975942237794569,edge4av-real-20260817-airspan-tdd-raw-uplink-pending-location-2-tcp-mqtt-run-1,uplink-tcp-payload-1048576,tcp,veh-001,134,1048576,1048612,true,1786975926441918982,1786975942237794569,15793.140170,1.245143,4010696788,validated compact application acknowledgment
raw-uplink-sender,1786975959984113898,edge4av-real-20260817-airspan-tdd-raw-uplink-pending-location-2-tcp-mqtt-run-1,uplink-tcp-payload-1048576,tcp,veh-001,135,1048576,1048612,true,1786975942438201400,1786975959984113898,17544.349805,3.073938,4010696788,validated compact application acknowledgment
raw-uplink-sender,1786975977670491072,edge4av-real-20260817-airspan-tdd-raw-uplink-pending-location-2-tcp-mqtt-run-1,uplink-tcp-payload-1048576,tcp,veh-001,136,1048576,1048612,true,1786975960184527422,1786975977670491072,17483.214810,3.347234,4010696788,validated compact application acknowledgment
raw-uplink-sender,1786975995742964570,edge4av-real-20260817-airspan-tdd-raw-uplink-pending-location-2-tcp-mqtt-run-1,uplink-tcp-payload-1048576,tcp,veh-001,137,1048576,1048612,true,1786975977870936595,1786975995742964570,17869.299457,2.267391,4010696788,validated compact application acknowledgment
raw-uplink-sender,1786976014013202658,edge4av-real-20260817-airspan-tdd-raw-uplink-pending-location-2-tcp-mqtt-run-1,uplink-tcp-payload-1048576,tcp,veh-001,138,1048576,1048612,true,1786975995943397962,1786976014013202658,18067.064552,3.307011,4010696788,validated compact application acknowledgment
raw-uplink-sender,1786976033147318146,edge4av-real-20260817-airspan-tdd-raw-uplink-pending-location-2-tcp-mqtt-run-1,uplink-tcp-payload-1048576,tcp,veh-001,139,1048576,1048612,true,1786976014213607864,1786976033147318146,18930.971906,2.898642,4010696788,validated compact application acknowledgment
raw-uplink-sender,1786976053350441614,edge4av-real-20260817-airspan-tdd-raw-uplink-pending-location-2-tcp-mqtt-run-1,uplink-tcp-payload-1048576,tcp,veh-001,140,1048576,1048612,true,1786976033347746212,1786976053350441614,20000.956924,1.438150,4010696788,validated compact application acknowledgment
raw-uplink-sender,1786976070216225254,edge4av-real-20260817-airspan-tdd-raw-uplink-pending-location-2-tcp-mqtt-run-1,uplink-tcp-payload-1048576,tcp,veh-001,141,1048576,1048612,true,1786976053550883392,1786976070216225254,16662.613653,2.322540,4010696788,validated compact application acknowledgment
raw-uplink-sender,1786976086980486588,edge4av-real-20260817-airspan-tdd-raw-uplink-pending-location-2-tcp-mqtt-run-1,uplink-tcp-payload-1048576,tcp,veh-001,142,1048576,1048612,true,1786976070416642633,1786976086980486588,16561.113611,3.299286,4010696788,validated compact application acknowledgment
raw-uplink-sender,1786976105558858308,edge4av-real-20260817-airspan-tdd-raw-uplink-pending-location-2-tcp-mqtt-run-1,uplink-tcp-payload-1048576,tcp,veh-001,143,1048576,1048612,true,1786976087180913607,1786976105558858308,18375.225630,1.035757,4010696788,validated compact application acknowledgment
raw-uplink-sender,1786976123339075288,edge4av-real-20260817-airspan-tdd-raw-uplink-pending-location-2-tcp-mqtt-run-1,uplink-tcp-payload-1048576,tcp,veh-001,144,1048576,1048612,true,1786976105759269326,1786976123339075288,17578.235420,3.292593,4010696788,validated compact application acknowledgment
raw-uplink-sender,1786976142415402337,edge4av-real-20260817-airspan-tdd-raw-uplink-pending-location-2-tcp-mqtt-run-1,uplink-tcp-payload-1048576,tcp,veh-001,145,1048576,1048612,true,1786976123539478074,1786976142415402337,18873.220558,3.261454,4010696788,validated compact application acknowledgment
raw-uplink-sender,1786976161525656749,edge4av-real-20260817-airspan-tdd-raw-uplink-pending-location-2-tcp-mqtt-run-1,uplink-tcp-payload-1048576,tcp,veh-001,146,1048576,1048612,true,1786976142615763682,1786976161525656749,18908.308616,3.282930,4010696788,validated compact application acknowledgment
raw-uplink-sender,1786976177974105836,edge4av-real-20260817-airspan-tdd-raw-uplink-pending-location-2-tcp-mqtt-run-1,uplink-tcp-payload-1048576,tcp,veh-001,147,1048576,1048612,true,1786976161726056182,1786976177974105836,16245.328440,3.281626,4010696788,validated compact application acknowledgment
raw-uplink-sender,1786976192580006527,edge4av-real-20260817-airspan-tdd-raw-uplink-pending-location-2-tcp-mqtt-run-1,uplink-tcp-payload-1048576,tcp,veh-001,148,1048576,1048612,true,1786976178174515222,1786976192580006527,14402.759929,3.294598,4010696788,validated compact application acknowledgment
raw-uplink-sender,1786976208574259377,edge4av-real-20260817-airspan-tdd-raw-uplink-pending-location-2-tcp-mqtt-run-1,uplink-tcp-payload-1048576,tcp,veh-001,149,1048576,1048612,true,1786976192780385549,1786976208574259377,15791.133988,2.096170,4010696788,validated compact application acknowledgment
raw-uplink-sender,1786976221392677827,edge4av-real-20260817-airspan-tdd-raw-uplink-pending-location-2-tcp-mqtt-run-1,uplink-tcp-payload-1048576,tcp,veh-001,150,1048576,1048612,true,1786976208774650380,1786976221392677827,12615.300238,3.509316,4010696788,validated compact application acknowledgment
raw-uplink-sender,1786976236182785931,edge4av-real-20260817-airspan-tdd-raw-uplink-pending-location-2-tcp-mqtt-run-1,uplink-tcp-payload-1048576,tcp,veh-001,151,1048576,1048612,true,1786976221593084105,1786976236182785931,14587.786900,3.321933,4010696788,validated compact application acknowledgment
raw-uplink-sender,1786976251272962639,edge4av-real-20260817-airspan-tdd-raw-uplink-pending-location-2-tcp-mqtt-run-1,uplink-tcp-payload-1048576,tcp,veh-001,152,1048576,1048612,true,1786976236383183664,1786976251272962639,14887.082829,3.518987,4010696788,validated compact application acknowledgment
raw-uplink-sender,1786976270221451841,edge4av-real-20260817-airspan-tdd-raw-uplink-pending-location-2-tcp-mqtt-run-1,uplink-tcp-payload-1048576,tcp,veh-001,153,1048576,1048612,true,1786976251473380398,1786976270221451841,18745.324290,1.761871,4010696788,validated compact application acknowledgment
raw-uplink-sender,1786976285755398497,edge4av-real-20260817-airspan-tdd-raw-uplink-pending-location-2-tcp-mqtt-run-1,uplink-tcp-payload-1048576,tcp,veh-001,154,1048576,1048612,true,1786976270421904780,1786976285755398497,15330.735967,3.280128,4010696788,validated compact application acknowledgment
raw-uplink-sender,1786976300633639725,edge4av-real-20260817-airspan-tdd-raw-uplink-pending-location-2-tcp-mqtt-run-1,uplink-tcp-payload-1048576,tcp,veh-001,155,1048576,1048612,true,1786976285955620702,1786976300633639725,14675.314561,3.296592,4010696788,validated compact application acknowledgment
raw-uplink-sender,1786976316645720095,edge4av-real-20260817-airspan-tdd-raw-uplink-pending-location-2-tcp-mqtt-run-1,uplink-tcp-payload-1048576,tcp,veh-001,156,1048576,1048612,true,1786976300834072115,1786976316645720095,15808.870251,3.254198,4010696788,validated compact application acknowledgment
raw-uplink-sender,1786976331015941166,edge4av-real-20260817-airspan-tdd-raw-uplink-pending-location-2-tcp-mqtt-run-1,uplink-tcp-payload-1048576,tcp,veh-001,157,1048576,1048612,true,1786976316846109904,1786976331015941166,14168.300580,3.272147,4010696788,validated compact application acknowledgment
raw-uplink-sender,1786976350018401260,edge4av-real-20260817-airspan-tdd-raw-uplink-pending-location-2-tcp-mqtt-run-1,uplink-tcp-payload-1048576,tcp,veh-001,158,1048576,1048612,true,1786976331216352603,1786976350018401260,18799.308558,3.303545,4010696788,validated compact application acknowledgment
raw-uplink-sender,1786976367714448575,edge4av-real-20260817-airspan-tdd-raw-uplink-pending-location-2-tcp-mqtt-run-1,uplink-tcp-payload-1048576,tcp,veh-001,159,1048576,1048612,true,1786976350218637998,1786976367714448575,17493.127888,3.283984,4010696788,validated compact application acknowledgment
raw-uplink-sender,1786976384076354408,edge4av-real-20260817-airspan-tdd-raw-uplink-pending-location-2-tcp-mqtt-run-1,uplink-tcp-payload-1048576,tcp,veh-001,160,1048576,1048612,true,1786976367914899942,1786976384076354408,16158.722185,3.361009,4010696788,validated compact application acknowledgment
raw-uplink-sender,1786976403070794945,edge4av-real-20260817-airspan-tdd-raw-uplink-pending-location-2-tcp-mqtt-run-1,uplink-tcp-payload-1048576,tcp,veh-001,161,1048576,1048612,true,1786976384276773281,1786976403070794945,18791.305640,1.424010,4010696788,validated compact application acknowledgment
raw-uplink-sender,1786976422208862950,edge4av-real-20260817-airspan-tdd-raw-uplink-pending-location-2-tcp-mqtt-run-1,uplink-tcp-payload-1048576,tcp,veh-001,162,1048576,1048612,true,1786976403271192824,1786976422208862950,18934.940652,1.138019,4010696788,validated compact application acknowledgment
raw-uplink-sender,1786976437957185183,edge4av-real-20260817-airspan-tdd-raw-uplink-pending-location-2-tcp-mqtt-run-1,uplink-tcp-payload-1048576,tcp,veh-001,163,1048576,1048612,true,1786976422409285561,1786976437957185183,15545.172390,1.983436,4010696788,validated compact application acknowledgment
raw-uplink-sender,1786976453497339237,edge4av-real-20260817-airspan-tdd-raw-uplink-pending-location-2-tcp-mqtt-run-1,uplink-tcp-payload-1048576,tcp,veh-001,164,1048576,1048612,true,1786976438157621348,1786976453497339237,15337.006650,1.243227,4010696788,validated compact application acknowledgment
raw-uplink-sender,1786976470117395862,edge4av-real-20260817-airspan-tdd-raw-uplink-pending-location-2-tcp-mqtt-run-1,uplink-tcp-payload-1048576,tcp,veh-001,165,1048576,1048612,true,1786976453697748573,1786976470117395862,16416.902287,3.283890,4010696788,validated compact application acknowledgment
raw-uplink-sender,1786976485979681431,edge4av-real-20260817-airspan-tdd-raw-uplink-pending-location-2-tcp-mqtt-run-1,uplink-tcp-payload-1048576,tcp,veh-001,166,1048576,1048612,true,1786976470317868003,1786976485979681431,15659.086827,3.278373,4010696788,validated compact application acknowledgment
raw-uplink-sender,1786976503071760705,edge4av-real-20260817-airspan-tdd-raw-uplink-pending-location-2-tcp-mqtt-run-1,uplink-tcp-payload-1048576,tcp,veh-001,167,1048576,1048612,true,1786976486180090107,1786976503071760705,16888.928724,3.283989,4010696788,validated compact application acknowledgment
raw-uplink-sender,1786976517902129032,edge4av-real-20260817-airspan-tdd-raw-uplink-pending-location-2-tcp-mqtt-run-1,uplink-tcp-payload-1048576,tcp,veh-001,168,1048576,1048612,true,1786976503272197560,1786976517902129032,14627.236645,3.315706,4010696788,validated compact application acknowledgment
raw-uplink-sender,1786976535542059136,edge4av-real-20260817-airspan-tdd-raw-uplink-pending-location-2-tcp-mqtt-run-1,uplink-tcp-payload-1048576,tcp,veh-001,169,1048576,1048612,true,1786976518102536339,1786976535542059136,17436.773584,3.639470,4010696788,validated compact application acknowledgment
raw-uplink-sender,1786976550972103201,edge4av-real-20260817-airspan-tdd-raw-uplink-pending-location-2-tcp-mqtt-run-1,uplink-tcp-payload-1048576,tcp,veh-001,170,1048576,1048612,true,1786976535742456901,1786976550972103201,15227.945859,3.313747,4010696788,validated compact application acknowledgment
raw-uplink-sender,1786976570816357488,edge4av-real-20260817-airspan-tdd-raw-uplink-pending-location-2-tcp-mqtt-run-1,uplink-tcp-payload-1048576,tcp,veh-001,171,1048576,1048612,true,1786976551172500156,1786976570816357488,19641.115070,3.585614,4010696788,validated compact application acknowledgment
raw-uplink-sender,1786976590742645647,edge4av-real-20260817-airspan-tdd-raw-uplink-pending-location-2-tcp-mqtt-run-1,uplink-tcp-payload-1048576,tcp,veh-001,172,1048576,1048612,true,1786976571016778451,1786976590742645647,19723.139375,3.296065,4010696788,validated compact application acknowledgment
raw-uplink-sender,1786976609028916704,edge4av-real-20260817-airspan-tdd-raw-uplink-pending-location-2-tcp-mqtt-run-1,uplink-tcp-payload-1048576,tcp,veh-001,173,1048576,1048612,true,1786976590943072775,1786976609028916704,18084.333714,3.309899,4010696788,validated compact application acknowledgment
raw-uplink-sender,1786976625852978295,edge4av-real-20260817-airspan-tdd-raw-uplink-pending-location-2-tcp-mqtt-run-1,uplink-tcp-payload-1048576,tcp,veh-001,174,1048576,1048612,true,1786976609229329578,1786976625852978295,16620.906943,3.398429,4010696788,validated compact application acknowledgment
raw-uplink-sender,1786976644069136877,edge4av-real-20260817-airspan-tdd-raw-uplink-pending-location-2-tcp-mqtt-run-1,uplink-tcp-payload-1048576,tcp,veh-001,175,1048576,1048612,true,1786976626053391212,1786976644069136877,18013.020212,3.271115,4010696788,validated compact application acknowledgment
raw-uplink-sender,1786976660877223606,edge4av-real-20260817-airspan-tdd-raw-uplink-pending-location-2-tcp-mqtt-run-1,uplink-tcp-payload-1048576,tcp,veh-001,176,1048576,1048612,true,1786976644269578749,1786976660877223606,16604.948778,3.294514,4010696788,validated compact application acknowledgment
raw-uplink-sender,1786976676703376899,edge4av-real-20260817-airspan-tdd-raw-uplink-pending-location-2-tcp-mqtt-run-1,uplink-tcp-payload-1048576,tcp,veh-001,177,1048576,1048612,true,1786976661077645159,1786976676703376899,15622.997865,3.281813,4010696788,validated compact application acknowledgment
raw-uplink-sender,1786976691905519014,edge4av-real-20260817-airspan-tdd-raw-uplink-pending-location-2-tcp-mqtt-run-1,uplink-tcp-payload-1048576,tcp,veh-001,178,1048576,1048612,true,1786976676903811632,1786976691905519014,14998.988951,1.583131,4010696788,validated compact application acknowledgment
raw-uplink-sender,1786976711405698685,edge4av-real-20260817-airspan-tdd-raw-uplink-pending-location-2-tcp-mqtt-run-1,uplink-tcp-payload-1048576,tcp,veh-001,179,1048576,1048612,true,1786976692106001403,1786976711405698685,19296.971660,3.281228,4010696788,validated compact application acknowledgment
raw-uplink-sender,1786976725679741080,edge4av-real-20260817-airspan-tdd-raw-uplink-pending-location-2-tcp-mqtt-run-1,uplink-tcp-payload-1048576,tcp,veh-001,180,1048576,1048612,true,1786976711606105527,1786976725679741080,14072.218661,2.700592,4010696788,validated compact application acknowledgment
raw-uplink-sender,1786976747480006493,edge4av-real-20260817-airspan-tdd-raw-uplink-pending-location-2-tcp-mqtt-run-1,uplink-tcp-payload-1048576,tcp,veh-001,181,1048576,1048612,true,1786976725880174037,1786976747480006493,21597.064371,3.288358,4010696788,validated compact application acknowledgment
raw-uplink-sender,1786976765498047049,edge4av-real-20260817-airspan-tdd-raw-uplink-pending-location-2-tcp-mqtt-run-1,uplink-tcp-payload-1048576,tcp,veh-001,182,1048576,1048612,true,1786976747680432399,1786976765498047049,17814.878153,1.206646,4010696788,validated compact application acknowledgment
raw-uplink-sender,1786976781556259754,edge4av-real-20260817-airspan-tdd-raw-uplink-pending-location-2-tcp-mqtt-run-1,uplink-tcp-payload-1048576,tcp,veh-001,183,1048576,1048612,true,1786976765698401673,1786976781556259754,15855.117341,3.396109,4010696788,validated compact application acknowledgment
raw-uplink-sender,1786976801398174673,edge4av-real-20260817-airspan-tdd-raw-uplink-pending-location-2-tcp-mqtt-run-1,uplink-tcp-payload-1048576,tcp,veh-001,184,1048576,1048612,true,1786976781756680778,1786976801398174673,19639.968906,3.317963,4010696788,validated compact application acknowledgment
raw-uplink-sender,1786976817028311253,edge4av-real-20260817-airspan-tdd-raw-uplink-pending-location-2-tcp-mqtt-run-1,uplink-tcp-payload-1048576,tcp,veh-001,185,1048576,1048612,true,1786976801598594148,1786976817028311253,15427.010745,0.913263,4010696788,validated compact application acknowledgment
raw-uplink-sender,1786976833376867260,edge4av-real-20260817-airspan-tdd-raw-uplink-pending-location-2-tcp-mqtt-run-1,uplink-tcp-payload-1048576,tcp,veh-001,186,1048576,1048612,true,1786976817228733928,1786976833376867260,16145.407056,3.290445,4010696788,validated compact application acknowledgment
raw-uplink-sender,1786976852757264155,edge4av-real-20260817-airspan-tdd-raw-uplink-pending-location-2-tcp-mqtt-run-1,uplink-tcp-payload-1048576,tcp,veh-001,187,1048576,1048612,true,1786976833577288392,1786976852757264155,19177.214171,1.991590,4010696788,validated compact application acknowledgment
raw-uplink-sender,1786976867797708014,edge4av-real-20260817-airspan-tdd-raw-uplink-pending-location-2-tcp-mqtt-run-1,uplink-tcp-payload-1048576,tcp,veh-001,188,1048576,1048612,true,1786976852957690110,1786976867797708014,14837.297659,3.255467,4010696788,validated compact application acknowledgment
raw-uplink-sender,1786976885913869894,edge4av-real-20260817-airspan-tdd-raw-uplink-pending-location-2-tcp-mqtt-run-1,uplink-tcp-payload-1048576,tcp,veh-001,189,1048576,1048612,true,1786976867998140167,1786976885913869894,17913.001728,0.896434,4010696788,validated compact application acknowledgment
raw-uplink-sender,1786976900378224441,edge4av-real-20260817-airspan-tdd-raw-uplink-pending-location-2-tcp-mqtt-run-1,uplink-tcp-payload-1048576,tcp,veh-001,190,1048576,1048612,true,1786976886114244045,1786976900378224441,14262.433228,3.299827,4010696788,validated compact application acknowledgment
raw-uplink-sender,1786976916064849849,edge4av-real-20260817-airspan-tdd-raw-uplink-pending-location-2-tcp-mqtt-run-1,uplink-tcp-payload-1048576,tcp,veh-001,191,1048576,1048612,true,1786976900578616855,1786976916064849849,15483.529027,1.760400,4010696788,validated compact application acknowledgment
raw-uplink-sender,1786976931253034229,edge4av-real-20260817-airspan-tdd-raw-uplink-pending-location-2-tcp-mqtt-run-1,uplink-tcp-payload-1048576,tcp,veh-001,192,1048576,1048612,true,1786976916265250011,1786976931253034229,14985.030387,2.769787,4010696788,validated compact application acknowledgment
raw-uplink-sender,1786976948253380090,edge4av-real-20260817-airspan-tdd-raw-uplink-pending-location-2-tcp-mqtt-run-1,uplink-tcp-payload-1048576,tcp,veh-001,193,1048576,1048612,true,1786976931453429533,1786976948253380090,16797.175310,2.535838,4010696788,validated compact application acknowledgment
raw-uplink-sender,1786976963755197772,edge4av-real-20260817-airspan-tdd-raw-uplink-pending-location-2-tcp-mqtt-run-1,uplink-tcp-payload-1048576,tcp,veh-001,194,1048576,1048612,true,1786976948453776061,1786976963755197772,15298.680720,3.306480,4010696788,validated compact application acknowledgment
raw-uplink-sender,1786976980528242933,edge4av-real-20260817-airspan-tdd-raw-uplink-pending-location-2-tcp-mqtt-run-1,uplink-tcp-payload-1048576,tcp,veh-001,195,1048576,1048612,true,1786976963955641649,1786976980528242933,16569.849673,0.836413,4010696788,validated compact application acknowledgment
raw-uplink-sender,1786976998158404340,edge4av-real-20260817-airspan-tdd-raw-uplink-pending-location-2-tcp-mqtt-run-1,uplink-tcp-payload-1048576,tcp,veh-001,196,1048576,1048612,true,1786976980728637926,1786976998158404340,17427.033993,3.291298,4010696788,validated compact application acknowledgment
raw-uplink-sender,1786977014378520633,edge4av-real-20260817-airspan-tdd-raw-uplink-pending-location-2-tcp-mqtt-run-1,uplink-tcp-payload-1048576,tcp,veh-001,197,1048576,1048612,true,1786976998358816061,1786977014378520633,16016.997403,3.340198,4010696788,validated compact application acknowledgment
raw-uplink-sender,1786977028542866934,edge4av-real-20260817-airspan-tdd-raw-uplink-pending-location-2-tcp-mqtt-run-1,uplink-tcp-payload-1048576,tcp,veh-001,198,1048576,1048612,true,1786977014578962512,1786977028542866934,13961.147739,1.136144,4010696788,validated compact application acknowledgment
raw-uplink-sender,1786977045199268068,edge4av-real-20260817-airspan-tdd-raw-uplink-pending-location-2-tcp-mqtt-run-1,uplink-tcp-payload-1048576,tcp,veh-001,199,1048576,1048612,true,1786977028743257295,1786977045199268068,16454.493486,3.346101,4010696788,validated compact application acknowledgment
raw-uplink-sender,1786977061439651378,edge4av-real-20260817-airspan-tdd-raw-uplink-pending-location-2-tcp-mqtt-run-1,uplink-tcp-payload-1048576,tcp,veh-001,200,1048576,1048612,true,1786977045399703731,1786977061439651378,16038.214276,3.258026,4010696788,validated compact application acknowledgment
raw-uplink-sender,1786977077990093446,edge4av-real-20260817-airspan-tdd-raw-uplink-pending-location-2-tcp-mqtt-run-1,uplink-tcp-payload-1048576,tcp,veh-001,201,1048576,1048612,true,1786977061640055032,1786977077990093446,16347.325293,3.276725,4010696788,validated compact application acknowledgment
raw-uplink-sender,1786977095350188666,edge4av-real-20260817-airspan-tdd-raw-uplink-pending-location-2-tcp-mqtt-run-1,uplink-tcp-payload-1048576,tcp,veh-001,202,1048576,1048612,true,1786977078190515117,1786977095350188666,17156.935644,3.273972,4010696788,validated compact application acknowledgment
raw-uplink-sender,1786977110600402979,edge4av-real-20260817-airspan-tdd-raw-uplink-pending-location-2-tcp-mqtt-run-1,uplink-tcp-payload-1048576,tcp,veh-001,203,1048576,1048612,true,1786977095550613558,1786977110600402979,15047.096446,0.927288,4010696788,validated compact application acknowledgment
raw-uplink-sender,1786977129484781410,edge4av-real-20260817-airspan-tdd-raw-uplink-pending-location-2-tcp-mqtt-run-1,uplink-tcp-payload-1048576,tcp,veh-001,204,1048576,1048612,true,1786977110800603497,1786977129484781410,18682.670875,0.828757,4010696788,validated compact application acknowledgment
raw-uplink-sender,1786977146163114475,edge4av-real-20260817-airspan-tdd-raw-uplink-pending-location-2-tcp-mqtt-run-1,uplink-tcp-payload-1048576,tcp,veh-001,205,1048576,1048612,true,1786977129685219827,1786977146163114475,16475.174893,2.482418,4010696788,validated compact application acknowledgment
raw-uplink-sender,1786977166965259953,edge4av-real-20260817-airspan-tdd-raw-uplink-pending-location-2-tcp-mqtt-run-1,uplink-tcp-payload-1048576,tcp,veh-001,206,1048576,1048612,true,1786977146363536137,1786977166965259953,20598.966491,3.321679,4010696788,validated compact application acknowledgment
raw-uplink-sender,1786977184385636565,edge4av-real-20260817-airspan-tdd-raw-uplink-pending-location-2-tcp-mqtt-run-1,uplink-tcp-payload-1048576,tcp,veh-001,207,1048576,1048612,true,1786977167165684846,1786977184385636565,17217.244381,3.280076,4010696788,validated compact application acknowledgment
raw-uplink-sender,1786977200068197762,edge4av-real-20260817-airspan-tdd-raw-uplink-pending-location-2-tcp-mqtt-run-1,uplink-tcp-payload-1048576,tcp,veh-001,208,1048576,1048612,true,1786977184586037227,1786977200068197762,15479.403238,1.177057,4010696788,validated compact application acknowledgment
raw-uplink-sender,1786977215802021702,edge4av-real-20260817-airspan-tdd-raw-uplink-pending-location-2-tcp-mqtt-run-1,uplink-tcp-payload-1048576,tcp,veh-001,209,1048576,1048612,true,1786977200268668721,1786977215802021702,15530.648520,3.528609,4010696788,validated compact application acknowledgment
raw-uplink-sender,1786977231456388403,edge4av-real-20260817-airspan-tdd-raw-uplink-pending-location-2-tcp-mqtt-run-1,uplink-tcp-payload-1048576,tcp,veh-001,210,1048576,1048612,true,1786977216002449158,1786977231456388403,15451.199690,3.323743,4010696788,validated compact application acknowledgment
raw-uplink-sender,1786977248186650917,edge4av-real-20260817-airspan-tdd-raw-uplink-pending-location-2-tcp-mqtt-run-1,uplink-tcp-payload-1048576,tcp,veh-001,211,1048576,1048612,true,1786977231656805572,1786977248186650917,16527.123585,3.301822,4010696788,validated compact application acknowledgment
raw-uplink-sender,1786977265422692554,edge4av-real-20260817-airspan-tdd-raw-uplink-pending-location-2-tcp-mqtt-run-1,uplink-tcp-payload-1048576,tcp,veh-001,212,1048576,1048612,true,1786977248388302086,1786977265422692554,17031.655740,3.341430,4010696788,validated compact application acknowledgment
raw-uplink-sender,1786977283553000061,edge4av-real-20260817-airspan-tdd-raw-uplink-pending-location-2-tcp-mqtt-run-1,uplink-tcp-payload-1048576,tcp,veh-001,213,1048576,1048612,true,1786977265623102858,1786977283553000061,17927.164615,3.283591,4010696788,validated compact application acknowledgment
raw-uplink-sender,1786977296693211068,edge4av-real-20260817-airspan-tdd-raw-uplink-pending-location-2-tcp-mqtt-run-1,uplink-tcp-payload-1048576,tcp,veh-001,214,1048576,1048612,true,1786977283753384688,1786977296693211068,12937.067687,3.292696,4010696788,validated compact application acknowledgment
raw-uplink-sender,1786977311949424151,edge4av-real-20260817-airspan-tdd-raw-uplink-pending-location-2-tcp-mqtt-run-1,uplink-tcp-payload-1048576,tcp,veh-001,215,1048576,1048612,true,1786977296893649642,1786977311949424151,15053.050962,3.285697,4010696788,validated compact application acknowledgment
raw-uplink-sender,1786977328157621509,edge4av-real-20260817-airspan-tdd-raw-uplink-pending-location-2-tcp-mqtt-run-1,uplink-tcp-payload-1048576,tcp,veh-001,216,1048576,1048612,true,1786977312149857339,1786977328157621509,16005.034437,3.249118,4010696788,validated compact application acknowledgment
raw-uplink-sender,1786977346348157050,edge4av-real-20260817-airspan-tdd-raw-uplink-pending-location-2-tcp-mqtt-run-1,uplink-tcp-payload-1048576,tcp,veh-001,217,1048576,1048612,true,1786977328358044608,1786977346348157050,17987.395372,3.319701,4010696788,validated compact application acknowledgment
raw-uplink-sender,1786977361111996667,edge4av-real-20260817-airspan-tdd-raw-uplink-pending-location-2-tcp-mqtt-run-1,uplink-tcp-payload-1048576,tcp,veh-001,218,1048576,1048612,true,1786977346548596273,1786977361111996667,14560.694032,3.296334,4010696788,validated compact application acknowledgment
raw-uplink-sender,1786977376068267040,edge4av-real-20260817-airspan-tdd-raw-uplink-pending-location-2-tcp-mqtt-run-1,uplink-tcp-payload-1048576,tcp,veh-001,219,1048576,1048612,true,1786977361312403778,1786977376068267040,14753.133358,0.936840,4010696788,validated compact application acknowledgment
raw-uplink-sender,1786977396978597205,edge4av-real-20260817-airspan-tdd-raw-uplink-pending-location-2-tcp-mqtt-run-1,uplink-tcp-payload-1048576,tcp,veh-001,220,1048576,1048612,true,1786977376268728161,1786977396978597205,20707.153920,3.307536,4010696788,validated compact application acknowledgment
raw-uplink-sender,1786977411042838471,edge4av-real-20260817-airspan-tdd-raw-uplink-pending-location-2-tcp-mqtt-run-1,uplink-tcp-payload-1048576,tcp,veh-001,221,1048576,1048612,true,1786977397179018264,1786977411042838471,13861.046223,0.966818,4010696788,validated compact application acknowledgment
raw-uplink-sender,1786977424693087841,edge4av-real-20260817-airspan-tdd-raw-uplink-pending-location-2-tcp-mqtt-run-1,uplink-tcp-payload-1048576,tcp,veh-001,222,1048576,1048612,true,1786977411243240419,1786977424693087841,13447.114585,3.303704,4010696788,validated compact application acknowledgment
raw-uplink-sender,1786977439614938001,edge4av-real-20260817-airspan-tdd-raw-uplink-pending-location-2-tcp-mqtt-run-1,uplink-tcp-payload-1048576,tcp,veh-001,223,1048576,1048612,true,1786977424893506847,1786977439614938001,14718.694151,3.561864,4010696788,validated compact application acknowledgment
raw-uplink-sender,1786977454791108571,edge4av-real-20260817-airspan-tdd-raw-uplink-pending-location-2-tcp-mqtt-run-1,uplink-tcp-payload-1048576,tcp,veh-001,224,1048576,1048612,true,1786977439815330706,1786977454791108571,14973.054401,1.038938,4010696788,validated compact application acknowledgment
raw-uplink-sender,1786977470769451970,edge4av-real-20260817-airspan-tdd-raw-uplink-pending-location-2-tcp-mqtt-run-1,uplink-tcp-payload-1048576,tcp,veh-001,225,1048576,1048612,true,1786977454991498080,1786977470769451970,15775.213658,3.278090,4010696788,validated compact application acknowledgment
raw-uplink-sender,1786977484873546824,edge4av-real-20260817-airspan-tdd-raw-uplink-pending-location-2-tcp-mqtt-run-1,uplink-tcp-payload-1048576,tcp,veh-001,226,1048576,1048612,true,1786977470969889623,1786977484873546824,13902.055990,3.247622,4010696788,validated compact application acknowledgment
raw-uplink-sender,1786977500639962307,edge4av-real-20260817-airspan-tdd-raw-uplink-pending-location-2-tcp-mqtt-run-1,uplink-tcp-payload-1048576,tcp,veh-001,227,1048576,1048612,true,1786977485073934653,1786977500639962307,15563.308727,3.291426,4010696788,validated compact application acknowledgment
