event	condition	repetition	transport	placement	bin_start	bin_end	timestamp	status
planned	C1	1	tcp	outside	2026-08-06T09:05:00-04:00	2026-08-06T09:10:00-04:00	2026-08-06T09:01:03-04:00	planned
completed	C1	1	tcp	outside	2026-08-06T09:05:00-04:00	2026-08-06T09:10:00-04:00	2026-08-06T09:08:04-04:00	passed
planned	C1	1	mqtt	outside	2026-08-06T09:10:00-04:00	2026-08-06T09:15:00-04:00	2026-08-06T09:08:04-04:00	planned
completed	C1	1	mqtt	outside	2026-08-06T09:10:00-04:00	2026-08-06T09:15:00-04:00	2026-08-06T09:12:16-04:00	passed
planned	C1	1	udp	outside	2026-08-06T09:15:00-04:00	2026-08-06T09:20:00-04:00	2026-08-06T09:12:16-04:00	planned
completed	C1	1	udp	outside	2026-08-06T09:15:00-04:00	2026-08-06T09:20:00-04:00	2026-08-06T09:17:14-04:00	passed
planned	C1	2	udp	outside	2026-08-06T09:20:00-04:00	2026-08-06T09:25:00-04:00	2026-08-06T09:17:14-04:00	planned
completed	C1	2	udp	outside	2026-08-06T09:20:00-04:00	2026-08-06T09:25:00-04:00	2026-08-06T09:22:13-04:00	passed
planned	C1	2	mqtt	outside	2026-08-06T09:25:00-04:00	2026-08-06T09:30:00-04:00	2026-08-06T09:22:13-04:00	planned
completed	C1	2	mqtt	outside	2026-08-06T09:25:00-04:00	2026-08-06T09:30:00-04:00	2026-08-06T09:27:17-04:00	passed
planned	C1	2	tcp	outside	2026-08-06T09:30:00-04:00	2026-08-06T09:35:00-04:00	2026-08-06T09:27:17-04:00	planned
completed	C1	2	tcp	outside	2026-08-06T09:30:00-04:00	2026-08-06T09:35:00-04:00	2026-08-06T09:33:04-04:00	passed
planned	C2	1	tcp	outside	2026-08-06T09:35:00-04:00	2026-08-06T09:40:00-04:00	2026-08-06T09:33:04-04:00	planned
completed	C2	1	tcp	outside	2026-08-06T09:35:00-04:00	2026-08-06T09:40:00-04:00	2026-08-06T09:37:41-04:00	passed
planned	C2	1	mqtt	outside	2026-08-06T09:40:00-04:00	2026-08-06T09:45:00-04:00	2026-08-06T09:37:41-04:00	planned
completed	C2	1	mqtt	outside	2026-08-06T09:40:00-04:00	2026-08-06T09:45:00-04:00	2026-08-06T09:42:27-04:00	passed
planned	C2	1	udp	outside	2026-08-06T09:45:00-04:00	2026-08-06T09:50:00-04:00	2026-08-06T09:42:27-04:00	planned
completed	C2	1	udp	outside	2026-08-06T09:45:00-04:00	2026-08-06T09:50:00-04:00	2026-08-06T09:47:25-04:00	passed
planned	C2	2	udp	outside	2026-08-06T09:50:00-04:00	2026-08-06T09:55:00-04:00	2026-08-06T09:47:25-04:00	planned
completed	C2	2	udp	outside	2026-08-06T09:50:00-04:00	2026-08-06T09:55:00-04:00	2026-08-06T09:52:25-04:00	passed
planned	C2	2	mqtt	outside	2026-08-06T09:55:00-04:00	2026-08-06T10:00:00-04:00	2026-08-06T09:52:25-04:00	planned
completed	C2	2	mqtt	outside	2026-08-06T09:55:00-04:00	2026-08-06T10:00:00-04:00	2026-08-06T09:57:28-04:00	passed
planned	C2	2	tcp	outside	2026-08-06T10:00:00-04:00	2026-08-06T10:05:00-04:00	2026-08-06T09:57:28-04:00	planned
completed	C2	2	tcp	outside	2026-08-06T10:00:00-04:00	2026-08-06T10:05:00-04:00	2026-08-06T10:02:41-04:00	passed
planned	C3	1	tcp	outside	2026-08-06T10:05:00-04:00	2026-08-06T10:10:00-04:00	2026-08-06T10:02:41-04:00	planned
completed	C3	1	tcp	outside	2026-08-06T10:05:00-04:00	2026-08-06T10:10:00-04:00	2026-08-06T10:09:44-04:00	rc_1
planned	C3	1	tcp	outside	2026-08-06T10:15:00-04:00	2026-08-06T10:20:00-04:00	2026-08-06T10:11:11-04:00	planned
completed	C3	1	tcp	outside	2026-08-06T10:15:00-04:00	2026-08-06T10:20:00-04:00	2026-08-06T10:19:50-04:00	passed
planned	C3	1	mqtt	outside	2026-08-06T10:25:00-04:00	2026-08-06T10:30:00-04:00	2026-08-06T10:19:50-04:00	planned
completed	C3	1	mqtt	outside	2026-08-06T10:25:00-04:00	2026-08-06T10:30:00-04:00	2026-08-06T10:28:15-04:00	rc_2
resumed	C3	1	tcp	outside	2026-08-06T10:15:00-04:00	2026-08-06T10:20:00-04:00	2026-08-06T10:30:03-04:00	skipped_valid
planned	C3	1	mqtt	outside	2026-08-06T10:35:00-04:00	2026-08-06T10:40:00-04:00	2026-08-06T10:30:03-04:00	planned
completed	C3	1	mqtt	outside	2026-08-06T10:35:00-04:00	2026-08-06T10:40:00-04:00	2026-08-06T10:39:53-04:00	passed
planned	C3	1	udp	outside	2026-08-06T10:45:00-04:00	2026-08-06T10:50:00-04:00	2026-08-06T10:39:53-04:00	planned
completed	C3	1	udp	outside	2026-08-06T10:45:00-04:00	2026-08-06T10:50:00-04:00	2026-08-06T10:49:53-04:00	passed
planned	C3	2	udp	outside	2026-08-06T10:55:00-04:00	2026-08-06T11:00:00-04:00	2026-08-06T10:49:53-04:00	planned
completed	C3	2	udp	outside	2026-08-06T10:55:00-04:00	2026-08-06T11:00:00-04:00	2026-08-06T10:59:53-04:00	passed
planned	C3	2	mqtt	outside	2026-08-06T11:05:00-04:00	2026-08-06T11:10:00-04:00	2026-08-06T10:59:53-04:00	planned
completed	C3	2	mqtt	outside	2026-08-06T11:05:00-04:00	2026-08-06T11:10:00-04:00	2026-08-06T11:09:52-04:00	passed
planned	C3	2	tcp	outside	2026-08-06T11:15:00-04:00	2026-08-06T11:20:00-04:00	2026-08-06T11:09:52-04:00	planned
completed	C3	2	tcp	outside	2026-08-06T11:15:00-04:00	2026-08-06T11:20:00-04:00	2026-08-06T11:19:50-04:00	rc_1
resumed	C3	1	tcp	outside	2026-08-06T10:15:00-04:00	2026-08-06T10:20:00-04:00	2026-08-06T11:20:34-04:00	skipped_valid
resumed	C3	1	mqtt	outside	2026-08-06T10:35:00-04:00	2026-08-06T10:40:00-04:00	2026-08-06T11:20:34-04:00	skipped_valid
resumed	C3	1	udp	outside	2026-08-06T10:45:00-04:00	2026-08-06T10:50:00-04:00	2026-08-06T11:20:34-04:00	skipped_valid
resumed	C3	2	udp	outside	2026-08-06T10:55:00-04:00	2026-08-06T11:00:00-04:00	2026-08-06T11:20:35-04:00	skipped_valid
resumed	C3	2	mqtt	outside	2026-08-06T11:05:00-04:00	2026-08-06T11:10:00-04:00	2026-08-06T11:20:35-04:00	skipped_valid
planned	C3	2	tcp	outside	2026-08-06T11:25:00-04:00	2026-08-06T11:30:00-04:00	2026-08-06T11:20:35-04:00	planned
completed	C3	2	tcp	outside	2026-08-06T11:25:00-04:00	2026-08-06T11:30:00-04:00	2026-08-06T11:29:53-04:00	passed
planned	C4	1	tcp	outside	2026-08-06T11:35:00-04:00	2026-08-06T11:40:00-04:00	2026-08-06T11:29:53-04:00	planned
completed	C4	1	tcp	outside	2026-08-06T11:35:00-04:00	2026-08-06T11:40:00-04:00	2026-08-06T11:39:06-04:00	passed
planned	C4	1	mqtt	outside	2026-08-06T11:45:00-04:00	2026-08-06T11:50:00-04:00	2026-08-06T11:39:06-04:00	planned
completed	C4	1	mqtt	outside	2026-08-06T11:45:00-04:00	2026-08-06T11:50:00-04:00	2026-08-06T11:48:22-04:00	passed
planned	C4	1	udp	outside	2026-08-06T11:50:00-04:00	2026-08-06T11:55:00-04:00	2026-08-06T11:48:22-04:00	planned
completed	C4	1	udp	outside	2026-08-06T11:50:00-04:00	2026-08-06T11:55:00-04:00	2026-08-06T11:53:38-04:00	passed
planned	C4	2	udp	outside	2026-08-06T11:55:00-04:00	2026-08-06T12:00:00-04:00	2026-08-06T11:53:38-04:00	planned
completed	C4	2	udp	outside	2026-08-06T11:55:00-04:00	2026-08-06T12:00:00-04:00	2026-08-06T11:58:49-04:00	passed
planned	C4	2	mqtt	outside	2026-08-06T12:05:00-04:00	2026-08-06T12:10:00-04:00	2026-08-06T11:58:49-04:00	planned
completed	C4	2	mqtt	outside	2026-08-06T12:05:00-04:00	2026-08-06T12:10:00-04:00	2026-08-06T12:08:29-04:00	passed
planned	C4	2	tcp	outside	2026-08-06T12:10:00-04:00	2026-08-06T12:15:00-04:00	2026-08-06T12:08:29-04:00	planned
completed	C4	2	tcp	outside	2026-08-06T12:10:00-04:00	2026-08-06T12:15:00-04:00	2026-08-06T12:14:09-04:00	passed
