condition,transport,application_payload_bytes,host_role,telemetry_rows,telemetry_elapsed_s,cpu_busy_pct,memory_used_pct_median,memory_used_pct_max,interface,network_tx_bytes_delta,network_rx_bytes_delta,network_tx_mbps,network_rx_mbps,network_tx_errors_delta,network_rx_errors_delta,network_tx_drops_delta,network_rx_drops_delta
tcp-payload-1024,tcp,1024,car,262,261.000036,3.746871,3.505973,3.529336,eno2,2354209,1835255,0.07216,0.056253,0,0,0,0
tcp-payload-1024,tcp,1024,edge,262,261.000058,11.304415,16.381316,16.781224,enp0s31f6,626900,1647885,0.019215,0.05051,0,0,0,0
tcp-payload-10240,tcp,10240,car,411,410.000053,7.929125,3.81487,3.969818,eno2,20437496,3211339,0.39878,0.06266,0,0,0,0
tcp-payload-10240,tcp,10240,edge,412,410.99975,10.647413,16.199041,17.818703,enp0s31f6,3905686,23336274,0.076023,0.454234,0,0,0,0
tcp-payload-102400,tcp,102400,car,1676,1675.000118,2.378571,3.830343,3.904719,eno2,128562985,7583863,0.614032,0.036221,0,0,0,0
tcp-payload-102400,tcp,102400,edge,1676,1675.000237,8.594837,15.519595,16.929928,enp0s31f6,7025162,112138208,0.033553,0.535585,0,0,0,0
tcp-payload-1048576,tcp,1048576,car,3971,3970.000228,2.015443,3.855509,4.065053,eno2,300843411,18028242,0.606234,0.036329,0,0,0,0
tcp-payload-1048576,tcp,1048576,edge,3971,3970.000074,8.175341,15.517453,16.425838,enp0s31f6,13503832,254911912,0.027212,0.513676,0,0,0,0
mqtt-payload-1024,mqtt,1024,car,266,265.000089,2.228541,3.836261,3.876602,eno2,2636218,745890,0.079584,0.022517,0,0,0,0
mqtt-payload-1024,mqtt,1024,edge,265,264.000241,8.468172,15.606852,15.783611,enp0s31f6,609965,1595809,0.018484,0.048358,0,0,0,0
mqtt-payload-10240,mqtt,10240,car,405,404.000067,1.411229,3.821007,3.857967,eno2,12806766,1322924,0.253599,0.026197,0,0,0,0
mqtt-payload-10240,mqtt,10240,edge,405,404.000349,9.294496,15.643058,17.299103,enp0s31f6,1944911,22618520,0.038513,0.447891,0,0,0,0
mqtt-payload-102400,mqtt,102400,car,1970,1969.000096,1.555535,3.821382,3.850696,eno2,128272005,7931704,0.521166,0.032226,0,0,0,0
mqtt-payload-102400,mqtt,102400,edge,1970,1969.000085,8.535852,15.660545,17.168849,enp0s31f6,7230870,112287001,0.029379,0.456219,0,0,0,0
mqtt-payload-1048576,mqtt,1048576,car,1776,1775.000033,1.354317,3.828558,3.850245,eno2,128511906,6882034,0.579209,0.031018,0,0,0,0
mqtt-payload-1048576,mqtt,1048576,edge,1776,1775.000327,8.239783,15.759919,16.039653,enp0s31f6,5569958,111857863,0.025104,0.504148,0,0,0,0
