condition,condition_validation_passed,transport,payload_label,application_payload_bytes,expected_payload_crc32,attempts,accepted,failed,receiver_rows,success_rate_pct,rtt_count,rtt_p50_ms,rtt_p95_ms,rtt_p99_ms,rtt_max_ms,server_processing_p50_ms,server_processing_p95_ms,server_processing_p99_ms,server_processing_max_ms,deadline_hits_100ms,deadline_misses_100ms,deadline_hit_rate_100ms_pct,deadline_hits_500ms,deadline_misses_500ms,deadline_hit_rate_500ms_pct,deadline_hits_1000ms,deadline_misses_1000ms,deadline_hit_rate_1000ms_pct,wire_request_bytes_min,wire_request_bytes_max,active_application_elapsed_s,accepted_application_bytes,application_goodput_mbps,car_interface_tx_mbps,edge_interface_rx_mbps,car_cpu_busy_pct,edge_cpu_busy_pct,car_memory_used_pct_max,edge_memory_used_pct_max,car_interface_error_drop_delta,edge_interface_error_drop_delta,workload_started_at,workload_finished_at
tcp-payload-1024,True,tcp,1 KiB,1024,2078597072,1000,1000,0,1000,100,1000,31.639252,41.720531,47.781194,91.669318,0.0413,0.056374,0.089493,0.265812,1000,0,100,1000,0,100,1000,0,100,1060,1060,233.366583,1024000,0.035104,0.237041,0.061661,7.418654,9.369035,3.807432,13.844678,0,0,2026-08-15T12:52:02-04:00,2026-08-15T12:55:55-04:00
tcp-payload-10240,True,tcp,10 KiB,10240,1941303505,1000,1000,0,1000,100,1000,39.596038,49.082212,53.815133,83.748418,0.070753,0.087106,0.11808,0.29291,1000,0,100,1000,0,100,1000,0,100,10276,10276,239.624559,10240000,0.341868,0.518288,0.380889,7.375871,8.721236,3.816943,13.89936,0,0,2026-08-15T12:56:02-04:00,2026-08-15T13:00:01-04:00
tcp-payload-102400,True,tcp,100 KiB,102400,1556205075,1000,1000,0,1000,100,1000,101.290165,111.503173,119.386325,151.801943,0.353742,0.421414,0.568253,0.825628,453,547,45.3,1000,0,100,1000,0,100,102436,102436,302.333279,102400000,2.709593,2.98565,2.847285,7.370133,8.750656,3.817754,13.817527,0,0,2026-08-15T13:00:07-04:00,2026-08-15T13:05:10-04:00
tcp-payload-1048576,True,tcp,"1,024 KiB",1048576,4010696788,1000,1000,0,1000,100,1000,770.485259,818.754334,878.971642,1580.884246,3.282897,3.574298,4.228964,5.614019,0,1000,0,0,1000,0,996,4,99.6,1048612,1048612,973.319399,1048576000,8.618556,9.209088,9.042327,7.340575,9.118137,3.830907,13.885875,0,0,2026-08-15T13:05:16-04:00,2026-08-15T13:21:29-04:00
tcp-payload-2097152,True,tcp,"2,048 KiB",2097152,2240685312,1000,1000,0,1000,100,1000,1500.455881,1584.061719,1628.937802,2263.904662,6.513921,10.90501,11.767712,12.77106,0,1000,0,0,1000,0,0,1000,0,2097188,2097188,1703.722806,2097152000,9.847386,10.477472,10.326414,7.524981,9.050693,4.208409,13.920312,0,0,2026-08-15T13:21:35-04:00,2026-08-15T13:49:59-04:00
mqtt-payload-1024,True,mqtt,1 KiB,1024,2078597072,1000,1000,0,1000,100,1000,29.981662,40.475514,44.538934,60.607589,0.033889,0.044458,0.058629,0.268285,1000,0,100,1000,0,100,1000,0,100,1125,1125,230.740534,1024000,0.035503,0.230629,0.05867,7.38758,9.09115,3.816804,13.810986,0,0,2026-08-15T13:50:09-04:00,2026-08-15T13:54:00-04:00
mqtt-payload-10240,True,mqtt,10 KiB,10240,1941303505,1000,1000,0,1000,100,1000,39.573025,50.22513,55.382583,83.142492,0.064815,0.079101,0.102226,0.277811,1000,0,100,1000,0,100,1000,0,100,10341,10341,240.883466,10240000,0.340081,0.507369,0.371176,7.201399,9.086283,3.820137,13.767117,0,0,2026-08-15T13:54:11-04:00,2026-08-15T13:58:12-04:00
mqtt-payload-102400,True,mqtt,100 KiB,102400,1556205075,1000,1000,0,1000,100,1000,99.472565,111.174176,127.307512,161.319692,0.344219,0.385851,0.481422,0.99086,526,474,52.6,1000,0,100,1000,0,100,102502,102502,301.66968,102400000,2.715553,2.953897,2.809459,7.22085,8.883645,3.81651,14.025208,0,0,2026-08-15T13:58:22-04:00,2026-08-15T14:03:24-04:00
mqtt-payload-1048576,True,mqtt,"1,024 KiB",1048576,4010696788,1000,1000,0,1000,100,1000,767.345378,810.504598,868.133395,1328.069036,3.273614,5.142714,5.749279,7.453868,0,1000,0,0,1000,0,996,4,99.6,1048678,1048678,970.989801,1048576000,8.639234,9.144022,9.019233,7.370965,9.048144,3.84098,14.050993,0,0,2026-08-15T14:03:34-04:00,2026-08-15T14:19:45-04:00
mqtt-payload-2097152,True,mqtt,"2,048 KiB",2097152,2240685312,1000,1000,0,1000,100,1000,1501.582885,1591.377491,1682.788399,1949.351952,6.477806,7.137756,7.665582,8.188119,0,1000,0,0,1000,0,0,1000,0,2097255,2097255,1708.449711,2097152000,9.82014,10.406538,10.275819,7.328925,9.029314,3.886338,14.98703,0,0,2026-08-15T14:19:55-04:00,2026-08-15T14:48:24-04:00
