sample_id,condition,repetition,transport,corrected_signal_class,physical_placement,payload_bytes,clients,offered_load_mbps,count_per_client,interval_ms,acp_bin_start,acp_bin_end,workload_started_at,workload_finished_at,application_sample_valid,attempts,accepted,failed,success_rate_pct,rtt_count,rtt_p50_ms,rtt_p95_ms,rtt_p99_ms,rtt_max_ms,deadline_hits_100ms,deadline_hit_rate_100ms_pct,deadline_hits_120ms,deadline_hit_rate_120ms_pct,deadline_hits_400ms,deadline_hit_rate_400ms_pct,deadline_hits_500ms,deadline_hit_rate_500ms_pct,deadline_hits_1000ms,deadline_hit_rate_1000ms_pct,deadline_hits_5000ms,deadline_hit_rate_5000ms_pct,load_report_present,load_target_mbps,load_report_mbps,load_report_bytes,load_report_elapsed_s,interface_tx_mbps,interface_tx_errors_delta,interface_tx_drops_delta,interface_rx_errors_delta,interface_rx_drops_delta,gnss_rows_in_workload,gnss_position_rows_in_workload,gnss_latitude_median_deg,gnss_longitude_median_deg
C1-rep1-tcp,C1,1,tcp,weak,mg52_on_trunk_floor_front_face_up_toward_sky,1024,1,0,500,200,2026-08-06T14:30:00-04:00,2026-08-06T14:35:00-04:00,2026-08-06T14:30:15-04:00,2026-08-06T14:33:00-04:00,True,500,500,0,100,500,126.609,151.791,239.905,379.793,3,0.6,150,30,500,100,500,100,500,100,500,100,False,,,,,0.170001064,0,0,0,0,36300,36300,39.663,-75.756
C1-rep1-mqtt,C1,1,mqtt,weak,mg52_on_trunk_floor_front_face_up_toward_sky,1024,1,0,500,200,2026-08-06T14:35:00-04:00,2026-08-06T14:40:00-04:00,2026-08-06T14:35:15-04:00,2026-08-06T14:37:12-04:00,True,500,500,0,100,500,32.415,44.461,79.187,156.273,496,99.2,499,99.8,500,100,500,100,500,100,500,100,False,,,,,0.167530195,0,0,0,0,25740,25740,39.663,-75.756
C1-rep1-udp,C1,1,udp,weak,mg52_on_trunk_floor_front_face_up_toward_sky,1024,1,0,500,200,2026-08-06T14:40:00-04:00,2026-08-06T14:45:00-04:00,2026-08-06T14:40:15-04:00,2026-08-06T14:42:12-04:00,True,500,500,0,100,500,31.957,45.151,61.847,149.612,497,99.4,497,99.4,500,100,500,100,500,100,500,100,False,,,,,0.164274045,0,0,0,0,25740,25740,39.663,-75.756
C1-rep2-tcp,C1,2,tcp,weak,mg52_on_trunk_floor_front_face_up_toward_sky,1024,1,0,500,200,2026-08-06T14:55:00-04:00,2026-08-06T15:00:00-04:00,2026-08-06T14:55:15-04:00,2026-08-06T14:57:59-04:00,True,500,500,0,100,500,126.831,149.864,175.73,401.748,2,0.4,132,26.4,499,99.8,500,100,500,100,500,100,False,,,,,0.158607342,0,0,0,0,36080,36080,39.663,-75.756
C1-rep2-mqtt,C1,2,mqtt,weak,mg52_on_trunk_floor_front_face_up_toward_sky,1024,1,0,500,200,2026-08-06T14:50:00-04:00,2026-08-06T14:55:00-04:00,2026-08-06T14:50:15-04:00,2026-08-06T14:52:12-04:00,True,500,500,0,100,500,32.711,46.947,83.856,171.77,495,99,496,99.2,500,100,500,100,500,100,500,100,False,,,,,0.170117013,0,0,0,0,25706,25706,39.663,-75.756
C1-rep2-udp,C1,2,udp,weak,mg52_on_trunk_floor_front_face_up_toward_sky,1024,1,0,500,200,2026-08-06T14:45:00-04:00,2026-08-06T14:50:00-04:00,2026-08-06T14:45:15-04:00,2026-08-06T14:47:12-04:00,True,500,500,0,100,500,31.076,43.342,59.67,161.744,498,99.6,498,99.6,500,100,500,100,500,100,500,100,False,,,,,0.163916595,0,0,0,0,25713,25713,39.663,-75.756
C2-rep1-tcp,C2,1,tcp,weak,mg52_on_trunk_floor_front_face_up_toward_sky,23968,1,0,500,200,2026-08-06T15:00:00-04:00,2026-08-06T15:05:00-04:00,2026-08-06T15:00:15-04:00,2026-08-06T15:03:11-04:00,True,500,500,0,100,500,150.074,179.814,235.952,413.349,0,0,17,3.4,499,99.8,500,100,500,100,500,100,False,,,,,0.701908008,0,0,0,0,38720,38720,39.663,-75.756
C2-rep1-mqtt,C2,1,mqtt,weak,mg52_on_trunk_floor_front_face_up_toward_sky,23968,1,0,500,200,2026-08-06T15:05:00-04:00,2026-08-06T15:10:00-04:00,2026-08-06T15:05:15-04:00,2026-08-06T15:08:01-04:00,True,500,500,0,100,500,125.478,165.698,235.217,604.803,22,4.4,177,35.4,497,99.4,498,99.6,500,100,500,100,False,,,,,0.741193704,0,0,0,0,36520,36520,39.663,-75.756
C2-rep1-udp,C2,1,udp,weak,mg52_on_trunk_floor_front_face_up_toward_sky,23968,1,0,500,200,2026-08-06T15:10:00-04:00,2026-08-06T15:15:00-04:00,2026-08-06T15:10:15-04:00,2026-08-06T15:13:11-04:00,True,500,497,3,99.4,497,120.181,142.309,153.687,160.248,28,5.6,235,47,497,99.4,497,99.4,497,99.4,497,99.4,False,,,,,0.700223696,0,0,0,0,38720,38720,39.663,-75.756
C2-rep2-tcp,C2,2,tcp,weak,mg52_on_trunk_floor_front_face_up_toward_sky,23968,1,0,500,200,2026-08-06T15:25:00-04:00,2026-08-06T15:30:00-04:00,2026-08-06T15:25:15-04:00,2026-08-06T15:28:15-04:00,True,500,500,0,100,500,156.752,191.334,235.638,702.358,0,0,4,0.8,497,99.4,497,99.4,500,100,500,100,False,,,,,0.693575938,0,0,0,0,39600,39600,39.663,-75.756
C2-rep2-mqtt,C2,2,mqtt,weak,mg52_on_trunk_floor_front_face_up_toward_sky,23968,1,0,500,200,2026-08-06T15:20:00-04:00,2026-08-06T15:25:00-04:00,2026-08-06T15:20:15-04:00,2026-08-06T15:23:01-04:00,True,500,500,0,100,500,129.611,161.761,251.977,643.926,22,4.4,167,33.4,498,99.6,499,99.8,500,100,500,100,False,,,,,0.741120579,0,0,0,0,36520,36520,39.663,-75.756
C2-rep2-udp,C2,2,udp,weak,mg52_on_trunk_floor_front_face_up_toward_sky,23968,1,0,500,200,2026-08-06T15:15:00-04:00,2026-08-06T15:20:00-04:00,2026-08-06T15:15:15-04:00,2026-08-06T15:18:12-04:00,True,500,497,3,99.4,497,122.388,149.729,169.242,180.546,22,4.4,188,37.6,497,99.4,497,99.4,497,99.4,497,99.4,False,,,,,0.695318247,0,0,0,0,38940,38940,39.663,-75.756
