sample_id,condition,repetition,transport,workload_started_at,workload_finished_at,gnss_rows_total,gnss_rows_in_workload,gnss_position_rows_in_workload,gnss_latitude_median_deg,gnss_longitude_median_deg,gnss_latitude_min_deg,gnss_latitude_max_deg,gnss_longitude_min_deg,gnss_longitude_max_deg
C1-rep1-tcp,C1,1,tcp,2026-08-06T14:30:15-04:00,2026-08-06T14:33:00-04:00,78413,36300,36300,39.663,-75.756,39.663,39.663,-75.756,-75.756
C1-rep1-mqtt,C1,1,mqtt,2026-08-06T14:35:15-04:00,2026-08-06T14:37:12-04:00,53606,25740,25740,39.663,-75.756,39.663,39.663,-75.756,-75.756
C1-rep1-udp,C1,1,udp,2026-08-06T14:40:15-04:00,2026-08-06T14:42:12-04:00,64046,25740,25740,39.663,-75.756,39.663,39.663,-75.756,-75.756
C1-rep2-tcp,C1,2,tcp,2026-08-06T14:55:15-04:00,2026-08-06T14:57:59-04:00,74251,36080,36080,39.663,-75.756,39.663,39.663,-75.756,-75.756
C1-rep2-mqtt,C1,2,mqtt,2026-08-06T14:50:15-04:00,2026-08-06T14:52:12-04:00,63990,25706,25706,39.663,-75.756,39.663,39.663,-75.756,-75.756
C1-rep2-udp,C1,2,udp,2026-08-06T14:45:15-04:00,2026-08-06T14:47:12-04:00,63941,25713,25713,39.663,-75.756,39.663,39.663,-75.756,-75.756
C2-rep1-tcp,C2,1,tcp,2026-08-06T15:00:15-04:00,2026-08-06T15:03:11-04:00,66736,38720,38720,39.663,-75.756,39.663,39.663,-75.756,-75.756
C2-rep1-mqtt,C2,1,mqtt,2026-08-06T15:05:15-04:00,2026-08-06T15:08:01-04:00,61640,36520,36520,39.663,-75.756,39.663,39.663,-75.756,-75.756
C2-rep1-udp,C2,1,udp,2026-08-06T15:10:15-04:00,2026-08-06T15:13:11-04:00,66305,38720,38720,39.663,-75.756,39.663,39.663,-75.756,-75.756
C2-rep2-tcp,C2,2,tcp,2026-08-06T15:25:15-04:00,2026-08-06T15:28:15-04:00,67174,39600,39600,39.663,-75.756,39.663,39.663,-75.756,-75.756
C2-rep2-mqtt,C2,2,mqtt,2026-08-06T15:20:15-04:00,2026-08-06T15:23:01-04:00,61525,36520,36520,39.663,-75.756,39.663,39.663,-75.756,-75.756
C2-rep2-udp,C2,2,udp,2026-08-06T15:15:15-04:00,2026-08-06T15:18:12-04:00,64092,38940,38940,39.663,-75.756,39.663,39.663,-75.756,-75.756
