sequence,payload_bytes,packet_bytes,success,rtt_ms,origin_send_mono_ns,reply_recv_mono_ns,responder_id,responder_recv_mono_ns,responder_send_mono_ns,detail
1,2048,2048,false,0.000000,17666571437939,0,,0,0,timeout
2,2048,2048,false,0.000000,17667672056510,0,,0,0,timeout
3,2048,2048,false,0.000000,17668772629788,0,,0,0,timeout
4,2048,2048,false,0.000000,17669873233927,0,,0,0,timeout
5,2048,2048,false,0.000000,17670973828192,0,,0,0,timeout
6,2048,2048,false,0.000000,17672074390483,0,,0,0,timeout
7,2048,2048,false,0.000000,17673174946604,0,,0,0,timeout
8,2048,2048,false,0.000000,17674275554109,0,,0,0,timeout
9,2048,2048,false,0.000000,17675376357125,0,,0,0,timeout
10,2048,2048,false,0.000000,17676477067474,0,,0,0,timeout
11,2048,2048,true,52.423164,17677577664701,17677630087865,rsu-exp01-sweep,20557121422618,20557121423118,ok
12,2048,2048,true,99.271075,17677730365429,17677829636504,rsu-exp01-sweep,20557269836017,20557269836392,ok
13,2048,2048,false,0.000000,17677929885940,0,,0,0,timeout
14,2048,2048,false,0.000000,17679030452611,0,,0,0,timeout
15,2048,2048,false,0.000000,17680131076282,0,,0,0,timeout
16,2048,2048,false,0.000000,17681231653966,0,,0,0,timeout
17,2048,2048,false,0.000000,17682332228530,0,,0,0,timeout
18,2048,2048,false,0.000000,17683432817599,0,,0,0,timeout
19,2048,2048,false,0.000000,17684533405584,0,,0,0,timeout
20,2048,2048,false,0.000000,17685633976261,0,,0,0,timeout
21,2048,2048,false,0.000000,17686734574924,0,,0,0,timeout
22,2048,2048,false,0.000000,17687835152684,0,,0,0,timeout
23,2048,2048,false,0.000000,17688935726968,0,,0,0,timeout
24,2048,2048,false,0.000000,17690036371251,0,,0,0,timeout
25,2048,2048,false,0.000000,17691136972097,0,,0,0,timeout
26,2048,2048,false,0.000000,17692237566506,0,,0,0,timeout
27,2048,2048,false,0.000000,17693338146927,0,,0,0,timeout
28,2048,2048,false,0.000000,17694438743000,0,,0,0,timeout
29,2048,2048,false,0.000000,17695539347203,0,,0,0,timeout
30,2048,2048,false,0.000000,17696639938283,0,,0,0,timeout
31,2048,2048,false,0.000000,17697740527739,0,,0,0,timeout
32,2048,2048,false,0.000000,17698841051590,0,,0,0,timeout
33,2048,2048,false,0.000000,17699941682954,0,,0,0,timeout
34,2048,2048,false,0.000000,17701042283916,0,,0,0,timeout
35,2048,2048,false,0.000000,17702142813022,0,,0,0,timeout
36,2048,2048,false,0.000000,17703243591133,0,,0,0,timeout
37,2048,2048,false,0.000000,17704344199233,0,,0,0,timeout
38,2048,2048,false,0.000000,17705444784206,0,,0,0,timeout
39,2048,2048,false,0.000000,17706545385807,0,,0,0,timeout
40,2048,2048,false,0.000000,17707646026368,0,,0,0,timeout
41,2048,2048,false,0.000000,17708746563538,0,,0,0,timeout
42,2048,2048,false,0.000000,17709847169091,0,,0,0,timeout
43,2048,2048,false,0.000000,17710947760642,0,,0,0,timeout
44,2048,2048,false,0.000000,17712048384447,0,,0,0,timeout
45,2048,2048,false,0.000000,17713148944619,0,,0,0,timeout
46,2048,2048,false,0.000000,17714249516296,0,,0,0,timeout
47,2048,2048,false,0.000000,17715350083277,0,,0,0,timeout
48,2048,2048,false,0.000000,17716450664384,0,,0,0,timeout
49,2048,2048,false,0.000000,17717551243617,0,,0,0,timeout
50,2048,2048,false,0.000000,17718651845601,0,,0,0,timeout
51,2048,2048,false,0.000000,17719752480589,0,,0,0,timeout
52,2048,2048,false,0.000000,17720853095450,0,,0,0,timeout
53,2048,2048,false,0.000000,17721953679433,0,,0,0,timeout
54,2048,2048,false,0.000000,17723054276042,0,,0,0,timeout
55,2048,2048,false,0.000000,17724154833254,0,,0,0,timeout
56,2048,2048,false,0.000000,17725255404480,0,,0,0,timeout
57,2048,2048,false,0.000000,17726355920200,0,,0,0,timeout
58,2048,2048,false,0.000000,17727456533930,0,,0,0,timeout
59,2048,2048,false,0.000000,17728557100906,0,,0,0,timeout
60,2048,2048,false,0.000000,17729657656505,0,,0,0,timeout
61,2048,2048,false,0.000000,17730758261860,0,,0,0,timeout
62,2048,2048,false,0.000000,17731858823085,0,,0,0,timeout
63,2048,2048,false,0.000000,17732959365308,0,,0,0,timeout
64,2048,2048,false,0.000000,17734059913031,0,,0,0,timeout
65,2048,2048,false,0.000000,17735160558140,0,,0,0,timeout
66,2048,2048,false,0.000000,17736261184656,0,,0,0,timeout
67,2048,2048,false,0.000000,17737361766774,0,,0,0,timeout
68,2048,2048,false,0.000000,17738462428525,0,,0,0,timeout
69,2048,2048,false,0.000000,17739563016018,0,,0,0,timeout
70,2048,2048,false,0.000000,17740663633515,0,,0,0,timeout
71,2048,2048,false,0.000000,17741764227259,0,,0,0,timeout
72,2048,2048,false,0.000000,17742864790999,0,,0,0,timeout
73,2048,2048,false,0.000000,17743965730531,0,,0,0,timeout
74,2048,2048,false,0.000000,17745066389032,0,,0,0,timeout
75,2048,2048,false,0.000000,17746166999903,0,,0,0,timeout
76,2048,2048,false,0.000000,17747267585395,0,,0,0,timeout
77,2048,2048,false,0.000000,17748368165303,0,,0,0,timeout
78,2048,2048,false,0.000000,17749468705268,0,,0,0,timeout
79,2048,2048,false,0.000000,17750569321241,0,,0,0,timeout
80,2048,2048,false,0.000000,17751669927464,0,,0,0,timeout
81,2048,2048,false,0.000000,17752770536811,0,,0,0,timeout
82,2048,2048,false,0.000000,17753871123657,0,,0,0,timeout
83,2048,2048,false,0.000000,17754971725128,0,,0,0,timeout
84,2048,2048,false,0.000000,17756072358729,0,,0,0,timeout
85,2048,2048,false,0.000000,17757172941948,0,,0,0,timeout
86,2048,2048,false,0.000000,17758273514042,0,,0,0,timeout
87,2048,2048,false,0.000000,17759374100637,0,,0,0,timeout
88,2048,2048,false,0.000000,17760474711985,0,,0,0,timeout
89,2048,2048,false,0.000000,17761575307456,0,,0,0,timeout
90,2048,2048,false,0.000000,17762675859685,0,,0,0,timeout
91,2048,2048,false,0.000000,17763776382730,0,,0,0,timeout
92,2048,2048,false,0.000000,17764876903025,0,,0,0,timeout
93,2048,2048,false,0.000000,17765977616466,0,,0,0,timeout
94,2048,2048,false,0.000000,17767078132886,0,,0,0,timeout
95,2048,2048,false,0.000000,17768178733689,0,,0,0,timeout
96,2048,2048,false,0.000000,17769279334618,0,,0,0,timeout
97,2048,2048,false,0.000000,17770379954549,0,,0,0,timeout
98,2048,2048,false,0.000000,17771480594107,0,,0,0,timeout
99,2048,2048,false,0.000000,17772581174370,0,,0,0,timeout
100,2048,2048,false,0.000000,17773681773036,0,,0,0,timeout
101,2048,2048,false,0.000000,17774782354324,0,,0,0,timeout
102,2048,2048,false,0.000000,17775882937988,0,,0,0,timeout
103,2048,2048,false,0.000000,17776983548530,0,,0,0,timeout
104,2048,2048,false,0.000000,17778084140570,0,,0,0,timeout
105,2048,2048,false,0.000000,17779184765363,0,,0,0,timeout
106,2048,2048,false,0.000000,17780285341253,0,,0,0,timeout
107,2048,2048,true,41.248772,17781385960750,17781427209522,rsu-exp01-sweep,20660934867193,20660934867693,ok
108,2048,2048,false,0.000000,17781527426849,0,,0,0,timeout
109,2048,2048,false,0.000000,17782627988714,0,,0,0,timeout
110,2048,2048,false,0.000000,17783728821385,0,,0,0,timeout
111,2048,2048,false,0.000000,17784829400183,0,,0,0,timeout
112,2048,2048,false,0.000000,17785929967979,0,,0,0,timeout
113,2048,2048,false,0.000000,17787030785052,0,,0,0,timeout
114,2048,2048,false,0.000000,17788131343472,0,,0,0,timeout
115,2048,2048,false,0.000000,17789232056443,0,,0,0,timeout
116,2048,2048,false,0.000000,17790332620073,0,,0,0,timeout
117,2048,2048,false,0.000000,17791433241708,0,,0,0,timeout
118,2048,2048,false,0.000000,17792533791293,0,,0,0,timeout
119,2048,2048,false,0.000000,17793634389540,0,,0,0,timeout
120,2048,2048,false,0.000000,17794734969159,0,,0,0,timeout
121,2048,2048,false,0.000000,17795835540903,0,,0,0,timeout
122,2048,2048,false,0.000000,17796936203406,0,,0,0,timeout
123,2048,2048,false,0.000000,17798036796152,0,,0,0,timeout
124,2048,2048,false,0.000000,17799137387147,0,,0,0,timeout
125,2048,2048,false,0.000000,17800237971642,0,,0,0,timeout
126,2048,2048,false,0.000000,17801338573850,0,,0,0,timeout
127,2048,2048,false,0.000000,17802439156265,0,,0,0,timeout
128,2048,2048,false,0.000000,17803539731678,0,,0,0,timeout
129,2048,2048,false,0.000000,17804640369848,0,,0,0,timeout
130,2048,2048,false,0.000000,17805740959513,0,,0,0,timeout
131,2048,2048,false,0.000000,17806841610310,0,,0,0,timeout
132,2048,2048,false,0.000000,17807942222102,0,,0,0,timeout
133,2048,2048,false,0.000000,17809042745431,0,,0,0,timeout
134,2048,2048,false,0.000000,17810143326771,0,,0,0,timeout
135,2048,2048,false,0.000000,17811243947115,0,,0,0,timeout
136,2048,2048,false,0.000000,17812344565085,0,,0,0,timeout
137,2048,2048,false,0.000000,17813445191089,0,,0,0,timeout
138,2048,2048,false,0.000000,17814545747583,0,,0,0,timeout
139,2048,2048,false,0.000000,17815646317578,0,,0,0,timeout
140,2048,2048,false,0.000000,17816746942305,0,,0,0,timeout
141,2048,2048,false,0.000000,17817847491237,0,,0,0,timeout
142,2048,2048,false,0.000000,17818948065796,0,,0,0,timeout
143,2048,2048,false,0.000000,17820048645857,0,,0,0,timeout
144,2048,2048,false,0.000000,17821149309970,0,,0,0,timeout
145,2048,2048,false,0.000000,17822250035628,0,,0,0,timeout
146,2048,2048,false,0.000000,17823350554264,0,,0,0,timeout
147,2048,2048,false,0.000000,17824451278422,0,,0,0,timeout
148,2048,2048,false,0.000000,17825551876571,0,,0,0,timeout
149,2048,2048,false,0.000000,17826652519289,0,,0,0,timeout
150,2048,2048,false,0.000000,17827753119378,0,,0,0,timeout
151,2048,2048,false,0.000000,17828853717220,0,,0,0,timeout
152,2048,2048,false,0.000000,17829954306197,0,,0,0,timeout
153,2048,2048,false,0.000000,17831054878672,0,,0,0,timeout
154,2048,2048,false,0.000000,17832155466024,0,,0,0,timeout
155,2048,2048,false,0.000000,17833256043823,0,,0,0,timeout
156,2048,2048,false,0.000000,17834356602566,0,,0,0,timeout
157,2048,2048,false,0.000000,17835457178496,0,,0,0,timeout
158,2048,2048,false,0.000000,17836557782961,0,,0,0,timeout
159,2048,2048,false,0.000000,17837658386841,0,,0,0,timeout
160,2048,2048,false,0.000000,17838758978699,0,,0,0,timeout
161,2048,2048,false,0.000000,17839859575058,0,,0,0,timeout
162,2048,2048,false,0.000000,17840960202045,0,,0,0,timeout
163,2048,2048,false,0.000000,17842227722968,0,,0,0,timeout
164,2048,2048,false,0.000000,17843328313857,0,,0,0,timeout
165,2048,2048,false,0.000000,17844428873029,0,,0,0,timeout
166,2048,2048,false,0.000000,17845529402447,0,,0,0,timeout
167,2048,2048,false,0.000000,17846629985997,0,,0,0,timeout
168,2048,2048,false,0.000000,17847730664932,0,,0,0,timeout
169,2048,2048,false,0.000000,17848831277985,0,,0,0,timeout
170,2048,2048,false,0.000000,17849931804278,0,,0,0,timeout
171,2048,2048,false,0.000000,17851032491089,0,,0,0,timeout
172,2048,2048,false,0.000000,17852133153648,0,,0,0,timeout
173,2048,2048,false,0.000000,17853502861208,0,,0,0,timeout
174,2048,2048,false,0.000000,17854603344997,0,,0,0,timeout
175,2048,2048,false,0.000000,17855703953049,0,,0,0,timeout
176,2048,2048,false,0.000000,17856804561852,0,,0,0,timeout
177,2048,2048,false,0.000000,17857905096985,0,,0,0,timeout
178,2048,2048,false,0.000000,17859005662117,0,,0,0,timeout
179,2048,2048,false,0.000000,17860106228000,0,,0,0,timeout
180,2048,2048,false,0.000000,17861206820760,0,,0,0,timeout
181,2048,2048,false,0.000000,17862307375141,0,,0,0,timeout
182,2048,2048,false,0.000000,17863407954400,0,,0,0,timeout
183,2048,2048,false,0.000000,17864508558037,0,,0,0,timeout
184,2048,2048,false,0.000000,17865609117293,0,,0,0,timeout
185,2048,2048,false,0.000000,17866709745183,0,,0,0,timeout
186,2048,2048,false,0.000000,17867810320316,0,,0,0,timeout
187,2048,2048,false,0.000000,17868910946830,0,,0,0,timeout
188,2048,2048,false,0.000000,17870011531170,0,,0,0,timeout
189,2048,2048,false,0.000000,17871112078127,0,,0,0,timeout
190,2048,2048,false,0.000000,17872212646585,0,,0,0,timeout
191,2048,2048,false,0.000000,17873313199542,0,,0,0,timeout
192,2048,2048,false,0.000000,17874413812255,0,,0,0,timeout
193,2048,2048,false,0.000000,17875514381714,0,,0,0,timeout
194,2048,2048,false,0.000000,17876614952423,0,,0,0,timeout
195,2048,2048,false,0.000000,17877715456999,0,,0,0,timeout
196,2048,2048,false,0.000000,17878816059712,0,,0,0,timeout
197,2048,2048,false,0.000000,17879916648047,0,,0,0,timeout
198,2048,2048,false,0.000000,17881017167376,0,,0,0,timeout
199,2048,2048,false,0.000000,17882117738319,0,,0,0,timeout
200,2048,2048,false,0.000000,17883218335382,0,,0,0,timeout
201,2048,2048,false,0.000000,17884318923444,0,,0,0,timeout
202,2048,2048,false,0.000000,17885419472252,0,,0,0,timeout
203,2048,2048,false,0.000000,17886520041061,0,,0,0,timeout
204,2048,2048,false,0.000000,17887620598870,0,,0,0,timeout
205,2048,2048,false,0.000000,17888721175056,0,,0,0,timeout
206,2048,2048,false,0.000000,17889821830500,0,,0,0,timeout
207,2048,2048,false,0.000000,17890922422437,0,,0,0,timeout
208,2048,2048,false,0.000000,17892022998998,0,,0,0,timeout
209,2048,2048,false,0.000000,17893123603937,0,,0,0,timeout
210,2048,2048,false,0.000000,17894224275383,0,,0,0,timeout
211,2048,2048,false,0.000000,17895324799063,0,,0,0,timeout
212,2048,2048,false,0.000000,17896425361372,0,,0,0,timeout
213,2048,2048,false,0.000000,17897525951918,0,,0,0,timeout
214,2048,2048,false,0.000000,17898626528495,0,,0,0,timeout
215,2048,2048,false,0.000000,17899727108323,0,,0,0,timeout
216,2048,2048,false,0.000000,17900827657523,0,,0,0,timeout
217,2048,2048,false,0.000000,17901928209499,0,,0,0,timeout
218,2048,2048,false,0.000000,17903028813690,0,,0,0,timeout
219,2048,2048,false,0.000000,17904129486883,0,,0,0,timeout
220,2048,2048,false,0.000000,17905230195579,0,,0,0,timeout
221,2048,2048,false,0.000000,17906330772996,0,,0,0,timeout
222,2048,2048,false,0.000000,17907431327707,0,,0,0,timeout
223,2048,2048,false,0.000000,17908532042185,0,,0,0,timeout
224,2048,2048,false,0.000000,17909632639928,0,,0,0,timeout
225,2048,2048,false,0.000000,17910733230385,0,,0,0,timeout
226,2048,2048,false,0.000000,17911833890224,0,,0,0,timeout
227,2048,2048,false,0.000000,17912934477055,0,,0,0,timeout
228,2048,2048,false,0.000000,17914035091782,0,,0,0,timeout
229,2048,2048,false,0.000000,17915135646950,0,,0,0,timeout
230,2048,2048,false,0.000000,17916236205744,0,,0,0,timeout
231,2048,2048,false,0.000000,17917336778664,0,,0,0,timeout
232,2048,2048,false,0.000000,17918437330290,0,,0,0,timeout
233,2048,2048,false,0.000000,17919537931379,0,,0,0,timeout
234,2048,2048,false,0.000000,17920638562347,0,,0,0,timeout
235,2048,2048,false,0.000000,17921739162178,0,,0,0,timeout
236,2048,2048,false,0.000000,17922839778223,0,,0,0,timeout
237,2048,2048,false,0.000000,17923940412270,0,,0,0,timeout
238,2048,2048,false,0.000000,17925041022814,0,,0,0,timeout
239,2048,2048,false,0.000000,17926141597021,0,,0,0,timeout
240,2048,2048,false,0.000000,17927242186527,0,,0,0,timeout
241,2048,2048,false,0.000000,17928342760532,0,,0,0,timeout
242,2048,2048,false,0.000000,17929443352038,0,,0,0,timeout
243,2048,2048,false,0.000000,17930543945878,0,,0,0,timeout
244,2048,2048,false,0.000000,17931644554247,0,,0,0,timeout
245,2048,2048,false,0.000000,17932745111986,0,,0,0,timeout
246,2048,2048,false,0.000000,17933845701229,0,,0,0,timeout
247,2048,2048,false,0.000000,17934946311098,0,,0,0,timeout
248,2048,2048,false,0.000000,17936046832333,0,,0,0,timeout
249,2048,2048,false,0.000000,17937147521837,0,,0,0,timeout
250,2048,2048,false,0.000000,17938248149218,0,,0,0,timeout
251,2048,2048,false,0.000000,17939348753317,0,,0,0,timeout
252,2048,2048,false,0.000000,17940449334414,0,,0,0,timeout
253,2048,2048,false,0.000000,17941549922636,0,,0,0,timeout
254,2048,2048,false,0.000000,17942650497783,0,,0,0,timeout
255,2048,2048,false,0.000000,17943751150277,0,,0,0,timeout
256,2048,2048,false,0.000000,17944851740265,0,,0,0,timeout
257,2048,2048,false,0.000000,17945952367627,0,,0,0,timeout
258,2048,2048,false,0.000000,17947052964540,0,,0,0,timeout
259,2048,2048,false,0.000000,17948153539076,0,,0,0,timeout
260,2048,2048,false,0.000000,17949254162868,0,,0,0,timeout
261,2048,2048,false,0.000000,17950354736743,0,,0,0,timeout
262,2048,2048,false,0.000000,17951455331593,0,,0,0,timeout
263,2048,2048,false,0.000000,17952555977574,0,,0,0,timeout
264,2048,2048,false,0.000000,17953656596927,0,,0,0,timeout
265,2048,2048,false,0.000000,17954757188881,0,,0,0,timeout
266,2048,2048,false,0.000000,17955857770829,0,,0,0,timeout
267,2048,2048,false,0.000000,17956958402158,0,,0,0,timeout
268,2048,2048,false,0.000000,17958058987981,0,,0,0,timeout
269,2048,2048,false,0.000000,17959159599807,0,,0,0,timeout
270,2048,2048,false,0.000000,17960260212134,0,,0,0,timeout
271,2048,2048,false,0.000000,17961360785456,0,,0,0,timeout
272,2048,2048,false,0.000000,17962461367601,0,,0,0,timeout
273,2048,2048,false,0.000000,17963561960672,0,,0,0,timeout
274,2048,2048,false,0.000000,17964662550619,0,,0,0,timeout
275,2048,2048,false,0.000000,17965763127313,0,,0,0,timeout
276,2048,2048,false,0.000000,17966863687677,0,,0,0,timeout
277,2048,2048,false,0.000000,17967964221807,0,,0,0,timeout
278,2048,2048,false,0.000000,17969064822819,0,,0,0,timeout
279,2048,2048,false,0.000000,17970165423585,0,,0,0,timeout
280,2048,2048,false,0.000000,17971266004563,0,,0,0,timeout
281,2048,2048,false,0.000000,17972366589542,0,,0,0,timeout
282,2048,2048,false,0.000000,17973467173271,0,,0,0,timeout
283,2048,2048,false,0.000000,17974567792769,0,,0,0,timeout
284,2048,2048,false,0.000000,17975668412860,0,,0,0,timeout
285,2048,2048,false,0.000000,17976768961192,0,,0,0,timeout
286,2048,2048,false,0.000000,17977869540403,0,,0,0,timeout
287,2048,2048,false,0.000000,17978970124806,0,,0,0,timeout
288,2048,2048,false,0.000000,17980070715097,0,,0,0,timeout
289,2048,2048,false,0.000000,17981171295638,0,,0,0,timeout
290,2048,2048,false,0.000000,17982271865061,0,,0,0,timeout
291,2048,2048,false,0.000000,17983372446008,0,,0,0,timeout
292,2048,2048,false,0.000000,17984473085961,0,,0,0,timeout
293,2048,2048,false,0.000000,17985573681660,0,,0,0,timeout
294,2048,2048,false,0.000000,17986674263379,0,,0,0,timeout
295,2048,2048,false,0.000000,17987774851610,0,,0,0,timeout
296,2048,2048,false,0.000000,17988875414962,0,,0,0,timeout
297,2048,2048,false,0.000000,17989976035696,0,,0,0,timeout
298,2048,2048,false,0.000000,17991076699907,0,,0,0,timeout
299,2048,2048,false,0.000000,17992177304220,0,,0,0,timeout
300,2048,2048,false,0.000000,17993277893907,0,,0,0,timeout
301,2048,2048,false,0.000000,17994378458466,0,,0,0,timeout
302,2048,2048,false,0.000000,17995479051610,0,,0,0,timeout
303,2048,2048,false,0.000000,17996579655741,0,,0,0,timeout
304,2048,2048,false,0.000000,17997680438517,0,,0,0,timeout
305,2048,2048,false,0.000000,17998780977634,0,,0,0,timeout
306,2048,2048,false,0.000000,17999881569235,0,,0,0,timeout
307,2048,2048,false,0.000000,18000982242095,0,,0,0,timeout
308,2048,2048,false,0.000000,18002082834696,0,,0,0,timeout
309,2048,2048,false,0.000000,18003183432256,0,,0,0,timeout
310,2048,2048,false,0.000000,18004284084164,0,,0,0,timeout
311,2048,2048,false,0.000000,18005384695569,0,,0,0,timeout
312,2048,2048,false,0.000000,18006485294972,0,,0,0,timeout
313,2048,2048,false,0.000000,18007585881914,0,,0,0,timeout
314,2048,2048,false,0.000000,18008686459847,0,,0,0,timeout
315,2048,2048,false,0.000000,18009787058908,0,,0,0,timeout
316,2048,2048,false,0.000000,18010887643842,0,,0,0,timeout
317,2048,2048,false,0.000000,18011988240402,0,,0,0,timeout
318,2048,2048,false,0.000000,18013088789957,0,,0,0,timeout
319,2048,2048,false,0.000000,18014189376141,0,,0,0,timeout
320,2048,2048,false,0.000000,18015289971005,0,,0,0,timeout
321,2048,2048,false,0.000000,18016390521562,0,,0,0,timeout
322,2048,2048,false,0.000000,18017491033740,0,,0,0,timeout
323,2048,2048,false,0.000000,18018591637178,0,,0,0,timeout
324,2048,2048,false,0.000000,18019692274827,0,,0,0,timeout
325,2048,2048,false,0.000000,18020792912608,0,,0,0,timeout
326,2048,2048,false,0.000000,18021893528762,0,,0,0,timeout
327,2048,2048,false,0.000000,18022994111561,0,,0,0,timeout
328,2048,2048,false,0.000000,18024094684567,0,,0,0,timeout
329,2048,2048,false,0.000000,18025195324831,0,,0,0,timeout
330,2048,2048,false,0.000000,18026496210179,0,,0,0,timeout
331,2048,2048,false,0.000000,18027596796437,0,,0,0,timeout
