event	condition	repetition	transport	signal_class	location_id	physical_placement	bin_start	bin_end	timestamp	status
planned	C1	1	tcp	strong	strong_location_1	mg52_on_trunk_floor_front_face_up_toward_sky	2026-08-06T16:00:00-04:00	2026-08-06T16:05:00-04:00	2026-08-06T15:56:04-04:00	planned
completed	C1	1	tcp	strong	strong_location_1	mg52_on_trunk_floor_front_face_up_toward_sky	2026-08-06T16:00:00-04:00	2026-08-06T16:05:00-04:00	2026-08-06T16:03:04-04:00	passed
planned	C1	1	mqtt	strong	strong_location_1	mg52_on_trunk_floor_front_face_up_toward_sky	2026-08-06T16:05:00-04:00	2026-08-06T16:10:00-04:00	2026-08-06T16:03:04-04:00	planned
completed	C1	1	mqtt	strong	strong_location_1	mg52_on_trunk_floor_front_face_up_toward_sky	2026-08-06T16:05:00-04:00	2026-08-06T16:10:00-04:00	2026-08-06T16:07:17-04:00	passed
planned	C1	1	udp	strong	strong_location_1	mg52_on_trunk_floor_front_face_up_toward_sky	2026-08-06T16:10:00-04:00	2026-08-06T16:15:00-04:00	2026-08-06T16:07:17-04:00	planned
completed	C1	1	udp	strong	strong_location_1	mg52_on_trunk_floor_front_face_up_toward_sky	2026-08-06T16:10:00-04:00	2026-08-06T16:15:00-04:00	2026-08-06T16:12:16-04:00	passed
planned	C1	2	udp	strong	strong_location_1	mg52_on_trunk_floor_front_face_up_toward_sky	2026-08-06T16:15:00-04:00	2026-08-06T16:20:00-04:00	2026-08-06T16:12:16-04:00	planned
completed	C1	2	udp	strong	strong_location_1	mg52_on_trunk_floor_front_face_up_toward_sky	2026-08-06T16:15:00-04:00	2026-08-06T16:20:00-04:00	2026-08-06T16:17:16-04:00	passed
planned	C1	2	mqtt	strong	strong_location_1	mg52_on_trunk_floor_front_face_up_toward_sky	2026-08-06T16:20:00-04:00	2026-08-06T16:25:00-04:00	2026-08-06T16:17:16-04:00	planned
completed	C1	2	mqtt	strong	strong_location_1	mg52_on_trunk_floor_front_face_up_toward_sky	2026-08-06T16:20:00-04:00	2026-08-06T16:25:00-04:00	2026-08-06T16:22:16-04:00	passed
planned	C1	2	tcp	strong	strong_location_1	mg52_on_trunk_floor_front_face_up_toward_sky	2026-08-06T16:25:00-04:00	2026-08-06T16:30:00-04:00	2026-08-06T16:22:16-04:00	planned
completed	C1	2	tcp	strong	strong_location_1	mg52_on_trunk_floor_front_face_up_toward_sky	2026-08-06T16:25:00-04:00	2026-08-06T16:30:00-04:00	2026-08-06T16:28:03-04:00	passed
planned	C2	1	tcp	strong	strong_location_1	mg52_on_trunk_floor_front_face_up_toward_sky	2026-08-06T16:30:00-04:00	2026-08-06T16:35:00-04:00	2026-08-06T16:28:03-04:00	planned
completed	C2	1	tcp	strong	strong_location_1	mg52_on_trunk_floor_front_face_up_toward_sky	2026-08-06T16:30:00-04:00	2026-08-06T16:35:00-04:00	2026-08-06T16:32:46-04:00	passed
planned	C2	1	mqtt	strong	strong_location_1	mg52_on_trunk_floor_front_face_up_toward_sky	2026-08-06T16:35:00-04:00	2026-08-06T16:40:00-04:00	2026-08-06T16:32:46-04:00	planned
completed	C2	1	mqtt	strong	strong_location_1	mg52_on_trunk_floor_front_face_up_toward_sky	2026-08-06T16:35:00-04:00	2026-08-06T16:40:00-04:00	2026-08-06T16:37:35-04:00	passed
planned	C2	1	udp	strong	strong_location_1	mg52_on_trunk_floor_front_face_up_toward_sky	2026-08-06T16:40:00-04:00	2026-08-06T16:45:00-04:00	2026-08-06T16:37:35-04:00	planned
completed	C2	1	udp	strong	strong_location_1	mg52_on_trunk_floor_front_face_up_toward_sky	2026-08-06T16:40:00-04:00	2026-08-06T16:45:00-04:00	2026-08-06T16:42:33-04:00	passed
planned	C2	2	udp	strong	strong_location_1	mg52_on_trunk_floor_front_face_up_toward_sky	2026-08-06T16:45:00-04:00	2026-08-06T16:50:00-04:00	2026-08-06T16:42:33-04:00	planned
completed	C2	2	udp	strong	strong_location_1	mg52_on_trunk_floor_front_face_up_toward_sky	2026-08-06T16:45:00-04:00	2026-08-06T16:50:00-04:00	2026-08-06T16:47:37-04:00	passed
planned	C2	2	mqtt	strong	strong_location_1	mg52_on_trunk_floor_front_face_up_toward_sky	2026-08-06T16:50:00-04:00	2026-08-06T16:55:00-04:00	2026-08-06T16:47:37-04:00	planned
completed	C2	2	mqtt	strong	strong_location_1	mg52_on_trunk_floor_front_face_up_toward_sky	2026-08-06T16:50:00-04:00	2026-08-06T16:55:00-04:00	2026-08-06T16:52:34-04:00	passed
planned	C2	2	tcp	strong	strong_location_1	mg52_on_trunk_floor_front_face_up_toward_sky	2026-08-06T16:55:00-04:00	2026-08-06T17:00:00-04:00	2026-08-06T16:52:34-04:00	planned
completed	C2	2	tcp	strong	strong_location_1	mg52_on_trunk_floor_front_face_up_toward_sky	2026-08-06T16:55:00-04:00	2026-08-06T17:00:00-04:00	2026-08-06T16:57:48-04:00	passed
