time,lat,lon,speed,accuracy,reported_rsrp,reported_snr,recovered_tech,recovered_rsrp,recovered_snr,recovered_rsrq,pci,arfcn,band,alignment_gap_s,network_tech,network_mode,gnettrack_network_type
2026.08.18_16.42.25,39.666694,-75.757227,0.0,8.0,-105.0,13.0,NR,-101,3,-11,1,637248,48,1.0,5G,5G,20
2026.08.18_16.42.25,39.666721,-75.757249,3.0,3.0,-105.0,13.0,NR,-101,3,-11,1,637248,48,1.0,5G,5G,20
2026.08.18_16.42.34,39.666693,-75.757132,14.0,3.0,-105.0,13.0,NR,-106,3,-11,1,637248,48,0.0,5G,5G,20
2026.08.18_16.42.37,39.666735,-75.756972,16.0,3.0,-105.0,13.0,NR,-104,8,-11,1,637248,48,0.0,5G,5G,20
2026.08.18_16.42.39,39.666816,-75.756869,19.0,3.0,-105.0,13.0,NR,-105,5,-11,1,637248,48,0.0,5G,5G,20
2026.08.18_16.42.41,39.666903,-75.75683,17.0,3.0,-105.0,13.0,NR,-105,5,-11,1,637248,48,0.0,5G,5G,20
2026.08.18_16.42.44,39.667019,-75.756773,16.0,3.0,-105.0,13.0,NR,-104,-4,-11,1,637248,48,0.0,5G,5G,20
2026.08.18_16.42.47,39.667089,-75.756638,16.0,3.0,-105.0,13.0,NR,-109,2,-11,1,637248,48,0.0,5G,5G,20
2026.08.18_16.42.49,39.667175,-75.756578,18.0,3.0,-105.0,13.0,NR,-110,0,-11,1,637248,48,0.0,5G,5G,20
2026.08.18_16.42.51,39.667278,-75.756571,20.0,3.0,-105.0,13.0,NR,-110,0,-11,1,637248,48,0.0,5G,5G,20
2026.08.18_16.42.53,39.667386,-75.756602,21.0,3.0,-105.0,13.0,NR,-109,-2,-11,1,637248,48,0.0,5G,5G,20
2026.08.18_16.42.55,39.667483,-75.756654,21.0,3.0,-105.0,13.0,NR,-109,-6,-11,1,637248,48,0.0,5G,5G,20
2026.08.18_16.42.57,39.667577,-75.756726,21.0,3.0,-105.0,13.0,NR,-117,-4,-12,1,637248,48,0.0,5G,5G,20
2026.08.18_16.42.59,39.667633,-75.756846,20.0,3.0,-105.0,13.0,NR,-111,7,-12,1,637248,48,0.0,5G,5G,20
2026.08.18_16.43.01,39.667607,-75.756982,21.0,3.0,-105.0,13.0,NR,-118,4,-13,1,637248,48,0.0,5G,5G,20
2026.08.18_16.43.03,39.667544,-75.757125,25.0,3.0,-105.0,13.0,NR,-114,6,-11,1,637248,48,0.0,5G,5G,20
2026.08.18_16.43.04,39.667544,-75.757125,25.0,3.0,-105.0,13.0,NR,-114,6,-11,1,637248,48,0.0,5G,5G,20
2026.08.18_16.43.05,39.667475,-75.757289,28.0,3.0,-105.0,13.0,NR,-118,3,-12,1,637248,48,0.0,5G,5G,20
2026.08.18_16.43.07,39.667407,-75.757458,28.0,3.0,-105.0,13.0,NR,-117,5,-12,1,637248,48,0.0,5G,5G,20
2026.08.18_16.43.09,39.667357,-75.757618,26.0,3.0,-105.0,13.0,NR,-111,18,-11,1,637248,48,0.0,5G,5G,20
2026.08.18_16.43.11,39.667291,-75.757758,24.0,3.0,-105.0,13.0,NR,-100,18,-11,1,637248,48,0.0,5G,5G,20
2026.08.18_16.43.13,39.667194,-75.757837,21.0,3.0,-105.0,13.0,NR,-101,14,-11,1,637248,48,0.0,5G,5G,20
2026.08.18_16.43.15,39.667084,-75.757815,20.0,3.0,-105.0,13.0,NR,-89,19,-11,1,637248,48,0.0,5G,5G,20
2026.08.18_16.43.17,39.666982,-75.757735,24.0,3.0,-105.0,13.0,NR,-100,9,-12,1,637248,48,0.0,5G,5G,20
2026.08.18_16.43.19,39.666864,-75.757658,26.0,3.0,-105.0,13.0,NR,-100,8,-11,1,637248,48,0.0,5G,5G,20
2026.08.18_16.43.21,39.666754,-75.757583,23.0,3.0,-105.0,13.0,NR,-102,1,-11,1,637248,48,0.0,5G,5G,20
2026.08.18_16.43.23,39.666664,-75.757513,19.0,3.0,-105.0,13.0,NR,-102,8,-11,1,637248,48,0.0,5G,5G,20
2026.08.18_16.43.26,39.666636,-75.757358,16.0,3.0,-105.0,13.0,NR,-102,8,-11,1,637248,48,0.0,5G,5G,20
2026.08.18_16.43.28,39.666673,-75.757246,19.0,3.0,-105.0,13.0,NR,-103,3,-11,1,637248,48,0.0,5G,5G,20
2026.08.18_16.43.30,39.666717,-75.757106,24.0,3.0,-105.0,13.0,NR,-108,2,-11,1,637248,48,0.0,5G,5G,20
2026.08.18_16.43.32,39.666762,-75.756961,24.0,3.0,-105.0,13.0,NR,-106,-3,-11,1,637248,48,0.0,5G,5G,20
2026.08.18_16.43.34,39.66684,-75.756844,23.0,3.0,-105.0,13.0,NR,-107,4,-11,1,637248,48,0.0,5G,5G,20
2026.08.18_16.43.36,39.666948,-75.756821,20.0,3.0,-105.0,13.0,NR,-111,2,-12,1,637248,48,0.0,5G,5G,20
2026.08.18_16.43.38,39.667033,-75.75677,17.0,3.0,-105.0,13.0,NR,-111,2,-12,1,637248,48,0.0,5G,5G,20
2026.08.18_16.43.41,39.667039,-75.756613,17.0,3.0,-105.0,13.0,NR,-109,2,-11,1,637248,48,0.0,5G,5G,20
2026.08.18_16.43.43,39.666943,-75.756572,19.0,3.0,-105.0,13.0,NR,-109,-1,-11,1,637248,48,0.0,5G,5G,20
2026.08.18_16.43.45,39.666812,-75.756562,24.0,3.0,-105.0,13.0,NR,-108,1,-11,1,637248,48,0.0,5G,5G,20
2026.08.18_16.43.47,39.666691,-75.756551,22.0,3.0,-105.0,13.0,NR,-107,5,-11,1,637248,48,0.0,5G,5G,20
2026.08.18_16.43.49,39.6666,-75.756553,17.0,3.0,-105.0,13.0,NR,-107,1,-11,1,637248,48,0.0,5G,5G,20
2026.08.18_16.43.51,39.666531,-75.756639,19.0,3.0,-105.0,13.0,NR,-108,4,-11,1,637248,48,0.0,5G,5G,20
2026.08.18_16.43.53,39.666465,-75.756794,28.0,3.0,-105.0,13.0,NR,-102,2,-11,1,637248,48,0.0,5G,5G,20
2026.08.18_16.43.55,39.666387,-75.75699,35.0,3.0,-105.0,13.0,NR,-105,4,-11,1,637248,48,0.0,5G,5G,20
2026.08.18_16.43.56,39.666341,-75.7571,37.0,3.0,-105.0,13.0,NR,-106,0,-11,1,637248,48,0.0,5G,5G,20
2026.08.18_16.43.57,39.666294,-75.757217,40.0,3.0,-105.0,13.0,NR,-106,0,-11,1,637248,48,0.0,5G,5G,20
2026.08.18_16.43.58,39.666243,-75.757335,41.0,3.0,-105.0,13.0,NR,-99,9,-11,1,637248,48,0.0,5G,5G,20
2026.08.18_16.43.59,39.666195,-75.757456,42.0,3.0,-105.0,13.0,NR,-99,9,-11,1,637248,48,0.0,5G,5G,20
2026.08.18_16.44.00,39.666149,-75.757576,42.0,3.0,-105.0,13.0,NR,-99,9,-11,1,637248,48,0.0,5G,5G,20
2026.08.18_16.44.01,39.666103,-75.757697,41.0,3.0,-105.0,13.0,NR,-99,9,-11,1,637248,48,0.0,5G,5G,20
2026.08.18_16.44.02,39.666059,-75.757812,39.0,3.0,-105.0,13.0,NR,-95,10,-11,1,637248,48,0.0,5G,5G,20
2026.08.18_16.44.03,39.666013,-75.757913,36.0,3.0,-105.0,13.0,NR,-95,10,-11,1,637248,48,0.0,5G,5G,20
2026.08.18_16.44.05,39.665895,-75.758067,32.0,3.0,-105.0,13.0,NR,-84,18,-11,1,637248,48,0.0,5G,5G,20
2026.08.18_16.44.07,39.665749,-75.758124,29.0,3.0,-105.0,13.0,NR,-97,9,-11,1,637248,48,0.0,5G,5G,20
2026.08.18_16.44.09,39.665629,-75.758119,21.0,3.0,-105.0,13.0,NR,-97,9,-11,1,637248,48,0.0,5G,5G,20
2026.08.18_16.44.12,39.665533,-75.758188,17.0,3.0,-105.0,13.0,NR,-91,10,-11,1,637248,48,0.0,5G,5G,20
2026.08.18_16.44.14,39.665515,-75.758338,24.0,3.0,-105.0,13.0,NR,-99,11,-11,1,637248,48,0.0,5G,5G,20
2026.08.18_16.44.16,39.66551,-75.758544,33.0,3.0,-105.0,13.0,NR,-87,20,-11,1,637248,48,0.0,5G,5G,20
2026.08.18_16.44.17,39.665502,-75.75866,35.0,3.0,-105.0,13.0,NR,-105,1,-11,1,637248,48,0.0,5G,5G,20
2026.08.18_16.44.18,39.665494,-75.758781,37.0,3.0,-105.0,13.0,NR,-105,1,-11,1,637248,48,0.0,5G,5G,20
2026.08.18_16.44.19,39.665485,-75.7589,37.0,3.0,-105.0,13.0,NR,-91,10,-11,1,637248,48,0.0,5G,5G,20
2026.08.18_16.44.21,39.665471,-75.759119,32.0,3.0,-105.0,13.0,NR,-95,7,-11,1,637248,48,0.0,5G,5G,20
2026.08.18_16.44.23,39.665452,-75.759265,20.0,3.0,-105.0,13.0,NR,-95,7,-11,1,637248,48,0.0,5G,5G,20
2026.08.18_16.44.25,39.665373,-75.75936,22.0,3.0,-105.0,13.0,NR,-102,2,-11,1,637248,48,0.0,5G,5G,20
2026.08.18_16.44.27,39.665244,-75.759374,27.0,3.0,-105.0,13.0,NR,-105,-2,-11,1,637248,48,0.0,5G,5G,20
2026.08.18_16.44.29,39.665074,-75.759365,35.0,3.0,-105.0,13.0,NR,-98,9,-11,1,637248,48,0.0,5G,5G,20
2026.08.18_16.44.30,39.664973,-75.759357,38.0,3.0,-105.0,13.0,NR,-98,9,-11,1,637248,48,0.0,5G,5G,20
2026.08.18_16.44.31,39.664872,-75.759347,40.0,3.0,-105.0,13.0,NR,-106,3,-11,1,637248,48,0.0,5G,5G,20
2026.08.18_16.44.32,39.664767,-75.759336,41.0,3.0,-105.0,13.0,NR,-106,3,-11,1,637248,48,0.0,5G,5G,20
2026.08.18_16.44.33,39.664661,-75.759325,42.0,3.0,-105.0,13.0,NR,-109,0,-11,1,637248,48,0.0,5G,5G,20
2026.08.18_16.44.34,39.664555,-75.759315,42.0,3.0,-105.0,13.0,NR,-109,0,-11,1,637248,48,0.0,5G,5G,20
2026.08.18_16.44.35,39.664451,-75.759302,42.0,3.0,-105.0,13.0,NR,-109,-3,-11,1,637248,48,0.0,5G,5G,20
2026.08.18_16.44.36,39.664346,-75.759288,41.0,3.0,-105.0,13.0,NR,-109,-3,-11,1,637248,48,0.0,5G,5G,20
2026.08.18_16.44.37,39.664245,-75.759274,40.0,3.0,-105.0,13.0,NR,-107,-8,-11,1,637248,48,0.0,5G,5G,20
2026.08.18_16.44.38,39.664152,-75.759262,37.0,3.0,-105.0,13.0,NR,-107,-8,-11,1,637248,48,0.0,5G,5G,20
2026.08.18_16.44.40,39.664002,-75.759244,28.0,3.0,-105.0,13.0,NR,-107,-8,-11,1,637248,48,0.0,5G,5G,20
2026.08.18_16.44.42,39.663905,-75.759234,19.0,3.0,-105.0,13.0,NR,-107,-8,-11,1,637248,48,0.0,5G,5G,20
2026.08.18_16.44.44,39.663794,-75.759216,23.0,3.0,-105.0,13.0,NR,-109,-9,-11,1,637248,48,0.0,5G,5G,20
2026.08.18_16.44.46,39.663649,-75.759196,30.0,3.0,-105.0,13.0,NR,-113,-5,-11,1,637248,48,0.0,5G,5G,20
2026.08.18_16.44.48,39.663468,-75.759177,36.0,3.0,-105.0,13.0,NR,-113,-5,-11,1,637248,48,0.0,5G,5G,20
2026.08.18_16.44.49,39.663369,-75.759165,39.0,3.0,-105.0,13.0,NR,-112,-10,-11,1,637248,48,0.0,5G,5G,20
2026.08.18_16.44.50,39.66327,-75.759152,40.0,3.0,-105.0,13.0,NR,-112,-10,-11,1,637248,48,0.0,5G,5G,20
2026.08.18_16.44.51,39.663169,-75.75914,40.0,3.0,-105.0,13.0,NR,-112,-12,-11,1,637248,48,0.0,5G,5G,20
2026.08.18_16.44.52,39.663067,-75.759128,39.0,3.0,-105.0,13.0,NR,-112,-12,-11,1,637248,48,0.0,5G,5G,20
2026.08.18_16.44.53,39.662976,-75.759114,36.0,3.0,-105.0,13.0,NR,-106,-2,-11,1,637248,48,0.0,5G,5G,20
2026.08.18_16.44.55,39.662851,-75.759071,26.0,3.0,-105.0,13.0,NR,-99,7,-11,1,637248,48,0.0,5G,5G,20
2026.08.18_16.44.57,39.662779,-75.758946,24.0,3.0,-105.0,13.0,NR,-102,5,-11,1,637248,48,0.0,5G,5G,20
2026.08.18_16.44.59,39.662778,-75.758765,28.0,3.0,-105.0,13.0,NR,-101,7,-11,1,637248,48,0.0,5G,5G,20
2026.08.18_16.45.01,39.662809,-75.758563,32.0,3.0,-105.0,13.0,NR,-106,-10,-11,1,637248,48,0.0,5G,5G,20
2026.08.18_16.45.03,39.662832,-75.75834,34.0,3.0,-105.0,13.0,NR,-108,-6,-11,1,637248,48,0.0,5G,5G,20
2026.08.18_16.45.04,39.662838,-75.758219,34.0,3.0,-105.0,13.0,NR,-108,-6,-11,1,637248,48,0.0,5G,5G,20
2026.08.18_16.45.06,39.662848,-75.75801,30.0,3.0,-105.0,13.0,NR,-114,1,-18,1,637248,48,0.0,5G,5G,20
2026.08.18_16.45.08,39.662852,-75.757889,14.0,3.0,-105.0,13.0,NR,-107,-3,-12,1,637248,48,0.0,5G,5G,20
2026.08.18_16.45.12,39.662895,-75.757777,13.0,3.0,-105.0,13.0,NR,-106,-5,-11,1,637248,48,0.0,5G,5G,20
2026.08.18_16.45.14,39.66299,-75.757731,19.0,4.0,-105.0,13.0,NR,-112,-6,-11,1,637248,48,0.0,5G,5G,20
2026.08.18_16.45.16,39.663147,-75.757723,27.0,4.0,-105.0,13.0,NR,-108,1,-11,1,637248,48,0.0,5G,5G,20
2026.08.18_16.45.18,39.663298,-75.757731,28.0,3.0,-105.0,13.0,NR,-107,-6,-11,1,637248,48,0.0,5G,5G,20
2026.08.18_16.45.20,39.663444,-75.757733,26.0,3.0,-105.0,13.0,NR,-109,-8,-11,1,637248,48,0.0,5G,5G,20
2026.08.18_16.45.22,39.663544,-75.757812,22.0,3.0,-105.0,13.0,NR,-108,-6,-11,1,637248,48,0.0,5G,5G,20
2026.08.18_16.45.24,39.663578,-75.757935,19.0,3.0,-105.0,13.0,NR,-108,-8,-11,1,637248,48,0.0,5G,5G,20
2026.08.18_16.45.27,39.663622,-75.758066,13.0,3.0,-105.0,13.0,NR,-111,-10,-11,1,637248,48,0.0,5G,5G,20
2026.08.18_16.45.30,39.663711,-75.758123,14.0,3.0,-105.0,13.0,NR,-108,-2,-11,1,637248,48,0.0,5G,5G,20
2026.08.18_16.45.32,39.663716,-75.758253,18.0,3.0,-105.0,13.0,NR,-98,7,-11,1,637248,48,0.0,5G,5G,20
2026.08.18_16.45.34,39.663701,-75.758412,24.0,3.0,-105.0,13.0,NR,-102,1,-11,1,637248,48,0.0,5G,5G,20
2026.08.18_16.45.36,39.663688,-75.758591,27.0,3.0,-105.0,13.0,NR,-91,14,-11,1,637248,48,0.0,5G,5G,20
2026.08.18_16.45.38,39.663675,-75.758763,25.0,3.0,-105.0,13.0,NR,-100,9,-11,1,637248,48,0.0,5G,5G,20
2026.08.18_16.45.40,39.663642,-75.758884,18.0,3.0,-105.0,13.0,NR,-101,4,-11,1,637248,48,0.0,5G,5G,20
2026.08.18_16.45.42,39.663553,-75.758906,16.0,3.0,-105.0,13.0,NR,-101,-4,-11,1,637248,48,0.0,5G,5G,20
2026.08.18_16.45.45,39.663482,-75.758791,15.0,3.0,-105.0,13.0,NR,-111,-7,-11,1,637248,48,0.0,5G,5G,20
2026.08.18_16.45.48,39.663496,-75.758631,14.0,3.0,-105.0,13.0,NR,-103,-4,-11,1,637248,48,0.0,5G,5G,20
2026.08.18_16.46.35,39.663499,-75.758494,10.0,3.0,-105.0,13.0,NR,-109,14,-11,2,644640,48,0.0,5G,5G,20
2026.08.18_16.46.38,39.663506,-75.758309,22.0,3.0,-105.0,13.0,NR,-110,16,-11,2,644640,48,0.0,5G,5G,20
2026.08.18_16.46.40,39.663517,-75.758155,24.0,3.0,-105.0,13.0,NR,-108,15,-11,2,644640,48,0.0,5G,5G,20
2026.08.18_16.46.42,39.66353,-75.758015,20.0,3.0,-105.0,13.0,NR,-108,11,-11,2,644640,48,0.0,5G,5G,20
2026.08.18_16.46.45,39.663503,-75.75788,13.0,3.0,-105.0,13.0,NR,-108,11,-11,2,644640,48,0.0,5G,5G,20
2026.08.18_16.46.48,39.663375,-75.757816,23.0,3.0,-105.0,13.0,NR,-110,11,-11,2,644640,48,0.0,5G,5G,20
2026.08.18_16.46.50,39.663271,-75.757795,23.0,3.0,-105.0,13.0,NR,-114,6,-12,2,644640,48,0.0,5G,5G,20
2026.08.18_16.46.52,39.663144,-75.757766,21.0,3.0,-105.0,13.0,NR,-116,6,-12,2,644640,48,0.0,5G,5G,20
2026.08.18_16.46.54,39.663042,-75.757757,16.0,3.0,-105.0,13.0,NR,-109,14,-11,2,644640,48,1.0,5G,5G,20
2026.08.18_16.46.58,39.662935,-75.757741,11.0,3.0,-105.0,13.0,NR,-109,14,-11,2,644640,48,0.0,5G,5G,20
2026.08.18_16.47.01,39.66286,-75.757604,20.0,3.0,-105.0,13.0,NR,-111,11,-11,2,644640,48,0.0,5G,5G,20
2026.08.18_16.47.03,39.662862,-75.757433,28.0,3.0,-105.0,13.0,NR,-114,5,-11,2,644640,48,0.0,5G,5G,20
2026.08.18_16.47.05,39.66286,-75.757216,35.0,3.0,-105.0,13.0,NR,-116,4,-12,2,644640,48,0.0,5G,5G,20
2026.08.18_16.47.07,39.662857,-75.756979,37.0,3.0,-105.0,13.0,NR,-116,4,-12,2,644640,48,0.0,5G,5G,20
2026.08.18_16.47.08,39.66286,-75.756848,39.0,3.0,-105.0,13.0,NR,-116,4,-12,2,644640,48,0.0,5G,5G,20
2026.08.18_16.47.09,39.662864,-75.756724,40.0,3.0,-105.0,13.0,NR,-101,21,-11,2,644640,48,0.0,5G,5G,20
2026.08.18_16.47.10,39.662877,-75.756598,41.0,3.0,-105.0,13.0,NR,-101,21,-11,2,644640,48,0.0,5G,5G,20
2026.08.18_16.47.11,39.662891,-75.756464,42.0,3.0,-105.0,13.0,NR,-105,18,-11,2,644640,48,0.0,5G,5G,20
2026.08.18_16.47.12,39.662898,-75.756327,43.0,3.0,-105.0,13.0,NR,-105,18,-11,2,644640,48,0.0,5G,5G,20
2026.08.18_16.47.13,39.662909,-75.75619,43.0,3.0,-105.0,13.0,NR,-105,18,-11,2,644640,48,0.0,5G,5G,20
2026.08.18_16.47.14,39.662928,-75.75605,43.0,3.0,-105.0,13.0,NR,-103,14,-11,2,644640,48,0.0,5G,5G,20
2026.08.18_16.47.15,39.66294,-75.755913,42.0,3.0,-105.0,13.0,NR,-103,14,-11,2,644640,48,0.0,5G,5G,20
2026.08.18_16.47.16,39.66296,-75.755786,41.0,3.0,-105.0,13.0,NR,-109,11,-11,2,644640,48,0.0,5G,5G,20
2026.08.18_16.47.17,39.662968,-75.755668,37.0,3.0,-105.0,13.0,NR,-109,11,-11,2,644640,48,0.0,5G,5G,20
2026.08.18_16.47.19,39.662987,-75.755492,23.0,4.0,-105.0,13.0,NR,-110,17,-11,2,644640,48,0.0,5G,5G,20
2026.08.18_16.47.22,39.66307,-75.755398,18.0,3.0,-105.0,13.0,NR,-116,5,-12,2,644640,48,0.0,5G,5G,20
2026.08.18_16.47.24,39.663162,-75.755407,20.0,3.0,-105.0,13.0,NR,-115,6,-12,2,644640,48,0.0,5G,5G,20
2026.08.18_16.47.26,39.66327,-75.755423,25.0,3.0,-105.0,13.0,NR,-118,5,-12,2,644640,48,0.0,5G,5G,20
2026.08.18_16.47.28,39.66341,-75.755447,29.0,3.0,-105.0,13.0,NR,-118,5,-12,2,644640,48,0.0,5G,5G,20
2026.08.18_16.47.30,39.663549,-75.755474,30.0,3.0,-105.0,13.0,NR,-116,7,-12,2,644640,48,0.0,5G,5G,20
2026.08.18_16.47.32,39.66366,-75.755493,19.0,3.0,-105.0,13.0,NR,-114,7,-11,2,644640,48,0.0,5G,5G,20
2026.08.18_16.47.36,39.663756,-75.755451,11.0,3.0,-105.0,13.0,NR,-99,23,-11,2,644640,48,0.0,5G,5G,20
2026.08.18_16.47.39,39.663773,-75.755291,18.0,3.0,-105.0,13.0,NR,-99,23,-11,2,644640,48,0.0,5G,5G,20
2026.08.18_16.47.41,39.66378,-75.755123,25.0,3.0,-105.0,13.0,NR,-110,9,-11,2,644640,48,0.0,5G,5G,20
2026.08.18_16.47.43,39.663788,-75.754964,21.0,3.0,-105.0,13.0,NR,-102,24,-11,2,644640,48,0.0,5G,5G,20
2026.08.18_16.47.46,39.663816,-75.754843,12.0,3.0,-105.0,13.0,NR,-107,13,-11,2,644640,48,0.0,5G,5G,20
2026.08.18_16.47.49,39.663928,-75.754802,19.0,3.0,-105.0,13.0,NR,-104,23,-11,2,644640,48,0.0,5G,5G,20
2026.08.18_16.47.51,39.664027,-75.754801,19.0,3.0,-105.0,13.0,NR,-116,6,-12,2,644640,48,0.0,5G,5G,20
2026.08.18_16.47.53,39.66412,-75.754806,18.0,3.0,-105.0,13.0,NR,-109,12,-11,2,644640,48,0.0,5G,5G,20
2026.08.18_16.48.03,39.66422,-75.754812,9.0,4.0,-105.0,13.0,NR,-113,7,-11,2,644640,48,0.0,5G,5G,20
2026.08.18_16.48.09,39.664305,-75.754895,11.0,3.0,-105.0,13.0,NR,-107,13,-11,2,644640,48,0.0,5G,5G,20
2026.08.18_16.48.12,39.664304,-75.755014,9.0,3.0,-105.0,13.0,NR,-105,17,-11,2,644640,48,0.0,5G,5G,20
2026.08.18_16.48.17,39.664338,-75.755127,9.0,3.0,-105.0,13.0,NR,-107,24,-11,2,644640,48,0.0,5G,5G,20
2026.08.18_16.48.20,39.66445,-75.755119,17.0,3.0,-105.0,13.0,NR,-107,24,-11,2,644640,48,0.0,5G,5G,20
2026.08.18_16.48.22,39.66457,-75.755108,24.0,3.0,-105.0,13.0,NR,-107,24,-11,2,644640,48,0.0,5G,5G,20
2026.08.18_16.48.24,39.664699,-75.755116,25.0,3.0,-105.0,13.0,NR,-107,24,-11,2,644640,48,0.0,5G,5G,20
2026.08.18_16.48.26,39.664816,-75.755091,23.0,3.0,-105.0,13.0,NR,-107,24,-11,2,644640,48,0.0,5G,5G,20
2026.08.18_16.48.28,39.664906,-75.755001,21.0,3.0,-105.0,13.0,NR,-107,24,-11,2,644640,48,0.0,5G,5G,20
2026.08.18_16.48.30,39.664994,-75.754945,18.0,3.0,-105.0,13.0,NR,-107,24,-11,2,644640,48,0.0,5G,5G,20
2026.08.18_16.48.32,39.665096,-75.754953,20.0,3.0,-105.0,13.0,NR,-107,24,-11,2,644640,48,0.0,5G,5G,20
2026.08.18_16.48.34,39.665166,-75.75504,19.0,3.0,-105.0,13.0,NR,-107,24,-11,2,644640,48,0.0,5G,5G,20
2026.08.18_16.48.36,39.66517,-75.755161,17.0,3.0,-105.0,13.0,NR,-107,24,-11,2,644640,48,0.0,5G,5G,20
2026.08.18_16.48.38,39.665115,-75.755285,22.0,3.0,-105.0,13.0,NR,-107,24,-11,2,644640,48,0.0,5G,5G,20
2026.08.18_16.48.40,39.665018,-75.755367,23.0,3.0,-105.0,13.0,NR,-107,24,-11,2,644640,48,0.0,5G,5G,20
2026.08.18_16.48.42,39.664881,-75.755358,26.0,3.0,-105.0,13.0,NR,-107,24,-11,2,644640,48,0.0,5G,5G,20
2026.08.18_16.48.44,39.664726,-75.75534,31.0,3.0,-105.0,13.0,NR,-107,24,-11,2,644640,48,0.0,5G,5G,20
2026.08.18_16.48.46,39.664562,-75.755323,32.0,3.0,-105.0,13.0,NR,-107,24,-11,2,644640,48,0.0,5G,5G,20
2026.08.18_16.48.48,39.664392,-75.755299,33.0,3.0,-105.0,13.0,NR,-107,24,-11,2,644640,48,0.0,5G,5G,20
2026.08.18_16.48.50,39.664224,-75.755275,32.0,3.0,-105.0,13.0,NR,-107,24,-11,2,644640,48,0.0,5G,5G,20
2026.08.18_16.48.52,39.664079,-75.755258,28.0,3.0,-105.0,13.0,NR,-107,24,-11,2,644640,48,0.0,5G,5G,20
2026.08.18_16.48.54,39.663942,-75.755245,25.0,3.0,-105.0,13.0,NR,-107,24,-11,2,644640,48,0.0,5G,5G,20
2026.08.18_16.48.56,39.663849,-75.755235,15.0,3.0,-105.0,13.0,NR,-107,24,-11,2,644640,48,0.0,5G,5G,20
2026.08.18_16.49.01,39.66379,-75.755343,10.0,3.0,-105.0,13.0,NR,-107,24,-11,2,644640,48,0.0,5G,5G,20
2026.08.18_16.49.05,39.663809,-75.75549,12.0,3.0,-105.0,13.0,NR,-107,24,-11,2,644640,48,0.0,5G,5G,20
2026.08.18_16.49.08,39.663915,-75.755537,14.0,3.0,-105.0,13.0,NR,-107,24,-11,2,644640,48,0.0,5G,5G,20
2026.08.18_16.49.18,39.664026,-75.755566,13.0,3.0,-105.0,13.0,NR,-107,24,-11,2,644640,48,0.0,5G,5G,20
2026.08.18_16.49.20,39.664055,-75.755689,20.0,3.0,-105.0,13.0,LTE,,,,268,5110,12,0.0,5G,5G,13
2026.08.18_16.49.22,39.664044,-75.75584,24.0,3.0,-105.0,13.0,LTE,,,,268,5110,12,0.0,5G,5G,13
2026.08.18_16.49.24,39.664028,-75.756003,24.0,3.0,-105.0,13.0,LTE,,,,268,5110,12,0.0,5G,5G,13
2026.08.18_16.49.26,39.663991,-75.756149,21.0,3.0,-105.0,13.0,LTE,,,,268,5110,12,0.0,5G,5G,13
2026.08.18_16.49.28,39.66391,-75.756219,19.0,3.0,-105.0,13.0,LTE,,,,268,5110,12,0.0,5G,5G,13
2026.08.18_16.49.30,39.663802,-75.756212,20.0,3.0,-105.0,13.0,LTE,,,,268,5110,12,0.0,5G,5G,13
2026.08.18_16.49.32,39.663698,-75.756193,18.0,3.0,-105.0,13.0,LTE,,,,268,5110,12,0.0,5G,5G,13
2026.08.18_16.49.35,39.663636,-75.7563,15.0,3.0,-105.0,13.0,LTE,,,,268,5110,12,0.0,5G,5G,13
2026.08.18_16.49.37,39.663632,-75.756471,24.0,3.0,-105.0,13.0,LTE,,,,268,5110,12,0.0,5G,5G,13
2026.08.18_16.49.39,39.663627,-75.75666,27.0,3.0,-105.0,13.0,LTE,,,,268,5110,12,0.0,5G,5G,13
2026.08.18_16.49.41,39.663625,-75.756835,25.0,3.0,-105.0,13.0,LTE,,,,268,5110,12,0.0,5G,5G,13
2026.08.18_16.49.43,39.663613,-75.756983,22.0,3.0,-105.0,13.0,LTE,,,,268,5110,12,0.0,5G,5G,13
2026.08.18_16.49.46,39.663594,-75.757139,11.0,3.0,-105.0,13.0,LTE,,,,268,5110,12,0.0,5G,5G,13
2026.08.18_16.49.50,39.663679,-75.757228,14.0,3.0,-105.0,13.0,LTE,,,,268,5110,12,0.0,5G,5G,13
2026.08.18_16.49.52,39.663777,-75.757232,18.0,3.0,-105.0,13.0,LTE,,,,268,5110,12,0.0,5G,5G,13
2026.08.18_16.49.55,39.663888,-75.757209,13.0,3.0,-105.0,13.0,LTE,,,,268,5110,12,0.0,5G,5G,13
2026.08.18_16.49.57,39.66394,-75.757109,18.0,3.0,-105.0,13.0,LTE,,,,268,5110,12,0.0,5G,5G,13
2026.08.18_16.49.59,39.663951,-75.756951,25.0,3.0,-105.0,13.0,LTE,,,,268,5110,12,0.0,5G,5G,13
2026.08.18_16.50.01,39.663964,-75.756764,28.0,3.0,-105.0,13.0,LTE,,,,268,5110,12,0.0,5G,5G,13
2026.08.18_16.50.03,39.663976,-75.756572,29.0,3.0,-105.0,13.0,LTE,,,,268,5110,12,0.0,5G,5G,13
2026.08.18_16.50.05,39.66399,-75.756361,32.0,3.0,-105.0,13.0,LTE,,,,268,5110,12,0.0,5G,5G,13
2026.08.18_16.50.07,39.664002,-75.756145,32.0,3.0,-105.0,13.0,LTE,,,,268,5110,12,0.0,5G,5G,13
2026.08.18_16.50.09,39.664017,-75.755941,30.0,3.0,-105.0,13.0,LTE,,,,268,5110,12,0.0,5G,5G,13
2026.08.18_16.50.11,39.664019,-75.755755,25.0,3.0,-105.0,13.0,LTE,,,,268,5110,12,0.0,5G,5G,13
2026.08.18_16.50.14,39.664021,-75.755607,10.0,3.0,-105.0,13.0,LTE,,,,268,5110,12,0.0,5G,5G,13
2026.08.18_16.50.18,39.664075,-75.755493,14.0,3.0,-105.0,13.0,LTE,,,,268,5110,12,0.0,5G,5G,13
2026.08.18_16.50.20,39.664194,-75.755495,23.0,3.0,-105.0,13.0,LTE,,,,268,5110,12,0.0,5G,5G,13
2026.08.18_16.50.22,39.664347,-75.75552,32.0,3.0,-105.0,13.0,LTE,,,,268,5110,12,0.0,5G,5G,13
2026.08.18_16.50.23,39.664439,-75.755528,36.0,3.0,-105.0,13.0,LTE,,,,268,5110,12,0.0,5G,5G,13
2026.08.18_16.50.24,39.664533,-75.75554,38.0,3.0,-105.0,13.0,LTE,,,,268,5110,12,0.0,5G,5G,13
2026.08.18_16.50.25,39.664633,-75.755553,40.0,3.0,-105.0,13.0,LTE,,,,268,5110,12,0.0,5G,5G,13
2026.08.18_16.50.26,39.664738,-75.755566,41.0,3.0,-105.0,13.0,LTE,,,,268,5110,12,0.0,5G,5G,13
2026.08.18_16.50.27,39.66484,-75.755583,40.0,3.0,-105.0,13.0,LTE,,,,268,5110,12,0.0,5G,5G,13
2026.08.18_16.50.28,39.66494,-75.755599,39.0,3.0,-105.0,13.0,LTE,,,,268,5110,12,0.0,5G,5G,13
2026.08.18_16.50.29,39.665036,-75.755613,38.0,3.0,-105.0,13.0,LTE,,,,268,5110,12,0.0,5G,5G,13
2026.08.18_16.50.30,39.66513,-75.755623,37.0,3.0,-105.0,13.0,LTE,,,,268,5110,12,0.0,5G,5G,13
2026.08.18_16.50.31,39.665221,-75.755631,36.0,3.0,-105.0,13.0,LTE,,,,268,5110,12,0.0,5G,5G,13
2026.08.18_16.50.33,39.665385,-75.75565,31.0,3.0,-105.0,13.0,LTE,,,,268,5110,12,0.0,5G,5G,13
2026.08.18_16.50.35,39.665505,-75.755663,22.0,3.0,-105.0,13.0,LTE,,,,268,5110,12,0.0,5G,5G,13
2026.08.18_16.50.38,39.665614,-75.755672,12.0,3.0,-105.0,13.0,LTE,,,,268,5110,12,0.0,5G,5G,13
2026.08.18_16.50.41,39.665695,-75.755549,18.0,3.0,-105.0,13.0,NR,-103,5,-12,1,637248,48,0.0,5G,5G,20
2026.08.18_16.50.43,39.665703,-75.755385,27.0,3.0,-105.0,13.0,NR,-104,0,-11,1,637248,48,0.0,5G,5G,20
2026.08.18_16.50.45,39.665717,-75.75518,32.0,3.0,-105.0,13.0,NR,-104,0,-11,1,637248,48,0.0,5G,5G,20
2026.08.18_16.50.47,39.665734,-75.754961,33.0,3.0,-105.0,13.0,NR,-105,-3,-11,1,637248,48,0.0,5G,5G,20
2026.08.18_16.50.49,39.665745,-75.75475,32.0,3.0,-105.0,13.0,NR,-104,1,-11,1,637248,48,0.0,5G,5G,20
2026.08.18_16.50.51,39.665746,-75.754546,31.0,3.0,-105.0,13.0,NR,-107,-1,-11,1,637248,48,0.0,5G,5G,20
2026.08.18_16.50.53,39.665761,-75.754343,30.0,3.0,-105.0,13.0,NR,-105,-2,-11,1,637248,48,0.0,5G,5G,20
2026.08.18_16.50.55,39.665769,-75.754166,25.0,3.0,-105.0,13.0,NR,-111,-2,-11,1,637248,48,0.0,5G,5G,20
2026.08.18_16.50.58,39.66585,-75.754082,14.0,3.0,-105.0,13.0,NR,-113,-1,-11,1,637248,48,0.0,5G,5G,20
2026.08.18_16.51.00,39.665944,-75.754097,19.0,3.0,-105.0,13.0,NR,-105,4,-11,1,637248,48,0.0,5G,5G,20
2026.08.18_16.51.02,39.666054,-75.754116,21.0,3.0,-105.0,13.0,NR,-106,2,-11,1,637248,48,0.0,5G,5G,20
2026.08.18_16.51.04,39.666162,-75.754131,21.0,3.0,-105.0,13.0,NR,-104,-3,-13,1,637248,48,0.0,5G,5G,20
2026.08.18_16.51.06,39.666282,-75.75414,23.0,3.0,-105.0,13.0,NR,-110,-7,-12,1,637248,48,0.0,5G,5G,20
2026.08.18_16.51.08,39.666388,-75.754154,21.0,3.0,-105.0,13.0,NR,-107,-2,-11,1,637248,48,0.0,5G,5G,20
2026.08.18_16.51.11,39.666504,-75.754203,14.0,3.0,-105.0,13.0,NR,-109,2,-11,1,637248,48,0.0,5G,5G,20
2026.08.18_16.51.13,39.666571,-75.754293,17.0,3.0,-105.0,13.0,NR,-109,2,-11,1,637248,48,0.0,5G,5G,20
2026.08.18_16.51.15,39.666664,-75.75433,19.0,3.0,-105.0,13.0,NR,-107,1,-11,1,637248,48,0.0,5G,5G,20
2026.08.18_16.51.18,39.666773,-75.754341,10.0,3.0,-105.0,13.0,NR,-112,3,-11,1,637248,48,0.0,5G,5G,20
2026.08.18_16.51.26,39.666869,-75.754348,3.0,3.0,-105.0,13.0,NR,-111,2,-11,1,637248,48,0.0,5G,5G,20
2026.08.18_16.51.30,39.66696,-75.754452,19.0,3.0,-105.0,13.0,NR,-105,0,-11,1,637248,48,0.0,5G,5G,20
2026.08.18_16.51.32,39.666957,-75.754618,27.0,3.0,-105.0,13.0,NR,-111,0,-12,1,637248,48,0.0,5G,5G,20
2026.08.18_16.51.33,39.666937,-75.754734,32.0,3.0,-105.0,13.0,NR,-103,1,-12,1,637248,48,0.0,5G,5G,20
2026.08.18_16.51.34,39.666928,-75.754854,37.0,3.0,-105.0,13.0,NR,-103,1,-12,1,637248,48,0.0,5G,5G,20
2026.08.18_16.51.35,39.66692,-75.754982,39.0,3.0,-105.0,13.0,NR,-100,1,-11,1,637248,48,0.0,5G,5G,20
2026.08.18_16.51.36,39.666908,-75.755115,40.0,3.0,-105.0,13.0,NR,-100,1,-11,1,637248,48,0.0,5G,5G,20
2026.08.18_16.51.37,39.666897,-75.755249,41.0,3.0,-105.0,13.0,NR,-101,4,-11,1,637248,48,0.0,5G,5G,20
2026.08.18_16.51.38,39.666886,-75.755373,40.0,3.0,-105.0,13.0,NR,-101,4,-11,1,637248,48,0.0,5G,5G,20
2026.08.18_16.51.39,39.666876,-75.755497,38.0,3.0,-105.0,13.0,NR,-105,19,-11,2,644640,48,0.0,5G,5G,20
2026.08.18_16.51.41,39.666864,-75.755668,23.0,3.0,-105.0,13.0,NR,-106,14,-11,2,644640,48,0.0,5G,5G,20
2026.08.18_16.51.44,39.666884,-75.755791,14.0,3.0,-105.0,13.0,NR,-106,14,-11,2,644640,48,0.0,5G,5G,20
2026.08.18_16.51.46,39.666958,-75.755864,18.0,3.0,-105.0,13.0,NR,-106,14,-11,2,644640,48,0.0,5G,5G,20
2026.08.18_16.51.48,39.66708,-75.755877,26.0,3.0,-105.0,13.0,NR,-108,11,-11,2,644640,48,0.0,5G,5G,20
2026.08.18_16.51.50,39.66724,-75.755891,32.0,3.0,-105.0,13.0,NR,-104,19,-11,2,644640,48,0.0,5G,5G,20
2026.08.18_16.51.52,39.667413,-75.755909,34.0,3.0,-105.0,13.0,NR,-112,9,-12,2,644640,48,0.0,5G,5G,20
2026.08.18_16.51.54,39.66759,-75.755929,35.0,3.0,-105.0,13.0,NR,-116,4,-12,2,644640,48,0.0,5G,5G,20
2026.08.18_16.51.55,39.667682,-75.755941,36.0,3.0,-105.0,13.0,NR,-116,4,-12,2,644640,48,0.0,5G,5G,20
2026.08.18_16.51.56,39.667773,-75.755949,36.0,3.0,-105.0,13.0,NR,-116,4,-12,2,644640,48,0.0,5G,5G,20
2026.08.18_16.51.58,39.667945,-75.755969,32.0,3.0,-105.0,13.0,NR,-118,4,-12,2,644640,48,0.0,5G,5G,20
2026.08.18_16.52.00,39.668053,-75.755946,20.0,3.0,-105.0,13.0,NR,-118,4,-12,2,644640,48,0.0,5G,5G,20
2026.08.18_16.52.03,39.668102,-75.755771,22.0,3.0,-105.0,13.0,NR,-116,6,-12,2,644640,48,0.0,5G,5G,20
2026.08.18_16.52.05,39.66811,-75.755582,29.0,3.0,-105.0,13.0,NR,-116,6,-12,2,644640,48,0.0,5G,5G,20
2026.08.18_16.52.07,39.668129,-75.755358,34.0,3.0,-105.0,13.0,NR,-124,0,-15,2,644640,48,0.0,5G,5G,20
2026.08.18_16.52.08,39.66814,-75.755241,36.0,3.0,-105.0,13.0,NR,-124,0,-15,2,644640,48,0.0,5G,5G,20
2026.08.18_16.52.09,39.668149,-75.755125,35.0,3.0,-105.0,13.0,NR,-124,2,-14,2,644640,48,0.0,5G,5G,20
2026.08.18_16.52.11,39.668161,-75.754895,35.0,3.0,-105.0,13.0,NR,-121,0,-13,2,644640,48,0.0,5G,5G,20
2026.08.18_16.52.13,39.668171,-75.754701,27.0,3.0,-105.0,13.0,NR,-118,1,-12,2,644640,48,0.0,5G,5G,20
2026.08.18_16.52.17,39.668179,-75.754572,9.0,3.0,-105.0,13.0,NR,-126,-1,-16,2,644640,48,0.0,5G,5G,20
2026.08.18_16.52.19,39.668187,-75.754449,20.0,3.0,-105.0,13.0,NR,-126,-3,-16,2,644640,48,0.0,5G,5G,20
2026.08.18_16.52.21,39.668203,-75.754266,29.0,3.0,-105.0,13.0,NR,-121,4,-13,2,644640,48,0.0,5G,5G,20
2026.08.18_16.52.23,39.66822,-75.754049,34.0,3.0,-105.0,13.0,NR,-121,2,-13,2,644640,48,0.0,5G,5G,20
2026.08.18_16.52.25,39.668225,-75.753841,34.0,3.0,-105.0,13.0,NR,-118,2,-12,2,644640,48,0.0,5G,5G,20
2026.08.18_16.52.27,39.668238,-75.753625,33.0,3.0,-105.0,13.0,NR,-115,7,-11,2,644640,48,0.0,5G,5G,20
2026.08.18_16.52.29,39.668252,-75.75343,29.0,3.0,-105.0,13.0,NR,-118,3,-13,2,644640,48,0.0,5G,5G,20
2026.08.18_16.52.31,39.668312,-75.753275,26.0,3.0,-105.0,13.0,NR,-118,4,-12,2,644640,48,0.0,5G,5G,20
2026.08.18_16.52.33,39.668425,-75.753191,25.0,3.0,-105.0,13.0,NR,-122,0,-13,2,644640,48,0.0,5G,5G,20
2026.08.18_16.52.35,39.668562,-75.753154,28.0,3.0,-105.0,13.0,NR,-113,8,-11,2,644640,48,0.0,5G,5G,20
2026.08.18_16.52.37,39.668721,-75.753142,32.0,3.0,-105.0,13.0,NR,-119,5,-12,2,644640,48,0.0,5G,5G,20
2026.08.18_16.52.39,39.668894,-75.753131,35.0,3.0,-105.0,13.0,NR,-117,5,-12,2,644640,48,0.0,5G,5G,20
2026.08.18_16.52.40,39.668984,-75.753123,35.0,3.0,-105.0,13.0,NR,-117,5,-12,2,644640,48,0.0,5G,5G,20
2026.08.18_16.52.41,39.669076,-75.753118,35.0,3.0,-105.0,13.0,NR,-123,0,-15,2,644640,48,0.0,5G,5G,20
2026.08.18_16.52.43,39.66925,-75.753109,34.0,3.0,-105.0,13.0,NR,-121,0,-14,2,644640,48,0.0,5G,5G,20
2026.08.18_16.52.45,39.669412,-75.753102,30.0,3.0,-105.0,13.0,NR,-116,5,-13,2,644640,48,0.0,5G,5G,20
2026.08.18_16.52.47,39.669536,-75.753113,21.0,3.0,-105.0,13.0,NR,-116,5,-13,2,644640,48,0.0,5G,5G,20
2026.08.18_16.52.49,39.669622,-75.753182,19.0,3.0,-105.0,13.0,NR,-119,1,-12,2,644640,48,0.0,5G,5G,20
2026.08.18_16.52.51,39.669657,-75.75329,16.0,3.0,-105.0,13.0,NR,-118,5,-12,2,644640,48,0.0,5G,5G,20
2026.08.18_16.52.54,39.669614,-75.753432,16.0,3.0,-105.0,13.0,NR,-120,4,-13,2,644640,48,0.0,5G,5G,20
2026.08.18_16.52.56,39.669563,-75.753556,22.0,3.0,-105.0,13.0,NR,-114,12,-12,2,644640,48,0.0,5G,5G,20
2026.08.18_16.52.58,39.669495,-75.7537,26.0,3.0,-105.0,13.0,NR,-117,7,-12,2,644640,48,0.0,5G,5G,20
2026.08.18_16.53.00,39.669413,-75.753865,31.0,3.0,-105.0,13.0,NR,-118,8,-12,2,644640,48,0.0,5G,5G,20
2026.08.18_16.53.02,39.669321,-75.754045,32.0,3.0,-105.0,13.0,NR,-119,2,-12,2,644640,48,0.0,5G,5G,20
2026.08.18_16.53.04,39.669236,-75.754225,33.0,3.0,-105.0,13.0,NR,-118,3,-12,2,644640,48,0.0,5G,5G,20
2026.08.18_16.53.05,39.669236,-75.754225,33.0,3.0,-105.0,13.0,NR,-118,3,-12,2,644640,48,0.0,5G,5G,20
2026.08.18_16.53.06,39.669153,-75.754398,31.0,3.0,-105.0,13.0,NR,-115,5,-12,2,644640,48,0.0,5G,5G,20
2026.08.18_16.53.08,39.669055,-75.754543,28.0,3.0,-105.0,13.0,NR,-115,5,-12,2,644640,48,0.0,5G,5G,20
2026.08.18_16.53.10,39.668926,-75.754601,26.0,3.0,-105.0,13.0,NR,-117,5,-12,2,644640,48,0.0,5G,5G,20
2026.08.18_16.53.12,39.668774,-75.754605,29.0,3.0,-105.0,13.0,NR,-120,3,-13,2,644640,48,0.0,5G,5G,20
2026.08.18_16.53.14,39.668608,-75.754592,33.0,3.0,-105.0,13.0,NR,-118,4,-12,2,644640,48,0.0,5G,5G,20
2026.08.18_16.53.15,39.668517,-75.754585,34.0,3.0,-105.0,13.0,NR,-118,4,-12,2,644640,48,0.0,5G,5G,20
2026.08.18_16.53.17,39.668343,-75.754565,34.0,3.0,-105.0,13.0,NR,-118,5,-12,2,644640,48,0.0,5G,5G,20
2026.08.18_16.53.19,39.668186,-75.75455,30.0,3.0,-105.0,13.0,NR,-119,2,-12,2,644640,48,0.0,5G,5G,20
2026.08.18_16.53.21,39.668008,-75.754529,36.0,3.0,-105.0,13.0,NR,-122,-2,-14,2,644640,48,0.0,5G,5G,20
2026.08.18_16.53.22,39.667907,-75.754515,39.0,3.0,-105.0,13.0,NR,-117,5,-12,2,644640,48,0.0,5G,5G,20
2026.08.18_16.53.23,39.6678,-75.754507,40.0,3.0,-105.0,13.0,NR,-117,5,-12,2,644640,48,0.0,5G,5G,20
2026.08.18_16.53.24,39.667692,-75.754496,41.0,3.0,-105.0,13.0,NR,-117,5,-12,2,644640,48,0.0,5G,5G,20
2026.08.18_16.53.25,39.667587,-75.754483,41.0,3.0,-105.0,13.0,NR,-122,1,-15,2,644640,48,0.0,5G,5G,20
2026.08.18_16.53.26,39.667488,-75.754467,41.0,3.0,-105.0,13.0,NR,-122,1,-15,2,644640,48,0.0,5G,5G,20
2026.08.18_16.53.27,39.667387,-75.754457,39.0,3.0,-105.0,13.0,NR,-119,2,-12,2,644640,48,0.0,5G,5G,20
2026.08.18_16.53.29,39.667228,-75.754437,28.0,3.0,-105.0,13.0,NR,-115,6,-12,2,644640,48,0.0,5G,5G,20
2026.08.18_16.53.31,39.667128,-75.754421,18.0,3.0,-105.0,13.0,NR,-108,13,-11,2,644640,48,0.0,5G,5G,20
2026.08.18_16.53.36,39.667004,-75.754426,15.0,3.0,-105.0,13.0,NR,-110,12,-11,2,644640,48,0.0,5G,5G,20
2026.08.18_16.53.39,39.666946,-75.754593,23.0,3.0,-105.0,13.0,NR,-113,8,-11,2,644640,48,0.0,5G,5G,20
2026.08.18_16.53.41,39.66693,-75.7548,33.0,3.0,-105.0,13.0,NR,-107,12,-11,2,644640,48,0.0,5G,5G,20
2026.08.18_16.53.42,39.666922,-75.754919,36.0,3.0,-105.0,13.0,NR,-107,12,-11,2,644640,48,0.0,5G,5G,20
2026.08.18_16.53.43,39.666913,-75.755042,37.0,3.0,-105.0,13.0,NR,-107,12,-11,2,644640,48,0.0,5G,5G,20
2026.08.18_16.53.44,39.666904,-75.755167,38.0,3.0,-105.0,13.0,NR,-107,12,-11,2,644640,48,0.0,5G,5G,20
2026.08.18_16.53.45,39.666897,-75.755291,38.0,3.0,-105.0,13.0,NR,-104,12,-11,2,644640,48,0.0,5G,5G,20
2026.08.18_16.53.46,39.66689,-75.755409,36.0,3.0,-105.0,13.0,NR,-104,12,-11,2,644640,48,0.0,5G,5G,20
2026.08.18_16.53.48,39.666876,-75.755597,27.0,3.0,-105.0,13.0,NR,-108,17,-11,2,644640,48,0.0,5G,5G,20
2026.08.18_16.53.51,39.666866,-75.755728,13.0,3.0,-105.0,13.0,NR,-110,9,-11,2,644640,48,0.0,5G,5G,20
2026.08.18_16.53.54,39.666776,-75.755849,21.0,3.0,-105.0,13.0,NR,-101,23,-11,2,644640,48,0.0,5G,5G,20
2026.08.18_16.53.56,39.666635,-75.755864,28.0,3.0,-105.0,13.0,NR,-104,15,-11,2,644640,48,0.0,5G,5G,20
2026.08.18_16.53.58,39.666465,-75.755849,34.0,3.0,-105.0,13.0,NR,-108,12,-11,2,644640,48,0.0,5G,5G,20
2026.08.18_16.53.59,39.66637,-75.755839,37.0,3.0,-105.0,13.0,NR,-108,12,-11,2,644640,48,0.0,5G,5G,20
2026.08.18_16.54.00,39.666271,-75.755825,38.0,3.0,-105.0,13.0,NR,-109,12,-11,2,644640,48,0.0,5G,5G,20
2026.08.18_16.54.01,39.666171,-75.755814,39.0,3.0,-105.0,13.0,NR,-109,12,-11,2,644640,48,0.0,5G,5G,20
2026.08.18_16.54.02,39.666075,-75.755802,38.0,3.0,-105.0,13.0,NR,-109,12,-11,2,644640,48,0.0,5G,5G,20
2026.08.18_16.54.04,39.665908,-75.755784,30.0,3.0,-105.0,13.0,NR,-101,19,-12,2,644640,48,0.0,5G,5G,20
2026.08.18_16.54.06,39.66581,-75.755769,18.0,3.0,-105.0,13.0,NR,-108,12,-11,2,644640,48,0.0,5G,5G,20
2026.08.18_16.54.09,39.665708,-75.755854,17.0,3.0,-105.0,13.0,NR,-107,12,-11,2,644640,48,0.0,5G,5G,20
2026.08.18_16.54.11,39.665694,-75.755998,25.0,3.0,-105.0,13.0,NR,-108,11,-11,2,644640,48,0.0,5G,5G,20
2026.08.18_16.54.13,39.665671,-75.756202,33.0,3.0,-105.0,13.0,NR,-102,19,-11,2,644640,48,0.0,5G,5G,20
2026.08.18_16.54.14,39.665659,-75.756321,36.0,3.0,-105.0,13.0,NR,-102,19,-11,2,644640,48,0.0,5G,5G,20
2026.08.18_16.54.15,39.665648,-75.756447,38.0,3.0,-105.0,13.0,NR,-109,12,-11,2,644640,48,0.0,5G,5G,20
2026.08.18_16.54.16,39.665639,-75.756577,40.0,3.0,-105.0,13.0,NR,-109,12,-11,2,644640,48,0.0,5G,5G,20
2026.08.18_16.54.17,39.665631,-75.756711,41.0,3.0,-105.0,13.0,NR,-104,14,-11,2,644640,48,0.0,5G,5G,20
2026.08.18_16.54.18,39.665622,-75.756849,42.0,3.0,-105.0,13.0,NR,-104,14,-11,2,644640,48,0.0,5G,5G,20
2026.08.18_16.54.19,39.665613,-75.756985,42.0,3.0,-105.0,13.0,NR,-104,14,-11,2,644640,48,0.0,5G,5G,20
2026.08.18_16.54.20,39.665604,-75.757125,43.0,3.0,-105.0,13.0,NR,-104,14,-11,2,644640,48,0.0,5G,5G,20
2026.08.18_16.54.21,39.665596,-75.757266,43.0,3.0,-105.0,13.0,NR,-95,26,-11,2,644640,48,0.0,5G,5G,20
2026.08.18_16.54.22,39.665587,-75.757403,42.0,3.0,-105.0,13.0,NR,-95,26,-11,2,644640,48,0.0,5G,5G,20
2026.08.18_16.54.23,39.665575,-75.757537,41.0,3.0,-105.0,13.0,NR,-101,20,-11,2,644640,48,0.0,5G,5G,20
2026.08.18_16.54.24,39.665564,-75.757664,40.0,3.0,-105.0,13.0,NR,-101,20,-11,2,644640,48,0.0,5G,5G,20
2026.08.18_16.54.26,39.665544,-75.757861,27.0,3.0,-105.0,13.0,NR,-101,19,-11,2,644640,48,0.0,5G,5G,20
2026.08.18_16.54.28,39.665562,-75.757979,17.0,3.0,-105.0,13.0,NR,-105,14,-11,2,644640,48,0.0,5G,5G,20
2026.08.18_16.54.30,39.665636,-75.758058,17.0,3.0,-105.0,13.0,NR,-105,14,-11,2,644640,48,0.0,5G,5G,20
2026.08.18_16.54.32,39.665748,-75.758076,24.0,3.0,-105.0,13.0,NR,-89,31,-11,2,644640,48,0.0,5G,5G,20
2026.08.18_16.54.34,39.665887,-75.758037,27.0,3.0,-105.0,13.0,NR,-104,20,-11,2,644640,48,0.0,5G,5G,20
2026.08.18_16.54.36,39.665998,-75.757913,30.0,3.0,-105.0,13.0,NR,-99,23,-11,2,644640,48,0.0,5G,5G,20
2026.08.18_16.54.38,39.666078,-75.757724,34.0,3.0,-105.0,13.0,NR,-99,23,-11,2,644640,48,0.0,5G,5G,20
2026.08.18_16.54.39,39.666127,-75.757624,35.0,3.0,-105.0,13.0,NR,-99,14,-11,2,644640,48,0.0,5G,5G,20
2026.08.18_16.54.40,39.666173,-75.757517,37.0,3.0,-105.0,13.0,NR,-99,14,-11,2,644640,48,0.0,5G,5G,20
2026.08.18_16.54.41,39.666216,-75.757403,39.0,3.0,-105.0,13.0,NR,-96,25,-11,2,644640,48,0.0,5G,5G,20
2026.08.18_16.54.42,39.666265,-75.75729,39.0,3.0,-105.0,13.0,NR,-96,25,-11,2,644640,48,0.0,5G,5G,20
2026.08.18_16.54.43,39.66631,-75.757174,40.0,3.0,-105.0,13.0,NR,-99,22,-11,2,644640,48,0.0,5G,5G,20
2026.08.18_16.54.44,39.666359,-75.757061,39.0,3.0,-105.0,13.0,NR,-99,22,-11,2,644640,48,0.0,5G,5G,20
2026.08.18_16.54.45,39.666406,-75.756952,38.0,3.0,-105.0,13.0,NR,-108,12,-11,2,644640,48,0.0,5G,5G,20
2026.08.18_16.54.46,39.66645,-75.756849,36.0,3.0,-105.0,13.0,NR,-108,12,-11,2,644640,48,0.0,5G,5G,20
2026.08.18_16.54.48,39.666513,-75.75668,26.0,3.0,-105.0,13.0,NR,-108,12,-11,2,644640,48,0.0,5G,5G,20
2026.08.18_16.54.50,39.666599,-75.756587,21.0,3.0,-105.0,13.0,NR,-109,12,-11,2,644640,48,0.0,5G,5G,20
2026.08.18_16.54.52,39.666707,-75.756543,21.0,3.0,-105.0,13.0,NR,-104,15,-11,2,644640,48,0.0,5G,5G,20
2026.08.18_16.54.54,39.666821,-75.756548,24.0,3.0,-105.0,13.0,NR,-104,14,-11,2,644640,48,0.0,5G,5G,20
2026.08.18_16.54.56,39.666926,-75.756564,23.0,3.0,-105.0,13.0,NR,-104,14,-11,2,644640,48,0.0,5G,5G,20
2026.08.18_16.54.58,39.667019,-75.756608,19.0,3.0,-105.0,13.0,NR,-110,8,-11,2,644640,48,0.0,5G,5G,20
2026.08.18_16.55.00,39.667064,-75.756721,19.0,3.0,-105.0,13.0,NR,-110,11,-12,2,644640,48,0.0,5G,5G,20
2026.08.18_16.55.02,39.667037,-75.756859,22.0,3.0,-105.0,13.0,NR,-109,13,-11,2,644640,48,0.0,5G,5G,20
2026.08.18_16.55.04,39.666981,-75.757,24.0,3.0,-105.0,13.0,NR,-109,11,-12,2,644640,48,0.0,5G,5G,20
2026.08.18_16.55.06,39.66693,-75.757104,16.0,3.0,-105.0,13.0,NR,-109,11,-12,2,644640,48,0.0,5G,5G,20
2026.08.18_16.55.09,39.66684,-75.757096,11.0,3.0,-105.0,13.0,NR,-108,9,-11,2,644640,48,0.0,5G,5G,20
