emitter_role,emit_time_ns,run_id,condition_id,condition_label,service_type,transport,av_id,obu_id,rsu_id,request_id,session_id,intersection_id,source_id,sequence,network_load_level,qos_profile,mobility_state,clock_sync_state,accepted,service_success,vehicle_outcome_name,vehicle_outcome_value,vehicle_outcome_unit,frame_type,payload_bytes,client_send_ns,server_receive_ns,server_send_ns,client_receive_ns,rtt_ms,uplink_ms,server_ms,downlink_ms,detail
5g-udp-sender,1783004499561361845,edge4av-real-20260702-detector-output-to-ipi-udp-run-2,p5g-udp-detector-output-payload-4096,detector-output-to-ipi,guided-planning,udp,av-1,obu-1,rsu-1,p5g-udp-detector-output-payload-4096-1,ipi-session-1,detector-output-to-ipi-udp-run-2,av-1,1,idle,default,stationary,unsynced,false,false,detector_payload_bytes,4096,bytes,IPI-CooperativeService,4170,1783004499053698593,,,1783004499561361845,,,,,udp ack timeout
5g-udp-sender,1783004500113394859,edge4av-real-20260702-detector-output-to-ipi-udp-run-2,p5g-udp-detector-output-payload-4096,detector-output-to-ipi,guided-planning,udp,av-1,obu-1,rsu-1,p5g-udp-detector-output-payload-4096-2,ipi-session-1,detector-output-to-ipi-udp-run-2,av-1,2,idle,default,stationary,unsynced,false,false,detector_payload_bytes,4096,bytes,IPI-CooperativeService,4170,1783004499611523233,,,1783004500113394859,,,,,udp ack timeout
5g-udp-sender,1783004500665378652,edge4av-real-20260702-detector-output-to-ipi-udp-run-2,p5g-udp-detector-output-payload-4096,detector-output-to-ipi,guided-planning,udp,av-1,obu-1,rsu-1,p5g-udp-detector-output-payload-4096-3,ipi-session-1,detector-output-to-ipi-udp-run-2,av-1,3,idle,default,stationary,unsynced,false,false,detector_payload_bytes,4096,bytes,IPI-CooperativeService,4170,1783004500163570506,,,1783004500665378652,,,,,udp ack timeout
5g-udp-sender,1783004501217365156,edge4av-real-20260702-detector-output-to-ipi-udp-run-2,p5g-udp-detector-output-payload-4096,detector-output-to-ipi,guided-planning,udp,av-1,obu-1,rsu-1,p5g-udp-detector-output-payload-4096-4,ipi-session-1,detector-output-to-ipi-udp-run-2,av-1,4,idle,default,stationary,unsynced,false,false,detector_payload_bytes,4096,bytes,IPI-CooperativeService,4170,1783004500715508020,,,1783004501217365156,,,,,udp ack timeout
5g-udp-sender,1783004501769369933,edge4av-real-20260702-detector-output-to-ipi-udp-run-2,p5g-udp-detector-output-payload-4096,detector-output-to-ipi,guided-planning,udp,av-1,obu-1,rsu-1,p5g-udp-detector-output-payload-4096-5,ipi-session-1,detector-output-to-ipi-udp-run-2,av-1,5,idle,default,stationary,unsynced,false,false,detector_payload_bytes,4096,bytes,IPI-CooperativeService,4170,1783004501267493087,,,1783004501769369933,,,,,udp ack timeout
5g-udp-sender,1783004502322369733,edge4av-real-20260702-detector-output-to-ipi-udp-run-2,p5g-udp-detector-output-payload-4096,detector-output-to-ipi,guided-planning,udp,av-1,obu-1,rsu-1,p5g-udp-detector-output-payload-4096-6,ipi-session-1,detector-output-to-ipi-udp-run-2,av-1,6,idle,default,stationary,unsynced,false,false,detector_payload_bytes,4096,bytes,IPI-CooperativeService,4170,1783004501819496767,,,1783004502322369733,,,,,udp ack timeout
5g-udp-sender,1783004502874365096,edge4av-real-20260702-detector-output-to-ipi-udp-run-2,p5g-udp-detector-output-payload-4096,detector-output-to-ipi,guided-planning,udp,av-1,obu-1,rsu-1,p5g-udp-detector-output-payload-4096-7,ipi-session-1,detector-output-to-ipi-udp-run-2,av-1,7,idle,default,stationary,unsynced,false,false,detector_payload_bytes,4096,bytes,IPI-CooperativeService,4170,1783004502372499374,,,1783004502874365096,,,,,udp ack timeout
5g-udp-sender,1783004503426360880,edge4av-real-20260702-detector-output-to-ipi-udp-run-2,p5g-udp-detector-output-payload-4096,detector-output-to-ipi,guided-planning,udp,av-1,obu-1,rsu-1,p5g-udp-detector-output-payload-4096-8,ipi-session-1,detector-output-to-ipi-udp-run-2,av-1,8,idle,default,stationary,unsynced,false,false,detector_payload_bytes,4096,bytes,IPI-CooperativeService,4170,1783004502924486567,,,1783004503426360880,,,,,udp ack timeout
5g-udp-sender,1783004503977367281,edge4av-real-20260702-detector-output-to-ipi-udp-run-2,p5g-udp-detector-output-payload-4096,detector-output-to-ipi,guided-planning,udp,av-1,obu-1,rsu-1,p5g-udp-detector-output-payload-4096-9,ipi-session-1,detector-output-to-ipi-udp-run-2,av-1,9,idle,default,stationary,unsynced,false,false,detector_payload_bytes,4096,bytes,IPI-CooperativeService,4170,1783004503476525098,,,1783004503977367281,,,,,udp ack timeout
5g-udp-sender,1783004504530373834,edge4av-real-20260702-detector-output-to-ipi-udp-run-2,p5g-udp-detector-output-payload-4096,detector-output-to-ipi,guided-planning,udp,av-1,obu-1,rsu-1,p5g-udp-detector-output-payload-4096-10,ipi-session-1,detector-output-to-ipi-udp-run-2,av-1,10,idle,default,stationary,unsynced,false,false,detector_payload_bytes,4096,bytes,IPI-CooperativeService,4171,1783004504027652410,,,1783004504530373834,,,,,udp ack timeout
5g-udp-sender,1783004505082368134,edge4av-real-20260702-detector-output-to-ipi-udp-run-2,p5g-udp-detector-output-payload-4096,detector-output-to-ipi,guided-planning,udp,av-1,obu-1,rsu-1,p5g-udp-detector-output-payload-4096-11,ipi-session-1,detector-output-to-ipi-udp-run-2,av-1,11,idle,default,stationary,unsynced,false,false,detector_payload_bytes,4096,bytes,IPI-CooperativeService,4171,1783004504580510518,,,1783004505082368134,,,,,udp ack timeout
5g-udp-sender,1783004505633392071,edge4av-real-20260702-detector-output-to-ipi-udp-run-2,p5g-udp-detector-output-payload-4096,detector-output-to-ipi,guided-planning,udp,av-1,obu-1,rsu-1,p5g-udp-detector-output-payload-4096-12,ipi-session-1,detector-output-to-ipi-udp-run-2,av-1,12,idle,default,stationary,unsynced,false,false,detector_payload_bytes,4096,bytes,IPI-CooperativeService,4171,1783004505132501605,,,1783004505633392071,,,,,udp ack timeout
5g-udp-sender,1783004506185365791,edge4av-real-20260702-detector-output-to-ipi-udp-run-2,p5g-udp-detector-output-payload-4096,detector-output-to-ipi,guided-planning,udp,av-1,obu-1,rsu-1,p5g-udp-detector-output-payload-4096-13,ipi-session-1,detector-output-to-ipi-udp-run-2,av-1,13,idle,default,stationary,unsynced,false,false,detector_payload_bytes,4096,bytes,IPI-CooperativeService,4171,1783004505683522546,,,1783004506185365791,,,,,udp ack timeout
5g-udp-sender,1783004506737368188,edge4av-real-20260702-detector-output-to-ipi-udp-run-2,p5g-udp-detector-output-payload-4096,detector-output-to-ipi,guided-planning,udp,av-1,obu-1,rsu-1,p5g-udp-detector-output-payload-4096-14,ipi-session-1,detector-output-to-ipi-udp-run-2,av-1,14,idle,default,stationary,unsynced,false,false,detector_payload_bytes,4096,bytes,IPI-CooperativeService,4171,1783004506235500893,,,1783004506737368188,,,,,udp ack timeout
5g-udp-sender,1783004507290380891,edge4av-real-20260702-detector-output-to-ipi-udp-run-2,p5g-udp-detector-output-payload-4096,detector-output-to-ipi,guided-planning,udp,av-1,obu-1,rsu-1,p5g-udp-detector-output-payload-4096-15,ipi-session-1,detector-output-to-ipi-udp-run-2,av-1,15,idle,default,stationary,unsynced,false,false,detector_payload_bytes,4096,bytes,IPI-CooperativeService,4171,1783004506787496623,,,1783004507290380891,,,,,udp ack timeout
5g-udp-sender,1783004507841362489,edge4av-real-20260702-detector-output-to-ipi-udp-run-2,p5g-udp-detector-output-payload-4096,detector-output-to-ipi,guided-planning,udp,av-1,obu-1,rsu-1,p5g-udp-detector-output-payload-4096-16,ipi-session-1,detector-output-to-ipi-udp-run-2,av-1,16,idle,default,stationary,unsynced,false,false,detector_payload_bytes,4096,bytes,IPI-CooperativeService,4171,1783004507340509279,,,1783004507841362489,,,,,udp ack timeout
5g-udp-sender,1783004508394361675,edge4av-real-20260702-detector-output-to-ipi-udp-run-2,p5g-udp-detector-output-payload-4096,detector-output-to-ipi,guided-planning,udp,av-1,obu-1,rsu-1,p5g-udp-detector-output-payload-4096-17,ipi-session-1,detector-output-to-ipi-udp-run-2,av-1,17,idle,default,stationary,unsynced,false,false,detector_payload_bytes,4096,bytes,IPI-CooperativeService,4171,1783004507891494290,,,1783004508394361675,,,,,udp ack timeout
5g-udp-sender,1783004508946366382,edge4av-real-20260702-detector-output-to-ipi-udp-run-2,p5g-udp-detector-output-payload-4096,detector-output-to-ipi,guided-planning,udp,av-1,obu-1,rsu-1,p5g-udp-detector-output-payload-4096-18,ipi-session-1,detector-output-to-ipi-udp-run-2,av-1,18,idle,default,stationary,unsynced,false,false,detector_payload_bytes,4096,bytes,IPI-CooperativeService,4171,1783004508444512780,,,1783004508946366382,,,,,udp ack timeout
5g-udp-sender,1783004509497364192,edge4av-real-20260702-detector-output-to-ipi-udp-run-2,p5g-udp-detector-output-payload-4096,detector-output-to-ipi,guided-planning,udp,av-1,obu-1,rsu-1,p5g-udp-detector-output-payload-4096-19,ipi-session-1,detector-output-to-ipi-udp-run-2,av-1,19,idle,default,stationary,unsynced,false,false,detector_payload_bytes,4096,bytes,IPI-CooperativeService,4171,1783004508996555917,,,1783004509497364192,,,,,udp ack timeout
5g-udp-sender,1783004510049381323,edge4av-real-20260702-detector-output-to-ipi-udp-run-2,p5g-udp-detector-output-payload-4096,detector-output-to-ipi,guided-planning,udp,av-1,obu-1,rsu-1,p5g-udp-detector-output-payload-4096-20,ipi-session-1,detector-output-to-ipi-udp-run-2,av-1,20,idle,default,stationary,unsynced,false,false,detector_payload_bytes,4096,bytes,IPI-CooperativeService,4171,1783004509547492733,,,1783004510049381323,,,,,udp ack timeout
5g-udp-sender,1783004510601382489,edge4av-real-20260702-detector-output-to-ipi-udp-run-2,p5g-udp-detector-output-payload-4096,detector-output-to-ipi,guided-planning,udp,av-1,obu-1,rsu-1,p5g-udp-detector-output-payload-4096-21,ipi-session-1,detector-output-to-ipi-udp-run-2,av-1,21,idle,default,stationary,unsynced,false,false,detector_payload_bytes,4096,bytes,IPI-CooperativeService,4171,1783004510099513870,,,1783004510601382489,,,,,udp ack timeout
5g-udp-sender,1783004511154367292,edge4av-real-20260702-detector-output-to-ipi-udp-run-2,p5g-udp-detector-output-payload-4096,detector-output-to-ipi,guided-planning,udp,av-1,obu-1,rsu-1,p5g-udp-detector-output-payload-4096-22,ipi-session-1,detector-output-to-ipi-udp-run-2,av-1,22,idle,default,stationary,unsynced,false,false,detector_payload_bytes,4096,bytes,IPI-CooperativeService,4171,1783004510652415372,,,1783004511154367292,,,,,udp ack timeout
5g-udp-sender,1783004511705376849,edge4av-real-20260702-detector-output-to-ipi-udp-run-2,p5g-udp-detector-output-payload-4096,detector-output-to-ipi,guided-planning,udp,av-1,obu-1,rsu-1,p5g-udp-detector-output-payload-4096-23,ipi-session-1,detector-output-to-ipi-udp-run-2,av-1,23,idle,default,stationary,unsynced,false,false,detector_payload_bytes,4096,bytes,IPI-CooperativeService,4171,1783004511204540557,,,1783004511705376849,,,,,udp ack timeout
5g-udp-sender,1783004512257379799,edge4av-real-20260702-detector-output-to-ipi-udp-run-2,p5g-udp-detector-output-payload-4096,detector-output-to-ipi,guided-planning,udp,av-1,obu-1,rsu-1,p5g-udp-detector-output-payload-4096-24,ipi-session-1,detector-output-to-ipi-udp-run-2,av-1,24,idle,default,stationary,unsynced,false,false,detector_payload_bytes,4096,bytes,IPI-CooperativeService,4171,1783004511755544040,,,1783004512257379799,,,,,udp ack timeout
5g-udp-sender,1783004512809378002,edge4av-real-20260702-detector-output-to-ipi-udp-run-2,p5g-udp-detector-output-payload-4096,detector-output-to-ipi,guided-planning,udp,av-1,obu-1,rsu-1,p5g-udp-detector-output-payload-4096-25,ipi-session-1,detector-output-to-ipi-udp-run-2,av-1,25,idle,default,stationary,unsynced,false,false,detector_payload_bytes,4096,bytes,IPI-CooperativeService,4171,1783004512307538184,,,1783004512809378002,,,,,udp ack timeout
5g-udp-sender,1783004513361372249,edge4av-real-20260702-detector-output-to-ipi-udp-run-2,p5g-udp-detector-output-payload-4096,detector-output-to-ipi,guided-planning,udp,av-1,obu-1,rsu-1,p5g-udp-detector-output-payload-4096-26,ipi-session-1,detector-output-to-ipi-udp-run-2,av-1,26,idle,default,stationary,unsynced,false,false,detector_payload_bytes,4096,bytes,IPI-CooperativeService,4171,1783004512859575261,,,1783004513361372249,,,,,udp ack timeout
5g-udp-sender,1783004513913376969,edge4av-real-20260702-detector-output-to-ipi-udp-run-2,p5g-udp-detector-output-payload-4096,detector-output-to-ipi,guided-planning,udp,av-1,obu-1,rsu-1,p5g-udp-detector-output-payload-4096-27,ipi-session-1,detector-output-to-ipi-udp-run-2,av-1,27,idle,default,stationary,unsynced,false,false,detector_payload_bytes,4096,bytes,IPI-CooperativeService,4171,1783004513411516394,,,1783004513913376969,,,,,udp ack timeout
5g-udp-sender,1783004514465368738,edge4av-real-20260702-detector-output-to-ipi-udp-run-2,p5g-udp-detector-output-payload-4096,detector-output-to-ipi,guided-planning,udp,av-1,obu-1,rsu-1,p5g-udp-detector-output-payload-4096-28,ipi-session-1,detector-output-to-ipi-udp-run-2,av-1,28,idle,default,stationary,unsynced,false,false,detector_payload_bytes,4096,bytes,IPI-CooperativeService,4171,1783004513963648831,,,1783004514465368738,,,,,udp ack timeout
5g-udp-sender,1783004515017379478,edge4av-real-20260702-detector-output-to-ipi-udp-run-2,p5g-udp-detector-output-payload-4096,detector-output-to-ipi,guided-planning,udp,av-1,obu-1,rsu-1,p5g-udp-detector-output-payload-4096-29,ipi-session-1,detector-output-to-ipi-udp-run-2,av-1,29,idle,default,stationary,unsynced,false,false,detector_payload_bytes,4096,bytes,IPI-CooperativeService,4171,1783004514515501927,,,1783004515017379478,,,,,udp ack timeout
5g-udp-sender,1783004515569372135,edge4av-real-20260702-detector-output-to-ipi-udp-run-2,p5g-udp-detector-output-payload-4096,detector-output-to-ipi,guided-planning,udp,av-1,obu-1,rsu-1,p5g-udp-detector-output-payload-4096-30,ipi-session-1,detector-output-to-ipi-udp-run-2,av-1,30,idle,default,stationary,unsynced,false,false,detector_payload_bytes,4096,bytes,IPI-CooperativeService,4171,1783004515067569904,,,1783004515569372135,,,,,udp ack timeout
5g-udp-sender,1783004516121379761,edge4av-real-20260702-detector-output-to-ipi-udp-run-2,p5g-udp-detector-output-payload-4096,detector-output-to-ipi,guided-planning,udp,av-1,obu-1,rsu-1,p5g-udp-detector-output-payload-4096-31,ipi-session-1,detector-output-to-ipi-udp-run-2,av-1,31,idle,default,stationary,unsynced,false,false,detector_payload_bytes,4096,bytes,IPI-CooperativeService,4171,1783004515619530940,,,1783004516121379761,,,,,udp ack timeout
5g-udp-sender,1783004516673372111,edge4av-real-20260702-detector-output-to-ipi-udp-run-2,p5g-udp-detector-output-payload-4096,detector-output-to-ipi,guided-planning,udp,av-1,obu-1,rsu-1,p5g-udp-detector-output-payload-4096-32,ipi-session-1,detector-output-to-ipi-udp-run-2,av-1,32,idle,default,stationary,unsynced,false,false,detector_payload_bytes,4096,bytes,IPI-CooperativeService,4171,1783004516171552140,,,1783004516673372111,,,,,udp ack timeout
5g-udp-sender,1783004517225395751,edge4av-real-20260702-detector-output-to-ipi-udp-run-2,p5g-udp-detector-output-payload-4096,detector-output-to-ipi,guided-planning,udp,av-1,obu-1,rsu-1,p5g-udp-detector-output-payload-4096-33,ipi-session-1,detector-output-to-ipi-udp-run-2,av-1,33,idle,default,stationary,unsynced,false,false,detector_payload_bytes,4096,bytes,IPI-CooperativeService,4171,1783004516723535923,,,1783004517225395751,,,,,udp ack timeout
5g-udp-sender,1783004517777373357,edge4av-real-20260702-detector-output-to-ipi-udp-run-2,p5g-udp-detector-output-payload-4096,detector-output-to-ipi,guided-planning,udp,av-1,obu-1,rsu-1,p5g-udp-detector-output-payload-4096-34,ipi-session-1,detector-output-to-ipi-udp-run-2,av-1,34,idle,default,stationary,unsynced,false,false,detector_payload_bytes,4096,bytes,IPI-CooperativeService,4171,1783004517275623080,,,1783004517777373357,,,,,udp ack timeout
5g-udp-sender,1783004518329903737,edge4av-real-20260702-detector-output-to-ipi-udp-run-2,p5g-udp-detector-output-payload-4096,detector-output-to-ipi,guided-planning,udp,av-1,obu-1,rsu-1,p5g-udp-detector-output-payload-4096-35,ipi-session-1,detector-output-to-ipi-udp-run-2,av-1,35,idle,default,stationary,unsynced,false,false,detector_payload_bytes,4096,bytes,IPI-CooperativeService,4171,1783004517827507809,,,1783004518329903737,,,,,udp ack timeout
5g-udp-sender,1783004518881360343,edge4av-real-20260702-detector-output-to-ipi-udp-run-2,p5g-udp-detector-output-payload-4096,detector-output-to-ipi,guided-planning,udp,av-1,obu-1,rsu-1,p5g-udp-detector-output-payload-4096-36,ipi-session-1,detector-output-to-ipi-udp-run-2,av-1,36,idle,default,stationary,unsynced,false,false,detector_payload_bytes,4096,bytes,IPI-CooperativeService,4171,1783004518380055511,,,1783004518881360343,,,,,udp ack timeout
5g-udp-sender,1783004519433373327,edge4av-real-20260702-detector-output-to-ipi-udp-run-2,p5g-udp-detector-output-payload-4096,detector-output-to-ipi,guided-planning,udp,av-1,obu-1,rsu-1,p5g-udp-detector-output-payload-4096-37,ipi-session-1,detector-output-to-ipi-udp-run-2,av-1,37,idle,default,stationary,unsynced,false,false,detector_payload_bytes,4096,bytes,IPI-CooperativeService,4171,1783004518931529632,,,1783004519433373327,,,,,udp ack timeout
5g-udp-sender,1783004519986369596,edge4av-real-20260702-detector-output-to-ipi-udp-run-2,p5g-udp-detector-output-payload-4096,detector-output-to-ipi,guided-planning,udp,av-1,obu-1,rsu-1,p5g-udp-detector-output-payload-4096-38,ipi-session-1,detector-output-to-ipi-udp-run-2,av-1,38,idle,default,stationary,unsynced,false,false,detector_payload_bytes,4096,bytes,IPI-CooperativeService,4171,1783004519483503168,,,1783004519986369596,,,,,udp ack timeout
5g-udp-sender,1783004520537363812,edge4av-real-20260702-detector-output-to-ipi-udp-run-2,p5g-udp-detector-output-payload-4096,detector-output-to-ipi,guided-planning,udp,av-1,obu-1,rsu-1,p5g-udp-detector-output-payload-4096-39,ipi-session-1,detector-output-to-ipi-udp-run-2,av-1,39,idle,default,stationary,unsynced,false,false,detector_payload_bytes,4096,bytes,IPI-CooperativeService,4171,1783004520036526337,,,1783004520537363812,,,,,udp ack timeout
5g-udp-sender,1783004521089358695,edge4av-real-20260702-detector-output-to-ipi-udp-run-2,p5g-udp-detector-output-payload-4096,detector-output-to-ipi,guided-planning,udp,av-1,obu-1,rsu-1,p5g-udp-detector-output-payload-4096-40,ipi-session-1,detector-output-to-ipi-udp-run-2,av-1,40,idle,default,stationary,unsynced,false,false,detector_payload_bytes,4096,bytes,IPI-CooperativeService,4171,1783004520587480807,,,1783004521089358695,,,,,udp ack timeout
5g-udp-sender,1783004521641374919,edge4av-real-20260702-detector-output-to-ipi-udp-run-2,p5g-udp-detector-output-payload-4096,detector-output-to-ipi,guided-planning,udp,av-1,obu-1,rsu-1,p5g-udp-detector-output-payload-4096-41,ipi-session-1,detector-output-to-ipi-udp-run-2,av-1,41,idle,default,stationary,unsynced,false,false,detector_payload_bytes,4096,bytes,IPI-CooperativeService,4171,1783004521139482553,,,1783004521641374919,,,,,udp ack timeout
5g-udp-sender,1783004522193369965,edge4av-real-20260702-detector-output-to-ipi-udp-run-2,p5g-udp-detector-output-payload-4096,detector-output-to-ipi,guided-planning,udp,av-1,obu-1,rsu-1,p5g-udp-detector-output-payload-4096-42,ipi-session-1,detector-output-to-ipi-udp-run-2,av-1,42,idle,default,stationary,unsynced,false,false,detector_payload_bytes,4096,bytes,IPI-CooperativeService,4171,1783004521691536916,,,1783004522193369965,,,,,udp ack timeout
5g-udp-sender,1783004522745359094,edge4av-real-20260702-detector-output-to-ipi-udp-run-2,p5g-udp-detector-output-payload-4096,detector-output-to-ipi,guided-planning,udp,av-1,obu-1,rsu-1,p5g-udp-detector-output-payload-4096-43,ipi-session-1,detector-output-to-ipi-udp-run-2,av-1,43,idle,default,stationary,unsynced,false,false,detector_payload_bytes,4096,bytes,IPI-CooperativeService,4171,1783004522243497302,,,1783004522745359094,,,,,udp ack timeout
5g-udp-sender,1783004523297362967,edge4av-real-20260702-detector-output-to-ipi-udp-run-2,p5g-udp-detector-output-payload-4096,detector-output-to-ipi,guided-planning,udp,av-1,obu-1,rsu-1,p5g-udp-detector-output-payload-4096-44,ipi-session-1,detector-output-to-ipi-udp-run-2,av-1,44,idle,default,stationary,unsynced,false,false,detector_payload_bytes,4096,bytes,IPI-CooperativeService,4171,1783004522795467712,,,1783004523297362967,,,,,udp ack timeout
5g-udp-sender,1783004523849370510,edge4av-real-20260702-detector-output-to-ipi-udp-run-2,p5g-udp-detector-output-payload-4096,detector-output-to-ipi,guided-planning,udp,av-1,obu-1,rsu-1,p5g-udp-detector-output-payload-4096-45,ipi-session-1,detector-output-to-ipi-udp-run-2,av-1,45,idle,default,stationary,unsynced,false,false,detector_payload_bytes,4096,bytes,IPI-CooperativeService,4171,1783004523347487038,,,1783004523849370510,,,,,udp ack timeout
5g-udp-sender,1783004524401362976,edge4av-real-20260702-detector-output-to-ipi-udp-run-2,p5g-udp-detector-output-payload-4096,detector-output-to-ipi,guided-planning,udp,av-1,obu-1,rsu-1,p5g-udp-detector-output-payload-4096-46,ipi-session-1,detector-output-to-ipi-udp-run-2,av-1,46,idle,default,stationary,unsynced,false,false,detector_payload_bytes,4096,bytes,IPI-CooperativeService,4171,1783004523899542060,,,1783004524401362976,,,,,udp ack timeout
5g-udp-sender,1783004524954372922,edge4av-real-20260702-detector-output-to-ipi-udp-run-2,p5g-udp-detector-output-payload-4096,detector-output-to-ipi,guided-planning,udp,av-1,obu-1,rsu-1,p5g-udp-detector-output-payload-4096-47,ipi-session-1,detector-output-to-ipi-udp-run-2,av-1,47,idle,default,stationary,unsynced,false,false,detector_payload_bytes,4096,bytes,IPI-CooperativeService,4171,1783004524451488125,,,1783004524954372922,,,,,udp ack timeout
5g-udp-sender,1783004525506362401,edge4av-real-20260702-detector-output-to-ipi-udp-run-2,p5g-udp-detector-output-payload-4096,detector-output-to-ipi,guided-planning,udp,av-1,obu-1,rsu-1,p5g-udp-detector-output-payload-4096-48,ipi-session-1,detector-output-to-ipi-udp-run-2,av-1,48,idle,default,stationary,unsynced,false,false,detector_payload_bytes,4096,bytes,IPI-CooperativeService,4171,1783004525004510633,,,1783004525506362401,,,,,udp ack timeout
5g-udp-sender,1783004526057369114,edge4av-real-20260702-detector-output-to-ipi-udp-run-2,p5g-udp-detector-output-payload-4096,detector-output-to-ipi,guided-planning,udp,av-1,obu-1,rsu-1,p5g-udp-detector-output-payload-4096-49,ipi-session-1,detector-output-to-ipi-udp-run-2,av-1,49,idle,default,stationary,unsynced,false,false,detector_payload_bytes,4096,bytes,IPI-CooperativeService,4171,1783004525556487452,,,1783004526057369114,,,,,udp ack timeout
5g-udp-sender,1783004526609389111,edge4av-real-20260702-detector-output-to-ipi-udp-run-2,p5g-udp-detector-output-payload-4096,detector-output-to-ipi,guided-planning,udp,av-1,obu-1,rsu-1,p5g-udp-detector-output-payload-4096-50,ipi-session-1,detector-output-to-ipi-udp-run-2,av-1,50,idle,default,stationary,unsynced,false,false,detector_payload_bytes,4096,bytes,IPI-CooperativeService,4171,1783004526107497259,,,1783004526609389111,,,,,udp ack timeout
5g-udp-sender,1783004527161378623,edge4av-real-20260702-detector-output-to-ipi-udp-run-2,p5g-udp-detector-output-payload-4096,detector-output-to-ipi,guided-planning,udp,av-1,obu-1,rsu-1,p5g-udp-detector-output-payload-4096-51,ipi-session-1,detector-output-to-ipi-udp-run-2,av-1,51,idle,default,stationary,unsynced,false,false,detector_payload_bytes,4096,bytes,IPI-CooperativeService,4171,1783004526659537779,,,1783004527161378623,,,,,udp ack timeout
5g-udp-sender,1783004527713378559,edge4av-real-20260702-detector-output-to-ipi-udp-run-2,p5g-udp-detector-output-payload-4096,detector-output-to-ipi,guided-planning,udp,av-1,obu-1,rsu-1,p5g-udp-detector-output-payload-4096-52,ipi-session-1,detector-output-to-ipi-udp-run-2,av-1,52,idle,default,stationary,unsynced,false,false,detector_payload_bytes,4096,bytes,IPI-CooperativeService,4171,1783004527211515272,,,1783004527713378559,,,,,udp ack timeout
5g-udp-sender,1783004528265364835,edge4av-real-20260702-detector-output-to-ipi-udp-run-2,p5g-udp-detector-output-payload-4096,detector-output-to-ipi,guided-planning,udp,av-1,obu-1,rsu-1,p5g-udp-detector-output-payload-4096-53,ipi-session-1,detector-output-to-ipi-udp-run-2,av-1,53,idle,default,stationary,unsynced,false,false,detector_payload_bytes,4096,bytes,IPI-CooperativeService,4171,1783004527763516998,,,1783004528265364835,,,,,udp ack timeout
5g-udp-sender,1783004528817360355,edge4av-real-20260702-detector-output-to-ipi-udp-run-2,p5g-udp-detector-output-payload-4096,detector-output-to-ipi,guided-planning,udp,av-1,obu-1,rsu-1,p5g-udp-detector-output-payload-4096-54,ipi-session-1,detector-output-to-ipi-udp-run-2,av-1,54,idle,default,stationary,unsynced,false,false,detector_payload_bytes,4096,bytes,IPI-CooperativeService,4171,1783004528315488690,,,1783004528817360355,,,,,udp ack timeout
5g-udp-sender,1783004529369373964,edge4av-real-20260702-detector-output-to-ipi-udp-run-2,p5g-udp-detector-output-payload-4096,detector-output-to-ipi,guided-planning,udp,av-1,obu-1,rsu-1,p5g-udp-detector-output-payload-4096-55,ipi-session-1,detector-output-to-ipi-udp-run-2,av-1,55,idle,default,stationary,unsynced,false,false,detector_payload_bytes,4096,bytes,IPI-CooperativeService,4171,1783004528867533443,,,1783004529369373964,,,,,udp ack timeout
5g-udp-sender,1783004529921377270,edge4av-real-20260702-detector-output-to-ipi-udp-run-2,p5g-udp-detector-output-payload-4096,detector-output-to-ipi,guided-planning,udp,av-1,obu-1,rsu-1,p5g-udp-detector-output-payload-4096-56,ipi-session-1,detector-output-to-ipi-udp-run-2,av-1,56,idle,default,stationary,unsynced,false,false,detector_payload_bytes,4096,bytes,IPI-CooperativeService,4171,1783004529419504062,,,1783004529921377270,,,,,udp ack timeout
5g-udp-sender,1783004530474378142,edge4av-real-20260702-detector-output-to-ipi-udp-run-2,p5g-udp-detector-output-payload-4096,detector-output-to-ipi,guided-planning,udp,av-1,obu-1,rsu-1,p5g-udp-detector-output-payload-4096-57,ipi-session-1,detector-output-to-ipi-udp-run-2,av-1,57,idle,default,stationary,unsynced,false,false,detector_payload_bytes,4096,bytes,IPI-CooperativeService,4171,1783004529971525605,,,1783004530474378142,,,,,udp ack timeout
5g-udp-sender,1783004531026361595,edge4av-real-20260702-detector-output-to-ipi-udp-run-2,p5g-udp-detector-output-payload-4096,detector-output-to-ipi,guided-planning,udp,av-1,obu-1,rsu-1,p5g-udp-detector-output-payload-4096-58,ipi-session-1,detector-output-to-ipi-udp-run-2,av-1,58,idle,default,stationary,unsynced,false,false,detector_payload_bytes,4096,bytes,IPI-CooperativeService,4171,1783004530524576450,,,1783004531026361595,,,,,udp ack timeout
5g-udp-sender,1783004531577378968,edge4av-real-20260702-detector-output-to-ipi-udp-run-2,p5g-udp-detector-output-payload-4096,detector-output-to-ipi,guided-planning,udp,av-1,obu-1,rsu-1,p5g-udp-detector-output-payload-4096-59,ipi-session-1,detector-output-to-ipi-udp-run-2,av-1,59,idle,default,stationary,unsynced,false,false,detector_payload_bytes,4096,bytes,IPI-CooperativeService,4171,1783004531076512570,,,1783004531577378968,,,,,udp ack timeout
5g-udp-sender,1783004532129372800,edge4av-real-20260702-detector-output-to-ipi-udp-run-2,p5g-udp-detector-output-payload-4096,detector-output-to-ipi,guided-planning,udp,av-1,obu-1,rsu-1,p5g-udp-detector-output-payload-4096-60,ipi-session-1,detector-output-to-ipi-udp-run-2,av-1,60,idle,default,stationary,unsynced,false,false,detector_payload_bytes,4096,bytes,IPI-CooperativeService,4171,1783004531627523579,,,1783004532129372800,,,,,udp ack timeout
5g-udp-sender,1783004532681372323,edge4av-real-20260702-detector-output-to-ipi-udp-run-2,p5g-udp-detector-output-payload-4096,detector-output-to-ipi,guided-planning,udp,av-1,obu-1,rsu-1,p5g-udp-detector-output-payload-4096-61,ipi-session-1,detector-output-to-ipi-udp-run-2,av-1,61,idle,default,stationary,unsynced,false,false,detector_payload_bytes,4096,bytes,IPI-CooperativeService,4171,1783004532179533432,,,1783004532681372323,,,,,udp ack timeout
5g-udp-sender,1783004533233370499,edge4av-real-20260702-detector-output-to-ipi-udp-run-2,p5g-udp-detector-output-payload-4096,detector-output-to-ipi,guided-planning,udp,av-1,obu-1,rsu-1,p5g-udp-detector-output-payload-4096-62,ipi-session-1,detector-output-to-ipi-udp-run-2,av-1,62,idle,default,stationary,unsynced,false,false,detector_payload_bytes,4096,bytes,IPI-CooperativeService,4171,1783004532731523671,,,1783004533233370499,,,,,udp ack timeout
5g-udp-sender,1783004533786371034,edge4av-real-20260702-detector-output-to-ipi-udp-run-2,p5g-udp-detector-output-payload-4096,detector-output-to-ipi,guided-planning,udp,av-1,obu-1,rsu-1,p5g-udp-detector-output-payload-4096-63,ipi-session-1,detector-output-to-ipi-udp-run-2,av-1,63,idle,default,stationary,unsynced,false,false,detector_payload_bytes,4096,bytes,IPI-CooperativeService,4171,1783004533283509460,,,1783004533786371034,,,,,udp ack timeout
5g-udp-sender,1783004534337365697,edge4av-real-20260702-detector-output-to-ipi-udp-run-2,p5g-udp-detector-output-payload-4096,detector-output-to-ipi,guided-planning,udp,av-1,obu-1,rsu-1,p5g-udp-detector-output-payload-4096-64,ipi-session-1,detector-output-to-ipi-udp-run-2,av-1,64,idle,default,stationary,unsynced,false,false,detector_payload_bytes,4096,bytes,IPI-CooperativeService,4171,1783004533836553525,,,1783004534337365697,,,,,udp ack timeout
5g-udp-sender,1783004534889369193,edge4av-real-20260702-detector-output-to-ipi-udp-run-2,p5g-udp-detector-output-payload-4096,detector-output-to-ipi,guided-planning,udp,av-1,obu-1,rsu-1,p5g-udp-detector-output-payload-4096-65,ipi-session-1,detector-output-to-ipi-udp-run-2,av-1,65,idle,default,stationary,unsynced,false,false,detector_payload_bytes,4096,bytes,IPI-CooperativeService,4171,1783004534387496712,,,1783004534889369193,,,,,udp ack timeout
5g-udp-sender,1783004535441381749,edge4av-real-20260702-detector-output-to-ipi-udp-run-2,p5g-udp-detector-output-payload-4096,detector-output-to-ipi,guided-planning,udp,av-1,obu-1,rsu-1,p5g-udp-detector-output-payload-4096-66,ipi-session-1,detector-output-to-ipi-udp-run-2,av-1,66,idle,default,stationary,unsynced,false,false,detector_payload_bytes,4096,bytes,IPI-CooperativeService,4171,1783004534939500557,,,1783004535441381749,,,,,udp ack timeout
5g-udp-sender,1783004535993385335,edge4av-real-20260702-detector-output-to-ipi-udp-run-2,p5g-udp-detector-output-payload-4096,detector-output-to-ipi,guided-planning,udp,av-1,obu-1,rsu-1,p5g-udp-detector-output-payload-4096-67,ipi-session-1,detector-output-to-ipi-udp-run-2,av-1,67,idle,default,stationary,unsynced,false,false,detector_payload_bytes,4096,bytes,IPI-CooperativeService,4171,1783004535491555493,,,1783004535993385335,,,,,udp ack timeout
5g-udp-sender,1783004536546367977,edge4av-real-20260702-detector-output-to-ipi-udp-run-2,p5g-udp-detector-output-payload-4096,detector-output-to-ipi,guided-planning,udp,av-1,obu-1,rsu-1,p5g-udp-detector-output-payload-4096-68,ipi-session-1,detector-output-to-ipi-udp-run-2,av-1,68,idle,default,stationary,unsynced,false,false,detector_payload_bytes,4096,bytes,IPI-CooperativeService,4171,1783004536043541072,,,1783004536546367977,,,,,udp ack timeout
5g-udp-sender,1783004537097374102,edge4av-real-20260702-detector-output-to-ipi-udp-run-2,p5g-udp-detector-output-payload-4096,detector-output-to-ipi,guided-planning,udp,av-1,obu-1,rsu-1,p5g-udp-detector-output-payload-4096-69,ipi-session-1,detector-output-to-ipi-udp-run-2,av-1,69,idle,default,stationary,unsynced,false,false,detector_payload_bytes,4096,bytes,IPI-CooperativeService,4171,1783004536596514788,,,1783004537097374102,,,,,udp ack timeout
5g-udp-sender,1783004537649370098,edge4av-real-20260702-detector-output-to-ipi-udp-run-2,p5g-udp-detector-output-payload-4096,detector-output-to-ipi,guided-planning,udp,av-1,obu-1,rsu-1,p5g-udp-detector-output-payload-4096-70,ipi-session-1,detector-output-to-ipi-udp-run-2,av-1,70,idle,default,stationary,unsynced,false,false,detector_payload_bytes,4096,bytes,IPI-CooperativeService,4171,1783004537147512340,,,1783004537649370098,,,,,udp ack timeout
5g-udp-sender,1783004538201824403,edge4av-real-20260702-detector-output-to-ipi-udp-run-2,p5g-udp-detector-output-payload-4096,detector-output-to-ipi,guided-planning,udp,av-1,obu-1,rsu-1,p5g-udp-detector-output-payload-4096-71,ipi-session-1,detector-output-to-ipi-udp-run-2,av-1,71,idle,default,stationary,unsynced,false,false,detector_payload_bytes,4096,bytes,IPI-CooperativeService,4171,1783004537699499353,,,1783004538201824403,,,,,udp ack timeout
5g-udp-sender,1783004538754360109,edge4av-real-20260702-detector-output-to-ipi-udp-run-2,p5g-udp-detector-output-payload-4096,detector-output-to-ipi,guided-planning,udp,av-1,obu-1,rsu-1,p5g-udp-detector-output-payload-4096-72,ipi-session-1,detector-output-to-ipi-udp-run-2,av-1,72,idle,default,stationary,unsynced,false,false,detector_payload_bytes,4096,bytes,IPI-CooperativeService,4171,1783004538251961018,,,1783004538754360109,,,,,udp ack timeout
5g-udp-sender,1783004539305370285,edge4av-real-20260702-detector-output-to-ipi-udp-run-2,p5g-udp-detector-output-payload-4096,detector-output-to-ipi,guided-planning,udp,av-1,obu-1,rsu-1,p5g-udp-detector-output-payload-4096-73,ipi-session-1,detector-output-to-ipi-udp-run-2,av-1,73,idle,default,stationary,unsynced,false,false,detector_payload_bytes,4096,bytes,IPI-CooperativeService,4171,1783004538804530931,,,1783004539305370285,,,,,udp ack timeout
5g-udp-sender,1783004539857369537,edge4av-real-20260702-detector-output-to-ipi-udp-run-2,p5g-udp-detector-output-payload-4096,detector-output-to-ipi,guided-planning,udp,av-1,obu-1,rsu-1,p5g-udp-detector-output-payload-4096-74,ipi-session-1,detector-output-to-ipi-udp-run-2,av-1,74,idle,default,stationary,unsynced,false,false,detector_payload_bytes,4096,bytes,IPI-CooperativeService,4171,1783004539355511490,,,1783004539857369537,,,,,udp ack timeout
5g-udp-sender,1783004540409387653,edge4av-real-20260702-detector-output-to-ipi-udp-run-2,p5g-udp-detector-output-payload-4096,detector-output-to-ipi,guided-planning,udp,av-1,obu-1,rsu-1,p5g-udp-detector-output-payload-4096-75,ipi-session-1,detector-output-to-ipi-udp-run-2,av-1,75,idle,default,stationary,unsynced,false,false,detector_payload_bytes,4096,bytes,IPI-CooperativeService,4171,1783004539907495195,,,1783004540409387653,,,,,udp ack timeout
5g-udp-sender,1783004540961371175,edge4av-real-20260702-detector-output-to-ipi-udp-run-2,p5g-udp-detector-output-payload-4096,detector-output-to-ipi,guided-planning,udp,av-1,obu-1,rsu-1,p5g-udp-detector-output-payload-4096-76,ipi-session-1,detector-output-to-ipi-udp-run-2,av-1,76,idle,default,stationary,unsynced,false,false,detector_payload_bytes,4096,bytes,IPI-CooperativeService,4171,1783004540459534911,,,1783004540961371175,,,,,udp ack timeout
5g-udp-sender,1783004541513365727,edge4av-real-20260702-detector-output-to-ipi-udp-run-2,p5g-udp-detector-output-payload-4096,detector-output-to-ipi,guided-planning,udp,av-1,obu-1,rsu-1,p5g-udp-detector-output-payload-4096-77,ipi-session-1,detector-output-to-ipi-udp-run-2,av-1,77,idle,default,stationary,unsynced,false,false,detector_payload_bytes,4096,bytes,IPI-CooperativeService,4171,1783004541011509067,,,1783004541513365727,,,,,udp ack timeout
5g-udp-sender,1783004542066359916,edge4av-real-20260702-detector-output-to-ipi-udp-run-2,p5g-udp-detector-output-payload-4096,detector-output-to-ipi,guided-planning,udp,av-1,obu-1,rsu-1,p5g-udp-detector-output-payload-4096-78,ipi-session-1,detector-output-to-ipi-udp-run-2,av-1,78,idle,default,stationary,unsynced,false,false,detector_payload_bytes,4096,bytes,IPI-CooperativeService,4171,1783004541563499652,,,1783004542066359916,,,,,udp ack timeout
5g-udp-sender,1783004542618361545,edge4av-real-20260702-detector-output-to-ipi-udp-run-2,p5g-udp-detector-output-payload-4096,detector-output-to-ipi,guided-planning,udp,av-1,obu-1,rsu-1,p5g-udp-detector-output-payload-4096-79,ipi-session-1,detector-output-to-ipi-udp-run-2,av-1,79,idle,default,stationary,unsynced,false,false,detector_payload_bytes,4096,bytes,IPI-CooperativeService,4171,1783004542116488827,,,1783004542618361545,,,,,udp ack timeout
5g-udp-sender,1783004543169372884,edge4av-real-20260702-detector-output-to-ipi-udp-run-2,p5g-udp-detector-output-payload-4096,detector-output-to-ipi,guided-planning,udp,av-1,obu-1,rsu-1,p5g-udp-detector-output-payload-4096-80,ipi-session-1,detector-output-to-ipi-udp-run-2,av-1,80,idle,default,stationary,unsynced,false,false,detector_payload_bytes,4096,bytes,IPI-CooperativeService,4171,1783004542668487839,,,1783004543169372884,,,,,udp ack timeout
5g-udp-sender,1783004543721370663,edge4av-real-20260702-detector-output-to-ipi-udp-run-2,p5g-udp-detector-output-payload-4096,detector-output-to-ipi,guided-planning,udp,av-1,obu-1,rsu-1,p5g-udp-detector-output-payload-4096-81,ipi-session-1,detector-output-to-ipi-udp-run-2,av-1,81,idle,default,stationary,unsynced,false,false,detector_payload_bytes,4096,bytes,IPI-CooperativeService,4171,1783004543219507025,,,1783004543721370663,,,,,udp ack timeout
5g-udp-sender,1783004544273367899,edge4av-real-20260702-detector-output-to-ipi-udp-run-2,p5g-udp-detector-output-payload-4096,detector-output-to-ipi,guided-planning,udp,av-1,obu-1,rsu-1,p5g-udp-detector-output-payload-4096-82,ipi-session-1,detector-output-to-ipi-udp-run-2,av-1,82,idle,default,stationary,unsynced,false,false,detector_payload_bytes,4096,bytes,IPI-CooperativeService,4171,1783004543771555115,,,1783004544273367899,,,,,udp ack timeout
5g-udp-sender,1783004544825374207,edge4av-real-20260702-detector-output-to-ipi-udp-run-2,p5g-udp-detector-output-payload-4096,detector-output-to-ipi,guided-planning,udp,av-1,obu-1,rsu-1,p5g-udp-detector-output-payload-4096-83,ipi-session-1,detector-output-to-ipi-udp-run-2,av-1,83,idle,default,stationary,unsynced,false,false,detector_payload_bytes,4096,bytes,IPI-CooperativeService,4171,1783004544323491389,,,1783004544825374207,,,,,udp ack timeout
5g-udp-sender,1783004545377374673,edge4av-real-20260702-detector-output-to-ipi-udp-run-2,p5g-udp-detector-output-payload-4096,detector-output-to-ipi,guided-planning,udp,av-1,obu-1,rsu-1,p5g-udp-detector-output-payload-4096-84,ipi-session-1,detector-output-to-ipi-udp-run-2,av-1,84,idle,default,stationary,unsynced,false,false,detector_payload_bytes,4096,bytes,IPI-CooperativeService,4171,1783004544875501828,,,1783004545377374673,,,,,udp ack timeout
5g-udp-sender,1783004545929391105,edge4av-real-20260702-detector-output-to-ipi-udp-run-2,p5g-udp-detector-output-payload-4096,detector-output-to-ipi,guided-planning,udp,av-1,obu-1,rsu-1,p5g-udp-detector-output-payload-4096-85,ipi-session-1,detector-output-to-ipi-udp-run-2,av-1,85,idle,default,stationary,unsynced,false,false,detector_payload_bytes,4096,bytes,IPI-CooperativeService,4171,1783004545427513014,,,1783004545929391105,,,,,udp ack timeout
5g-udp-sender,1783004546481388793,edge4av-real-20260702-detector-output-to-ipi-udp-run-2,p5g-udp-detector-output-payload-4096,detector-output-to-ipi,guided-planning,udp,av-1,obu-1,rsu-1,p5g-udp-detector-output-payload-4096-86,ipi-session-1,detector-output-to-ipi-udp-run-2,av-1,86,idle,default,stationary,unsynced,false,false,detector_payload_bytes,4096,bytes,IPI-CooperativeService,4171,1783004545979524492,,,1783004546481388793,,,,,udp ack timeout
5g-udp-sender,1783004547034354430,edge4av-real-20260702-detector-output-to-ipi-udp-run-2,p5g-udp-detector-output-payload-4096,detector-output-to-ipi,guided-planning,udp,av-1,obu-1,rsu-1,p5g-udp-detector-output-payload-4096-87,ipi-session-1,detector-output-to-ipi-udp-run-2,av-1,87,idle,default,stationary,unsynced,false,false,detector_payload_bytes,4096,bytes,IPI-CooperativeService,4171,1783004546531535828,,,1783004547034354430,,,,,udp ack timeout
5g-udp-sender,1783004547586371737,edge4av-real-20260702-detector-output-to-ipi-udp-run-2,p5g-udp-detector-output-payload-4096,detector-output-to-ipi,guided-planning,udp,av-1,obu-1,rsu-1,p5g-udp-detector-output-payload-4096-88,ipi-session-1,detector-output-to-ipi-udp-run-2,av-1,88,idle,default,stationary,unsynced,false,false,detector_payload_bytes,4096,bytes,IPI-CooperativeService,4171,1783004547084469306,,,1783004547586371737,,,,,udp ack timeout
5g-udp-sender,1783004548138368316,edge4av-real-20260702-detector-output-to-ipi-udp-run-2,p5g-udp-detector-output-payload-4096,detector-output-to-ipi,guided-planning,udp,av-1,obu-1,rsu-1,p5g-udp-detector-output-payload-4096-89,ipi-session-1,detector-output-to-ipi-udp-run-2,av-1,89,idle,default,stationary,unsynced,false,false,detector_payload_bytes,4096,bytes,IPI-CooperativeService,4171,1783004547636500501,,,1783004548138368316,,,,,udp ack timeout
5g-udp-sender,1783004548689375802,edge4av-real-20260702-detector-output-to-ipi-udp-run-2,p5g-udp-detector-output-payload-4096,detector-output-to-ipi,guided-planning,udp,av-1,obu-1,rsu-1,p5g-udp-detector-output-payload-4096-90,ipi-session-1,detector-output-to-ipi-udp-run-2,av-1,90,idle,default,stationary,unsynced,false,false,detector_payload_bytes,4096,bytes,IPI-CooperativeService,4171,1783004548188539894,,,1783004548689375802,,,,,udp ack timeout
5g-udp-sender,1783004549242371446,edge4av-real-20260702-detector-output-to-ipi-udp-run-2,p5g-udp-detector-output-payload-4096,detector-output-to-ipi,guided-planning,udp,av-1,obu-1,rsu-1,p5g-udp-detector-output-payload-4096-91,ipi-session-1,detector-output-to-ipi-udp-run-2,av-1,91,idle,default,stationary,unsynced,false,false,detector_payload_bytes,4096,bytes,IPI-CooperativeService,4171,1783004548739520319,,,1783004549242371446,,,,,udp ack timeout
5g-udp-sender,1783004549794370031,edge4av-real-20260702-detector-output-to-ipi-udp-run-2,p5g-udp-detector-output-payload-4096,detector-output-to-ipi,guided-planning,udp,av-1,obu-1,rsu-1,p5g-udp-detector-output-payload-4096-92,ipi-session-1,detector-output-to-ipi-udp-run-2,av-1,92,idle,default,stationary,unsynced,false,false,detector_payload_bytes,4096,bytes,IPI-CooperativeService,4171,1783004549292546940,,,1783004549794370031,,,,,udp ack timeout
5g-udp-sender,1783004550346363976,edge4av-real-20260702-detector-output-to-ipi-udp-run-2,p5g-udp-detector-output-payload-4096,detector-output-to-ipi,guided-planning,udp,av-1,obu-1,rsu-1,p5g-udp-detector-output-payload-4096-93,ipi-session-1,detector-output-to-ipi-udp-run-2,av-1,93,idle,default,stationary,unsynced,false,false,detector_payload_bytes,4096,bytes,IPI-CooperativeService,4171,1783004549844505936,,,1783004550346363976,,,,,udp ack timeout
5g-udp-sender,1783004550897411903,edge4av-real-20260702-detector-output-to-ipi-udp-run-2,p5g-udp-detector-output-payload-4096,detector-output-to-ipi,guided-planning,udp,av-1,obu-1,rsu-1,p5g-udp-detector-output-payload-4096-94,ipi-session-1,detector-output-to-ipi-udp-run-2,av-1,94,idle,default,stationary,unsynced,false,false,detector_payload_bytes,4096,bytes,IPI-CooperativeService,4171,1783004550396500302,,,1783004550897411903,,,,,udp ack timeout
5g-udp-sender,1783004551449368821,edge4av-real-20260702-detector-output-to-ipi-udp-run-2,p5g-udp-detector-output-payload-4096,detector-output-to-ipi,guided-planning,udp,av-1,obu-1,rsu-1,p5g-udp-detector-output-payload-4096-95,ipi-session-1,detector-output-to-ipi-udp-run-2,av-1,95,idle,default,stationary,unsynced,false,false,detector_payload_bytes,4096,bytes,IPI-CooperativeService,4171,1783004550947603192,,,1783004551449368821,,,,,udp ack timeout
5g-udp-sender,1783004552001376919,edge4av-real-20260702-detector-output-to-ipi-udp-run-2,p5g-udp-detector-output-payload-4096,detector-output-to-ipi,guided-planning,udp,av-1,obu-1,rsu-1,p5g-udp-detector-output-payload-4096-96,ipi-session-1,detector-output-to-ipi-udp-run-2,av-1,96,idle,default,stationary,unsynced,false,false,detector_payload_bytes,4096,bytes,IPI-CooperativeService,4171,1783004551499520045,,,1783004552001376919,,,,,udp ack timeout
5g-udp-sender,1783004552554371800,edge4av-real-20260702-detector-output-to-ipi-udp-run-2,p5g-udp-detector-output-payload-4096,detector-output-to-ipi,guided-planning,udp,av-1,obu-1,rsu-1,p5g-udp-detector-output-payload-4096-97,ipi-session-1,detector-output-to-ipi-udp-run-2,av-1,97,idle,default,stationary,unsynced,false,false,detector_payload_bytes,4096,bytes,IPI-CooperativeService,4171,1783004552051511444,,,1783004552554371800,,,,,udp ack timeout
5g-udp-sender,1783004553105371063,edge4av-real-20260702-detector-output-to-ipi-udp-run-2,p5g-udp-detector-output-payload-4096,detector-output-to-ipi,guided-planning,udp,av-1,obu-1,rsu-1,p5g-udp-detector-output-payload-4096-98,ipi-session-1,detector-output-to-ipi-udp-run-2,av-1,98,idle,default,stationary,unsynced,false,false,detector_payload_bytes,4096,bytes,IPI-CooperativeService,4171,1783004552604506525,,,1783004553105371063,,,,,udp ack timeout
5g-udp-sender,1783004553658360974,edge4av-real-20260702-detector-output-to-ipi-udp-run-2,p5g-udp-detector-output-payload-4096,detector-output-to-ipi,guided-planning,udp,av-1,obu-1,rsu-1,p5g-udp-detector-output-payload-4096-99,ipi-session-1,detector-output-to-ipi-udp-run-2,av-1,99,idle,default,stationary,unsynced,false,false,detector_payload_bytes,4096,bytes,IPI-CooperativeService,4171,1783004553155498804,,,1783004553658360974,,,,,udp ack timeout
5g-udp-sender,1783004554209366133,edge4av-real-20260702-detector-output-to-ipi-udp-run-2,p5g-udp-detector-output-payload-4096,detector-output-to-ipi,guided-planning,udp,av-1,obu-1,rsu-1,p5g-udp-detector-output-payload-4096-100,ipi-session-1,detector-output-to-ipi-udp-run-2,av-1,100,idle,default,stationary,unsynced,false,false,detector_payload_bytes,4096,bytes,IPI-CooperativeService,4172,1783004553708486819,,,1783004554209366133,,,,,udp ack timeout
