tdd_profile,repetition,upload_vehicle_to_d1_mbps,download_d1_to_vehicle_mbps,download_to_upload_ratio
70/20/10,1,12.547381089,106.901774230,8.519847566
70/20/10,2,12.104615027,143.866374994,11.885249937
70/20/10,3,12.132826427,140.119937300,11.548828967
70/20/10,4,12.093591447,139.950955624,11.572323758
70/20/10,5,12.281431990,54.050436234,4.400988116
70/20/10,6,11.944454097,135.956669358,11.382409632
70/20/10,7,11.667632890,122.040819591,10.459775409
70/20/10,8,11.798771091,155.329042315,13.164849213
70/20/10,9,12.101864467,136.374878776,11.268914732
70/20/10,10,11.331668933,133.271973780,11.761019014
40/40/20,1,3.168163117,98.908854070,31.219621721
40/40/20,2,2.923511115,116.561685775,39.870443852
40/40/20,3,2.929361844,115.849524753,39.547700468
40/40/20,4,2.582887675,96.638235857,37.414803903
40/40/20,5,2.943738191,101.161256775,34.364896000
40/40/20,6,2.923349776,117.617103425,40.233674523
40/40/20,7,2.546185318,39.596399760,15.551263879
40/40/20,8,2.633389229,82.713896786,31.409673845
40/40/20,9,3.036979417,105.704910265,34.805935685
40/40/20,10,2.674824110,122.803989284,45.911052172
