path,family,run,condition,context,transport,payload_bytes,clients,load_mbps,PC1_burden,PC2,PC3
5G Uu,airspan_followup,20260806_airspan_followup_common_typical_run_2,C1-rep1-mqtt,medium_typical_deployment,mqtt,1024,1,0.0,-1.8136536940729793,-0.2768799422821371,0.02649161328715286
5G Uu,airspan_followup,20260806_airspan_followup_common_typical_run_2,C1-rep1-tcp,medium_typical_deployment,tcp,1024,1,0.0,-0.34233441785352253,0.16964616478661132,-0.6349824837687719
5G Uu,airspan_followup,20260806_airspan_followup_common_typical_run_2,C1-rep1-udp,medium_typical_deployment,udp,1024,1,0.0,-2.0563798425995223,-0.2663191690768532,-0.0179595962030858
5G Uu,airspan_followup,20260806_airspan_followup_common_typical_run_2,C1-rep2-mqtt,medium_typical_deployment,mqtt,1024,1,0.0,-1.9994813081991696,-0.26715126410195966,-0.010245496554866812
5G Uu,airspan_followup,20260806_airspan_followup_common_typical_run_2,C1-rep2-tcp,medium_typical_deployment,tcp,1024,1,0.0,-0.4862939274981212,0.1554059923139704,-0.6221167619382048
5G Uu,airspan_followup,20260806_airspan_followup_common_typical_run_2,C1-rep2-udp,medium_typical_deployment,udp,1024,1,0.0,-2.016213200281267,-0.28044663689011307,0.013099818156600461
5G Uu,airspan_followup,20260806_airspan_followup_common_typical_run_2,C2-rep1-mqtt,medium_typical_deployment,mqtt,23968,1,0.0,-1.2285684325326682,0.039175364488219164,-0.49418165380414775
5G Uu,airspan_followup,20260806_airspan_followup_common_typical_run_2,C2-rep1-tcp,medium_typical_deployment,tcp,23968,1,0.0,-0.8372574003875758,0.08409590814865987,-0.5310413141978866
5G Uu,airspan_followup,20260806_airspan_followup_common_typical_run_2,C2-rep1-udp,medium_typical_deployment,udp,23968,1,0.0,-1.3408866874589291,-0.0038036259885646097,-0.42603525390709523
5G Uu,airspan_followup,20260806_airspan_followup_common_typical_run_2,C2-rep2-mqtt,medium_typical_deployment,mqtt,23968,1,0.0,-1.201696251435728,0.026730981710362325,-0.46879237895225695
5G Uu,airspan_followup,20260806_airspan_followup_common_typical_run_2,C2-rep2-tcp,medium_typical_deployment,tcp,23968,1,0.0,-0.6211024949355493,0.08809936521111551,-0.5174227730969407
5G Uu,airspan_followup,20260806_airspan_followup_common_typical_run_2,C2-rep2-udp,medium_typical_deployment,udp,23968,1,0.0,-1.3841248799543868,0.027659889016087368,-0.4211882320368202
5G Uu,airspan_followup,20260806_airspan_followup_run_1,C1-rep1-mqtt,medium_typical_deployment,mqtt,1024,1,0.0,-1.9923647111958591,-0.2854168986350068,0.025537835813605796
5G Uu,airspan_followup,20260806_airspan_followup_run_1,C1-rep1-tcp,medium_typical_deployment,tcp,1024,1,0.0,-0.4814822574382946,0.1698394118512917,-0.6486746940940015
5G Uu,airspan_followup,20260806_airspan_followup_run_1,C1-rep1-udp,medium_typical_deployment,udp,1024,1,0.0,-2.0352010809175827,-0.3171588250962325,0.080224655146013
5G Uu,airspan_followup,20260806_airspan_followup_run_1,C1-rep2-mqtt,medium_typical_deployment,mqtt,1024,1,0.0,-1.992995934344092,-0.2767447294808616,0.00910942235312829
5G Uu,airspan_followup,20260806_airspan_followup_run_1,C1-rep2-tcp,medium_typical_deployment,tcp,1024,1,0.0,-0.49699979235303315,0.1755941655899967,-0.6613555230785126
5G Uu,airspan_followup,20260806_airspan_followup_run_1,C1-rep2-udp,medium_typical_deployment,udp,1024,1,0.0,-2.0994662796429036,-0.37528606496931183,0.1820771858229682
5G Uu,airspan_followup,20260806_airspan_followup_run_1,C2-rep1-mqtt,medium_typical_deployment,mqtt,23968,1,0.0,-1.5482587371087941,-0.04704140151963766,-0.3700754048983135
5G Uu,airspan_followup,20260806_airspan_followup_run_1,C2-rep1-tcp,medium_typical_deployment,tcp,23968,1,0.0,-0.9410686193227185,0.029868856181186662,-0.4412400653406646
5G Uu,airspan_followup,20260806_airspan_followup_run_1,C2-rep1-udp,medium_typical_deployment,udp,23968,1,0.0,-1.6491108079199954,-0.037070341861506984,-0.400763282921914
5G Uu,airspan_followup,20260806_airspan_followup_run_1,C2-rep2-mqtt,medium_typical_deployment,mqtt,23968,1,0.0,-1.5208833071750312,-0.060359408937171725,-0.3413155897902216
5G Uu,airspan_followup,20260806_airspan_followup_run_1,C2-rep2-tcp,medium_typical_deployment,tcp,23968,1,0.0,-0.9394946898295309,0.024279453213304727,-0.4302875120575704
5G Uu,airspan_followup,20260806_airspan_followup_run_1,C2-rep2-udp,medium_typical_deployment,udp,23968,1,0.0,-1.605658001056515,-0.05155380438496503,-0.3684399884429744
5G Uu,airspan_followup,20260806_airspan_followup_run_1,C3-rep1-mqtt,medium_typical_deployment,mqtt,1024,1,9.736,0.029992242656861345,0.17493213283465386,-0.6046256043691269
5G Uu,airspan_followup,20260806_airspan_followup_run_1,C3-rep1-tcp,medium_typical_deployment,tcp,1024,1,0.0,0.680146892509122,0.43274250221757005,-1.0030140776401844
5G Uu,airspan_followup,20260806_airspan_followup_run_1,C3-rep1-udp,medium_typical_deployment,udp,1024,1,9.73,-0.37298435261789165,0.21290227126942762,-0.6470180701067747
5G Uu,airspan_followup,20260806_airspan_followup_run_1,C3-rep2-mqtt,medium_typical_deployment,mqtt,1024,1,10.554,0.011419368747952997,0.2182655112351073,-0.6884768968106073
5G Uu,airspan_followup,20260806_airspan_followup_run_1,C3-rep2-tcp,medium_typical_deployment,tcp,1024,1,8.197,0.893664466045861,0.4143679848888523,-0.9466965925617282
5G Uu,airspan_followup,20260806_airspan_followup_run_1,C3-rep2-udp,medium_typical_deployment,udp,1024,1,8.038,-0.30159691914478903,0.3085929837628694,-0.6108316705063876
5G Uu,airspan_followup,20260806_airspan_followup_run_1,C4-rep1-mqtt,medium_typical_deployment,mqtt,1024,100,0.0,0.21313919385263902,0.20110783992055142,-0.6321257575312352
5G Uu,airspan_followup,20260806_airspan_followup_run_1,C4-rep1-tcp,medium_typical_deployment,tcp,1024,100,0.0,0.7624276857820562,0.218440262695149,-0.5928203652814232
5G Uu,airspan_followup,20260806_airspan_followup_run_1,C4-rep1-udp,medium_typical_deployment,udp,1024,100,0.0,-0.28860930780480776,0.048769370220695524,0.030604610845338855
5G Uu,airspan_followup,20260806_airspan_followup_run_1,C4-rep2-mqtt,medium_typical_deployment,mqtt,1024,100,0.0,1.1649326788305476,-0.46764825496743967,0.7557111721570221
5G Uu,airspan_followup,20260806_airspan_followup_run_1,C4-rep2-tcp,medium_typical_deployment,tcp,1024,100,0.0,0.785850321576401,0.24653891106019182,-0.6431963070684413
5G Uu,airspan_followup,20260806_airspan_followup_run_1,C4-rep2-udp,medium_typical_deployment,udp,1024,100,0.0,-0.30041443975723126,0.12110678304279227,-0.034405566257243426
5G Uu,airspan_followup,20260806_airspan_followup_strong_run_2,C1-rep1-mqtt,strong,mqtt,1024,1,0.0,-2.030484643537468,-0.32296225465405015,0.09141362485967179
5G Uu,airspan_followup,20260806_airspan_followup_strong_run_2,C1-rep1-tcp,strong,tcp,1024,1,0.0,-0.6293170837334637,0.19355092003370516,-0.7113620699651656
5G Uu,airspan_followup,20260806_airspan_followup_strong_run_2,C1-rep1-udp,strong,udp,1024,1,0.0,-2.0830436779493526,-0.3611994971202815,0.15772316573343756
5G Uu,airspan_followup,20260806_airspan_followup_strong_run_2,C1-rep2-mqtt,strong,mqtt,1024,1,0.0,-2.0041743708820463,-0.3316674384030839,0.11036631229360756
5G Uu,airspan_followup,20260806_airspan_followup_strong_run_2,C1-rep2-tcp,strong,tcp,1024,1,0.0,-0.5676417168480157,0.17077994938381608,-0.6612927208632049
5G Uu,airspan_followup,20260806_airspan_followup_strong_run_2,C1-rep2-udp,strong,udp,1024,1,0.0,-2.03054280183461,-0.3774716158588261,0.1942265474458235
5G Uu,airspan_followup,20260806_airspan_followup_strong_run_2,C2-rep1-mqtt,strong,mqtt,23968,1,0.0,-1.6121993218353479,-0.05603629052271758,-0.360418938462325
5G Uu,airspan_followup,20260806_airspan_followup_strong_run_2,C2-rep1-tcp,strong,tcp,23968,1,0.0,-1.0627074654102728,0.01811420515052796,-0.4338260966806049
5G Uu,airspan_followup,20260806_airspan_followup_strong_run_2,C2-rep1-udp,strong,udp,23968,1,0.0,-1.6662026778011483,-0.043420119987507375,-0.3914001959307916
5G Uu,airspan_followup,20260806_airspan_followup_strong_run_2,C2-rep2-mqtt,strong,mqtt,23968,1,0.0,-1.5897990936340416,-0.05790940827603442,-0.3547137003908639
5G Uu,airspan_followup,20260806_airspan_followup_strong_run_2,C2-rep2-tcp,strong,tcp,23968,1,0.0,-0.9818001514409272,0.00232085778626541,-0.3940850997127852
5G Uu,airspan_followup,20260806_airspan_followup_strong_run_2,C2-rep2-udp,strong,udp,23968,1,0.0,-1.6461384818777942,-0.071460096272088,-0.33565407912233874
5G Uu,airspan_followup,20260806_airspan_followup_weak_run_1,C1-rep1-mqtt,weak,mqtt,1024,1,0.0,-1.752844864441695,-0.2612432939634441,0.005055764618870216
5G Uu,airspan_followup,20260806_airspan_followup_weak_run_1,C1-rep1-tcp,weak,tcp,1024,1,0.0,-0.32347371762505905,0.18348215452443295,-0.658849342203253
5G Uu,airspan_followup,20260806_airspan_followup_weak_run_1,C1-rep1-udp,weak,udp,1024,1,0.0,-1.8302695288002555,-0.2893682864679384,0.0511644601026399
5G Uu,airspan_followup,20260806_airspan_followup_weak_run_1,C1-rep2-mqtt,weak,mqtt,1024,1,0.0,-1.677133169593088,-0.29290117766344975,0.0740507957406888
5G Uu,airspan_followup,20260806_airspan_followup_weak_run_1,C1-rep2-tcp,weak,tcp,1024,1,0.0,-0.4571623771359127,0.1922017201606006,-0.6888414363536011
5G Uu,airspan_followup,20260806_airspan_followup_weak_run_1,C1-rep2-udp,weak,udp,1024,1,0.0,-1.8805821769607696,-0.28669932101954054,0.03993069396831803
5G Uu,airspan_followup,20260806_airspan_followup_weak_run_1,C2-rep1-mqtt,weak,mqtt,23968,1,0.0,-0.24057945184108356,0.10780024288109254,-0.5048208867844965
5G Uu,airspan_followup,20260806_airspan_followup_weak_run_1,C2-rep1-tcp,weak,tcp,23968,1,0.0,-0.18861365255138438,0.22533795711055593,-0.7196504886461353
5G Uu,airspan_followup,20260806_airspan_followup_weak_run_1,C2-rep1-udp,weak,udp,23968,1,0.0,-0.5573421885833958,0.2622458180886892,-0.6239020461023924
5G Uu,airspan_followup,20260806_airspan_followup_weak_run_1,C2-rep2-mqtt,weak,mqtt,23968,1,0.0,-0.2441691651640107,0.15915320454414272,-0.6030892554717512
5G Uu,airspan_followup,20260806_airspan_followup_weak_run_1,C2-rep2-tcp,weak,tcp,23968,1,0.0,-0.1339669110547789,0.22188113979742946,-0.7058512316831492
5G Uu,airspan_followup,20260806_airspan_followup_weak_run_1,C2-rep2-udp,weak,udp,23968,1,0.0,-0.47176548571219196,0.24278248669005484,-0.5771269206618265
5G Uu,detector_replay,edge4av-real-20260702-detector-output-to-ipi-run-1,p5g-mqtt-detector-output-payload-0,favorable,mqtt,0,1,0.0,-1.679914671334427,-0.5318510982542927,0.5277881744587524
5G Uu,detector_replay,edge4av-real-20260702-detector-output-to-ipi-run-1,p5g-mqtt-detector-output-payload-19648,favorable,mqtt,19648,1,0.0,-0.30970306062052116,-0.16477655227330584,0.0025924648453624216
5G Uu,detector_replay,edge4av-real-20260702-detector-output-to-ipi-run-1,p5g-mqtt-detector-output-payload-22816,favorable,mqtt,22816,1,0.0,-0.25701309441970377,-0.1151994442996132,-0.08403555699627649
5G Uu,detector_replay,edge4av-real-20260702-detector-output-to-ipi-run-1,p5g-mqtt-detector-output-payload-23968,favorable,mqtt,23968,1,0.0,-0.1598065004771504,-0.08839872763121731,-0.12246017274270753
5G Uu,detector_replay,edge4av-real-20260702-detector-output-to-ipi-run-1,p5g-mqtt-detector-output-payload-4096,favorable,mqtt,4096,1,0.0,-1.4555849259560873,-0.22835111619363366,-0.01725109653194666
5G Uu,detector_replay,edge4av-real-20260702-detector-output-to-ipi-run-1,p5g-mqtt-detector-output-payload-60000,favorable,mqtt,60000,1,0.0,0.954968188759414,0.10697023632159465,-0.3588061118605313
5G Uu,detector_replay,edge4av-real-20260702-detector-output-to-ipi-run-1,p5g-tcp-detector-output-payload-0,favorable,tcp,0,1,0.0,-0.41473898943554394,0.12793980145069656,-0.5627037068688636
5G Uu,detector_replay,edge4av-real-20260702-detector-output-to-ipi-run-1,p5g-tcp-detector-output-payload-1024,favorable,tcp,1024,1,0.0,-0.4530987737000315,0.15342556163682086,-0.6152309434567335
5G Uu,detector_replay,edge4av-real-20260702-detector-output-to-ipi-run-1,p5g-tcp-detector-output-payload-19648,favorable,tcp,19648,1,0.0,-0.5113967814787566,0.004185541476190796,-0.34046503109593357
5G Uu,detector_replay,edge4av-real-20260702-detector-output-to-ipi-run-1,p5g-tcp-detector-output-payload-22816,favorable,tcp,22816,1,0.0,0.01620974389452282,-0.03727895548279345,-0.1978866081910612
5G Uu,detector_replay,edge4av-real-20260702-detector-output-to-ipi-run-1,p5g-tcp-detector-output-payload-23968,favorable,tcp,23968,1,0.0,-0.25145241209597485,-0.02896196296670689,-0.24637665622918464
5G Uu,detector_replay,edge4av-real-20260702-detector-output-to-ipi-run-1,p5g-tcp-detector-output-payload-25024,favorable,tcp,25024,1,0.0,0.06666534267657896,-0.011529237145717838,-0.24107330424574472
5G Uu,detector_replay,edge4av-real-20260702-detector-output-to-ipi-run-1,p5g-tcp-detector-output-payload-256,favorable,tcp,256,1,0.0,-0.4128856416392665,0.11962777127687348,-0.5465257640684003
5G Uu,detector_replay,edge4av-real-20260702-detector-output-to-ipi-run-1,p5g-tcp-detector-output-payload-4096,favorable,tcp,4096,1,0.0,-0.8579578492886389,-0.00983057262003939,-0.35649108544261376
5G Uu,detector_replay,edge4av-real-20260702-detector-output-to-ipi-run-1,p5g-tcp-detector-output-payload-60000,favorable,tcp,60000,1,0.0,0.8874636676655463,0.13502584089699346,-0.42026022933037765
5G Uu,detector_replay,edge4av-real-20260702-detector-output-to-ipi-udp-fragmented-run-1,p5g-udp-detector-output-payload-0,favorable,udp,0,1,0.0,-1.6460936988126627,-0.5604104785239259,0.690692032882873
5G Uu,detector_replay,edge4av-real-20260702-detector-output-to-ipi-udp-fragmented-run-1,p5g-udp-detector-output-payload-19648,favorable,udp,19648,1,0.0,-0.5761657198288966,0.03868752297862183,-0.3782231494650218
5G Uu,detector_replay,edge4av-real-20260702-detector-output-to-ipi-udp-fragmented-run-1,p5g-udp-detector-output-payload-22816,favorable,udp,22816,1,0.0,-0.48345493280693386,0.10142868318926698,-0.41567579011869493
5G Uu,detector_replay,edge4av-real-20260702-detector-output-to-ipi-udp-fragmented-run-1,p5g-udp-detector-output-payload-23968,favorable,udp,23968,1,0.0,-0.5214698924004432,0.04324510972576294,-0.24134205482604118
5G Uu,detector_replay,edge4av-real-20260702-detector-output-to-ipi-udp-fragmented-run-1,p5g-udp-detector-output-payload-4096,favorable,udp,4096,1,0.0,-1.3325128747089945,-0.27927527414636627,0.09261665881471258
5G Uu,detector_replay,edge4av-real-20260702-detector-output-to-ipi-udp-fragmented-run-1,p5g-udp-detector-output-payload-60000,favorable,udp,60000,1,0.0,-0.9423480634856264,11.803547844148579,5.150669931754442
5G Uu,detector_replay,edge4av-real-20260706-detector-output-to-ipi-weak-signal-tcp-mqtt-run-1,p5g-mqtt-detector-output-payload-0,adverse_location,mqtt,0,1,0.0,-1.145575298719836,-0.7054006601708432,0.9197935780161872
5G Uu,detector_replay,edge4av-real-20260706-detector-output-to-ipi-weak-signal-tcp-mqtt-run-1,p5g-mqtt-detector-output-payload-1024,adverse_location,mqtt,1024,1,0.0,-1.1191159257206265,-0.481413308769075,0.5011272047154173
5G Uu,detector_replay,edge4av-real-20260706-detector-output-to-ipi-weak-signal-tcp-mqtt-run-1,p5g-mqtt-detector-output-payload-19648,adverse_location,mqtt,19648,1,0.0,0.6059016317952968,-0.1557768224236147,0.09002034319859116
5G Uu,detector_replay,edge4av-real-20260706-detector-output-to-ipi-weak-signal-tcp-mqtt-run-1,p5g-mqtt-detector-output-payload-22816,adverse_location,mqtt,22816,1,0.0,1.389186070041651,-0.48024100404281944,0.80386811899124
5G Uu,detector_replay,edge4av-real-20260706-detector-output-to-ipi-weak-signal-tcp-mqtt-run-1,p5g-mqtt-detector-output-payload-23968,adverse_location,mqtt,23968,1,0.0,1.1147827518123008,-0.31428181544437434,0.4555178856386869
5G Uu,detector_replay,edge4av-real-20260706-detector-output-to-ipi-weak-signal-tcp-mqtt-run-1,p5g-mqtt-detector-output-payload-25024,adverse_location,mqtt,25024,1,0.0,0.8371459128402122,-0.17872026821434733,0.16371767275162974
5G Uu,detector_replay,edge4av-real-20260706-detector-output-to-ipi-weak-signal-tcp-mqtt-run-1,p5g-mqtt-detector-output-payload-256,adverse_location,mqtt,256,1,0.0,-1.187111371789762,-0.676508020786163,0.8603274704590881
5G Uu,detector_replay,edge4av-real-20260706-detector-output-to-ipi-weak-signal-tcp-mqtt-run-1,p5g-mqtt-detector-output-payload-4096,adverse_location,mqtt,4096,1,0.0,-0.8794736313863063,-0.2775211866209339,0.144282693007851
5G Uu,detector_replay,edge4av-real-20260706-detector-output-to-ipi-weak-signal-tcp-mqtt-run-1,p5g-mqtt-detector-output-payload-60000,adverse_location,mqtt,60000,1,0.0,1.775714042067862,-0.028155845507793875,-0.002889551030002928
5G Uu,detector_replay,edge4av-real-20260706-detector-output-to-ipi-weak-signal-tcp-mqtt-run-1,p5g-tcp-detector-output-payload-0,adverse_location,tcp,0,1,0.0,0.022642876000635324,-0.09755929394280946,-0.0837559213096255
5G Uu,detector_replay,edge4av-real-20260706-detector-output-to-ipi-weak-signal-tcp-mqtt-run-1,p5g-tcp-detector-output-payload-1024,adverse_location,tcp,1024,1,0.0,0.14060497593137672,-0.09241588383749542,-0.07889544900997393
5G Uu,detector_replay,edge4av-real-20260706-detector-output-to-ipi-weak-signal-tcp-mqtt-run-1,p5g-tcp-detector-output-payload-19648,adverse_location,tcp,19648,1,0.0,0.6832471955914313,-0.10620766690738914,0.007385221507892718
5G Uu,detector_replay,edge4av-real-20260706-detector-output-to-ipi-weak-signal-tcp-mqtt-run-1,p5g-tcp-detector-output-payload-22816,adverse_location,tcp,22816,1,0.0,0.8268736411848897,-0.08001860890995256,-0.02444420626222968
5G Uu,detector_replay,edge4av-real-20260706-detector-output-to-ipi-weak-signal-tcp-mqtt-run-1,p5g-tcp-detector-output-payload-23968,adverse_location,tcp,23968,1,0.0,0.6607933392243814,-0.035842356292690614,-0.12628541539124985
5G Uu,detector_replay,edge4av-real-20260706-detector-output-to-ipi-weak-signal-tcp-mqtt-run-1,p5g-tcp-detector-output-payload-25024,adverse_location,tcp,25024,1,0.0,0.7891992407691722,-0.026614982414224428,-0.1291545104854655
5G Uu,detector_replay,edge4av-real-20260706-detector-output-to-ipi-weak-signal-tcp-mqtt-run-1,p5g-tcp-detector-output-payload-256,adverse_location,tcp,256,1,0.0,0.002120210850166036,-0.016397144104262906,-0.23966767590052113
5G Uu,detector_replay,edge4av-real-20260706-detector-output-to-ipi-weak-signal-tcp-mqtt-run-1,p5g-tcp-detector-output-payload-4096,adverse_location,tcp,4096,1,0.0,-0.14516962059111624,-0.3543119991891156,0.3797823944563388
5G Uu,detector_replay,edge4av-real-20260706-detector-output-to-ipi-weak-signal-tcp-mqtt-run-1,p5g-tcp-detector-output-payload-60000,adverse_location,tcp,60000,1,0.0,1.5547797710932663,0.07036459208147412,-0.21561918682885572
5G Uu,detector_replay,edge4av-real-20260706-detector-output-to-ipi-weak-signal-udp-fragmented-run-1,p5g-udp-detector-output-payload-0,adverse_location,udp,0,1,0.0,-1.137421062001541,-0.9614206370080642,1.4390757441851763
5G Uu,detector_replay,edge4av-real-20260706-detector-output-to-ipi-weak-signal-udp-fragmented-run-1,p5g-udp-detector-output-payload-1024,adverse_location,udp,1024,1,0.0,-1.179076050999831,-0.48815571616674897,0.5060674384267883
5G Uu,detector_replay,edge4av-real-20260706-detector-output-to-ipi-weak-signal-udp-fragmented-run-1,p5g-udp-detector-output-payload-19648,adverse_location,udp,19648,1,0.0,-0.33552919619065646,0.6976855883906778,-0.27161704514847496
5G Uu,detector_replay,edge4av-real-20260706-detector-output-to-ipi-weak-signal-udp-fragmented-run-1,p5g-udp-detector-output-payload-22816,adverse_location,udp,22816,1,0.0,-0.23760006490190866,1.1013259656679144,-0.11758972462474031
5G Uu,detector_replay,edge4av-real-20260706-detector-output-to-ipi-weak-signal-udp-fragmented-run-1,p5g-udp-detector-output-payload-23968,adverse_location,udp,23968,1,0.0,-0.2952898280326285,0.9658502819564678,-0.3209481371750217
5G Uu,detector_replay,edge4av-real-20260706-detector-output-to-ipi-weak-signal-udp-fragmented-run-1,p5g-udp-detector-output-payload-25024,adverse_location,udp,25024,1,0.0,-0.16499505787512922,1.1247495981875721,-0.18793051503220898
5G Uu,detector_replay,edge4av-real-20260706-detector-output-to-ipi-weak-signal-udp-fragmented-run-1,p5g-udp-detector-output-payload-256,adverse_location,udp,256,1,0.0,-1.1623084400199506,-0.6775716970870332,0.9003109668770103
5G Uu,detector_replay,edge4av-real-20260706-detector-output-to-ipi-weak-signal-udp-fragmented-run-1,p5g-udp-detector-output-payload-4096,adverse_location,udp,4096,1,0.0,-0.8181758536706376,-0.41497148953250723,0.4471552584322706
5G Uu,logical_clients,edge4av-real-20260702-multiclient-scalability-run-4,p5g-scale-mqtt-payload-1024-clients-1,favorable,mqtt,1024,1,0.0,-2.036047535703401,-0.26140409160686756,-0.025211037329641514
5G Uu,logical_clients,edge4av-real-20260702-multiclient-scalability-run-4,p5g-scale-mqtt-payload-1024-clients-10,favorable,mqtt,1024,10,0.0,-1.8290332185000682,-0.16189754330280598,-0.18814455710778274
5G Uu,logical_clients,edge4av-real-20260702-multiclient-scalability-run-4,p5g-scale-mqtt-payload-1024-clients-100,favorable,mqtt,1024,100,0.0,-1.0132798463170616,-0.4660680049167853,0.4838329244937638
5G Uu,logical_clients,edge4av-real-20260702-multiclient-scalability-run-4,p5g-scale-mqtt-payload-1024-clients-2,favorable,mqtt,1024,2,0.0,-1.9920863731188498,-0.28656912638532284,0.027996916789261146
5G Uu,logical_clients,edge4av-real-20260702-multiclient-scalability-run-4,p5g-scale-mqtt-payload-1024-clients-20,favorable,mqtt,1024,20,0.0,-1.4687366290621213,-0.24518634477700035,0.00832467112906874
5G Uu,logical_clients,edge4av-real-20260702-multiclient-scalability-run-4,p5g-scale-mqtt-payload-1024-clients-5,favorable,mqtt,1024,5,0.0,-1.8982453680879463,-0.2854653289609504,0.0373227868670915
5G Uu,logical_clients,edge4av-real-20260702-multiclient-scalability-run-4,p5g-scale-mqtt-payload-1024-clients-50,favorable,mqtt,1024,50,0.0,-1.5687886545265752,-0.2542824254809943,0.015906424384729466
5G Uu,logical_clients,edge4av-real-20260702-multiclient-scalability-run-4,p5g-scale-tcp-payload-1024-clients-1,favorable,tcp,1024,1,0.0,-0.54493911327918,0.17603851161740253,-0.6681148719467381
5G Uu,logical_clients,edge4av-real-20260702-multiclient-scalability-run-4,p5g-scale-tcp-payload-1024-clients-10,favorable,tcp,1024,10,0.0,-0.5426435872380151,0.18115647190242395,-0.6775701951667259
5G Uu,logical_clients,edge4av-real-20260702-multiclient-scalability-run-4,p5g-scale-tcp-payload-1024-clients-100,favorable,tcp,1024,100,0.0,0.261191616992125,0.16037342144057276,-0.5408608780619227
5G Uu,logical_clients,edge4av-real-20260702-multiclient-scalability-run-4,p5g-scale-tcp-payload-1024-clients-2,favorable,tcp,1024,2,0.0,-0.520681470050083,0.17409482259736836,-0.6616739108079501
5G Uu,logical_clients,edge4av-real-20260702-multiclient-scalability-run-4,p5g-scale-tcp-payload-1024-clients-20,favorable,tcp,1024,20,0.0,-0.49681231000093995,0.17723435275130456,-0.6652553424353891
5G Uu,logical_clients,edge4av-real-20260702-multiclient-scalability-run-4,p5g-scale-tcp-payload-1024-clients-5,favorable,tcp,1024,5,0.0,-0.4313437307895788,0.17378128624964345,-0.6522808800038086
5G Uu,logical_clients,edge4av-real-20260702-multiclient-scalability-run-4,p5g-scale-tcp-payload-1024-clients-50,favorable,tcp,1024,50,0.0,-0.33294927983182315,0.168976265810444,-0.6295725392462332
5G Uu,logical_clients,edge4av-real-20260702-multiclient-scalability-run-4,p5g-scale-udp-payload-1024-clients-1,favorable,udp,1024,1,0.0,-2.026583344724333,-0.2605234393582678,-0.02595681690335322
5G Uu,logical_clients,edge4av-real-20260702-multiclient-scalability-run-4,p5g-scale-udp-payload-1024-clients-10,favorable,udp,1024,10,0.0,-1.980722422652917,-0.2903101345437074,0.03589190729024356
5G Uu,logical_clients,edge4av-real-20260702-multiclient-scalability-run-4,p5g-scale-udp-payload-1024-clients-100,favorable,udp,1024,100,0.0,-0.6468457839149248,-0.6083566128450845,0.8111779031738243
5G Uu,logical_clients,edge4av-real-20260702-multiclient-scalability-run-4,p5g-scale-udp-payload-1024-clients-2,favorable,udp,1024,2,0.0,-2.0121739549900366,-0.2787673939040233,0.010666821850158069
5G Uu,logical_clients,edge4av-real-20260702-multiclient-scalability-run-4,p5g-scale-udp-payload-1024-clients-20,favorable,udp,1024,20,0.0,-1.9231177400138784,-0.30712710119107123,0.07648033524891559
5G Uu,logical_clients,edge4av-real-20260702-multiclient-scalability-run-4,p5g-scale-udp-payload-1024-clients-5,favorable,udp,1024,5,0.0,-1.9980196948390376,-0.28317451239569713,0.020607695815789383
5G Uu,logical_clients,edge4av-real-20260702-multiclient-scalability-run-4,p5g-scale-udp-payload-1024-clients-50,favorable,udp,1024,50,0.0,-1.5518905730199248,-0.41817560704252893,0.3374094319309055
5G Uu,logical_clients,edge4av-real-20260706-multiclient-scalability-weak-signal-run-1,p5g-scale-mqtt-payload-1024-clients-1,adverse_location,mqtt,1024,1,0.0,-0.8637443245147631,-0.5991971651088566,0.753927171500492
5G Uu,logical_clients,edge4av-real-20260706-multiclient-scalability-weak-signal-run-1,p5g-scale-mqtt-payload-1024-clients-10,adverse_location,mqtt,1024,10,0.0,-0.4015455498892653,-0.8139573740444085,1.2162929695337739
5G Uu,logical_clients,edge4av-real-20260706-multiclient-scalability-weak-signal-run-1,p5g-scale-mqtt-payload-1024-clients-100,adverse_location,mqtt,1024,100,0.0,4.633312844510992,-0.3989283580081916,1.2113376975122414
5G Uu,logical_clients,edge4av-real-20260706-multiclient-scalability-weak-signal-run-1,p5g-scale-mqtt-payload-1024-clients-2,adverse_location,mqtt,1024,2,0.0,-0.8294629629747948,-0.579612697694316,0.7195988614524164
5G Uu,logical_clients,edge4av-real-20260706-multiclient-scalability-weak-signal-run-1,p5g-scale-mqtt-payload-1024-clients-20,adverse_location,mqtt,1024,20,0.0,0.3076382753599112,-0.9005769926511605,1.4589594619846715
5G Uu,logical_clients,edge4av-real-20260706-multiclient-scalability-weak-signal-run-1,p5g-scale-mqtt-payload-1024-clients-5,adverse_location,mqtt,1024,5,0.0,-0.5762377254588298,-0.7454894261415638,1.0650703388167162
5G Uu,logical_clients,edge4av-real-20260706-multiclient-scalability-weak-signal-run-1,p5g-scale-mqtt-payload-1024-clients-50,adverse_location,mqtt,1024,50,0.0,2.454983852543601,-0.9937184439844086,1.903698855436049
5G Uu,logical_clients,edge4av-real-20260706-multiclient-scalability-weak-signal-run-1,p5g-scale-tcp-payload-1024-clients-1,adverse_location,tcp,1024,1,0.0,0.13068815736839168,-0.055648078472546304,-0.1510588663761356
5G Uu,logical_clients,edge4av-real-20260706-multiclient-scalability-weak-signal-run-1,p5g-scale-tcp-payload-1024-clients-10,adverse_location,tcp,1024,10,0.0,0.34033038680395705,-0.19633300129236927,0.14142057109319606
5G Uu,logical_clients,edge4av-real-20260706-multiclient-scalability-weak-signal-run-1,p5g-scale-tcp-payload-1024-clients-100,adverse_location,tcp,1024,100,0.0,3.7335490865933494,-0.8596790882674015,1.8032408666848363
5G Uu,logical_clients,edge4av-real-20260706-multiclient-scalability-weak-signal-run-1,p5g-scale-tcp-payload-1024-clients-2,adverse_location,tcp,1024,2,0.0,0.14603728709460007,-0.07990402016934772,-0.10268029688833938
5G Uu,logical_clients,edge4av-real-20260706-multiclient-scalability-weak-signal-run-1,p5g-scale-tcp-payload-1024-clients-20,adverse_location,tcp,1024,20,0.0,0.46525446196499615,-0.20035356163825743,0.1645071041973888
5G Uu,logical_clients,edge4av-real-20260706-multiclient-scalability-weak-signal-run-1,p5g-scale-tcp-payload-1024-clients-5,adverse_location,tcp,1024,5,0.0,0.12784410528398502,-0.07154719518986742,-0.12069707749548406
5G Uu,logical_clients,edge4av-real-20260706-multiclient-scalability-weak-signal-run-1,p5g-scale-tcp-payload-1024-clients-50,adverse_location,tcp,1024,50,0.0,1.891346434772433,-0.11267880683710836,0.16838531565937376
5G Uu,logical_clients,edge4av-real-20260706-multiclient-scalability-weak-signal-run-1,p5g-scale-udp-payload-1024-clients-1,adverse_location,udp,1024,1,0.0,-1.0298577925031367,-0.453513856153668,0.6326010797273804
5G Uu,logical_clients,edge4av-real-20260706-multiclient-scalability-weak-signal-run-1,p5g-scale-udp-payload-1024-clients-10,adverse_location,udp,1024,10,0.0,-0.698565917701681,-0.6959663502845919,1.079025454912817
5G Uu,logical_clients,edge4av-real-20260706-multiclient-scalability-weak-signal-run-1,p5g-scale-udp-payload-1024-clients-100,adverse_location,udp,1024,100,0.0,-0.346785002955446,1.1837315604209502,0.6490988858587468
5G Uu,logical_clients,edge4av-real-20260706-multiclient-scalability-weak-signal-run-1,p5g-scale-udp-payload-1024-clients-2,adverse_location,udp,1024,2,0.0,-0.9084333389657918,-0.562885804518756,0.7146510801983175
5G Uu,logical_clients,edge4av-real-20260706-multiclient-scalability-weak-signal-run-1,p5g-scale-udp-payload-1024-clients-20,adverse_location,udp,1024,20,0.0,-0.4193985759838592,-0.8191821964479344,1.4540645104685954
5G Uu,logical_clients,edge4av-real-20260706-multiclient-scalability-weak-signal-run-1,p5g-scale-udp-payload-1024-clients-5,adverse_location,udp,1024,5,0.0,-0.8232783378870381,-0.536497249907327,0.8346249776570448
5G Uu,logical_clients,edge4av-real-20260706-multiclient-scalability-weak-signal-run-1,p5g-scale-udp-payload-1024-clients-50,adverse_location,udp,1024,50,0.0,-0.27525398232181236,0.14776549403450245,0.5560685823578609
5G Uu,message_formation_diagnostic,edge4av-real-20260702-detector-output-to-ipi-udp-run-2,p5g-udp-detector-output-payload-0,favorable,udp,0,1,0.0,-1.526305604037268,-0.5902713394161959,0.657048081396726
5G Uu,message_formation_diagnostic,edge4av-real-20260702-detector-output-to-ipi-udp-run-2,p5g-udp-detector-output-payload-1024,favorable,udp,1024,1,0.0,-1.4502415943411466,-0.43993616820781717,0.38186340544509706
5G Uu,payload_sweep,edge4av-real-20260513-sunny-fintechparking-run-1,p5g-mqtt-service-payload-0,favorable_day_1,mqtt,0,1,0.0,-2.118274761717775,-0.4567244956423337,0.3332288276038203
5G Uu,payload_sweep,edge4av-real-20260513-sunny-fintechparking-run-1,p5g-mqtt-service-payload-1024,favorable_day_1,mqtt,1024,1,0.0,-1.9548222193338842,-0.22364361190412602,-0.08587048162725434
5G Uu,payload_sweep,edge4av-real-20260513-sunny-fintechparking-run-1,p5g-mqtt-service-payload-256,favorable_day_1,mqtt,256,1,0.0,-2.175867690961047,-0.41660878689932174,0.2512735158711298
5G Uu,payload_sweep,edge4av-real-20260513-sunny-fintechparking-run-1,p5g-mqtt-service-payload-4096,favorable_day_1,mqtt,4096,1,0.0,-1.8480258412124695,-0.14215293591150108,-0.22636192095533864
5G Uu,payload_sweep,edge4av-real-20260513-sunny-fintechparking-run-1,p5g-mqtt-spat-baseline,favorable_day_1,mqtt,0,1,0.0,-2.230157901111551,-0.39506083922736007,0.20340196236254818
5G Uu,payload_sweep,edge4av-real-20260513-sunny-fintechparking-run-1,p5g-tcp-service-payload-0,favorable_day_1,tcp,0,1,0.0,-0.5089036583132753,0.1920303991474966,-0.6961212723491748
5G Uu,payload_sweep,edge4av-real-20260513-sunny-fintechparking-run-1,p5g-tcp-service-payload-1024,favorable_day_1,tcp,1024,1,0.0,-0.5755014502012139,0.1881045606306343,-0.6947156967630204
5G Uu,payload_sweep,edge4av-real-20260513-sunny-fintechparking-run-1,p5g-tcp-service-payload-256,favorable_day_1,tcp,256,1,0.0,-0.6254755382479679,0.20980318355200905,-0.7417723122552016
5G Uu,payload_sweep,edge4av-real-20260513-sunny-fintechparking-run-1,p5g-tcp-service-payload-4096,favorable_day_1,tcp,4096,1,0.0,-0.9700634269442425,0.032170495540585056,-0.4487149023387946
5G Uu,payload_sweep,edge4av-real-20260513-sunny-fintechparking-run-1,p5g-tcp-spat-baseline,favorable_day_1,tcp,0,1,0.0,-0.5959472163448052,0.1990727872039093,-0.7180886754253293
5G Uu,payload_sweep,edge4av-real-20260513-sunny-fintechparking-run-1-large-payload,p5g-tcp-service-payload-1048576,favorable_day_1,tcp,1048576,1,0.0,2.7593961324427196,0.7376847247674052,-1.325599719209434
5G Uu,payload_sweep,edge4av-real-20260513-sunny-fintechparking-run-1-large-payload,p5g-tcp-service-payload-131072,favorable_day_1,tcp,131072,1,0.0,0.19089566339520764,0.33910061144183157,-0.8868513562443074
5G Uu,payload_sweep,edge4av-real-20260513-sunny-fintechparking-run-1-large-payload,p5g-tcp-service-payload-16384,favorable_day_1,tcp,16384,1,0.0,-0.9680252503757958,0.0347052527704355,-0.45330947482621375
5G Uu,payload_sweep,edge4av-real-20260513-sunny-fintechparking-run-1-large-payload,p5g-tcp-service-payload-2097152,favorable_day_1,tcp,2097152,1,0.0,3.4137030753392357,1.0198920578988813,-1.7781624616177443
5G Uu,payload_sweep,edge4av-real-20260513-sunny-fintechparking-run-1-large-payload,p5g-tcp-service-payload-262144,favorable_day_1,tcp,262144,1,0.0,0.9137770103290214,0.46747622917656284,-1.0406643684272154
5G Uu,payload_sweep,edge4av-real-20260513-sunny-fintechparking-run-1-large-payload,p5g-tcp-service-payload-32768,favorable_day_1,tcp,32768,1,0.0,-0.5803398891488963,0.09898063208858736,-0.5304124497884697
5G Uu,payload_sweep,edge4av-real-20260513-sunny-fintechparking-run-1-large-payload,p5g-tcp-service-payload-524288,favorable_day_1,tcp,524288,1,0.0,1.719319749732224,0.6315486329528325,-1.2543677482457791
5G Uu,payload_sweep,edge4av-real-20260513-sunny-fintechparking-run-1-large-payload,p5g-tcp-service-payload-65536,favorable_day_1,tcp,65536,1,0.0,-0.3475463540934985,0.21447431274039241,-0.7172802196522363
5G Uu,payload_sweep,edge4av-real-20260513-sunny-fintechparking-run-1-large-payload,p5g-tcp-service-payload-8192,favorable_day_1,tcp,8192,1,0.0,-0.8533521109105766,-0.009614269284248966,-0.35528708986977814
5G Uu,payload_sweep,edge4av-real-20260513-sunny-fintechparking-run-1-mqtt-latency,p5g-mqtt-latency-payload-0,favorable_day_1,mqtt,0,1,0.0,-2.109881925025246,-0.3216233465557104,0.08012771769823522
5G Uu,payload_sweep,edge4av-real-20260513-sunny-fintechparking-run-1-mqtt-latency,p5g-mqtt-latency-payload-1024,favorable_day_1,mqtt,1024,1,0.0,-2.0057053758249186,-0.13173396577767715,-0.26596752459931416
5G Uu,payload_sweep,edge4av-real-20260513-sunny-fintechparking-run-1-mqtt-latency,p5g-mqtt-latency-payload-1048576,favorable_day_1,mqtt,1048576,1,0.0,2.3635634185704237,0.6491009874191047,-1.2074134049800718
5G Uu,payload_sweep,edge4av-real-20260513-sunny-fintechparking-run-1-mqtt-latency,p5g-mqtt-latency-payload-131072,favorable_day_1,mqtt,131072,1,0.0,0.50809084186952,0.27732912406488663,-0.734188125132177
5G Uu,payload_sweep,edge4av-real-20260513-sunny-fintechparking-run-1-mqtt-latency,p5g-mqtt-latency-payload-16384,favorable_day_1,mqtt,16384,1,0.0,-1.1853078442455516,-0.08535201664499514,-0.2543419397616837
5G Uu,payload_sweep,edge4av-real-20260513-sunny-fintechparking-run-1-mqtt-latency,p5g-mqtt-latency-payload-2097152,favorable_day_1,mqtt,2097152,1,0.0,2.977488415563084,0.9029068584089626,-1.6105342305424668
5G Uu,payload_sweep,edge4av-real-20260513-sunny-fintechparking-run-1-mqtt-latency,p5g-mqtt-latency-payload-256,favorable_day_1,mqtt,256,1,0.0,-2.1362454456064524,-0.4906827977723424,0.3955484578704909
5G Uu,payload_sweep,edge4av-real-20260513-sunny-fintechparking-run-1-mqtt-latency,p5g-mqtt-latency-payload-262144,favorable_day_1,mqtt,262144,1,0.0,1.211588564332925,0.4324095765517101,-0.9385150652531851
5G Uu,payload_sweep,edge4av-real-20260513-sunny-fintechparking-run-1-mqtt-latency,p5g-mqtt-latency-payload-32768,favorable_day_1,mqtt,32768,1,0.0,-0.8178030574992574,0.04973248971225412,-0.4639020817557308
5G Uu,payload_sweep,edge4av-real-20260513-sunny-fintechparking-run-1-mqtt-latency,p5g-mqtt-latency-payload-4096,favorable_day_1,mqtt,4096,1,0.0,-1.7574406202423754,-0.17369105198293608,-0.15626397791389066
5G Uu,payload_sweep,edge4av-real-20260513-sunny-fintechparking-run-1-mqtt-latency,p5g-mqtt-latency-payload-524288,favorable_day_1,mqtt,524288,1,0.0,1.921372937187243,0.5913729375484109,-1.151813766131891
5G Uu,payload_sweep,edge4av-real-20260513-sunny-fintechparking-run-1-mqtt-latency,p5g-mqtt-latency-payload-65536,favorable_day_1,mqtt,65536,1,0.0,-0.3187270376682145,0.19237158149250289,-0.6718356173590937
5G Uu,payload_sweep,edge4av-real-20260513-sunny-fintechparking-run-1-mqtt-latency,p5g-mqtt-latency-payload-8192,favorable_day_1,mqtt,8192,1,0.0,-1.6477520104749153,-0.10820675888852153,-0.26624796815093155
5G Uu,payload_sweep,edge4av-real-20260514-sunny-after-rain-run-1,p5g-mqtt-service-payload-0,variable_day_2,mqtt,0,1,0.0,-0.7455955260330893,-0.7644797131288175,1.0700098261006392
5G Uu,payload_sweep,edge4av-real-20260514-sunny-after-rain-run-1,p5g-mqtt-service-payload-1024,variable_day_2,mqtt,1024,1,0.0,-0.7480517376786036,-0.6315452354070468,0.818368085235079
5G Uu,payload_sweep,edge4av-real-20260514-sunny-after-rain-run-1,p5g-mqtt-service-payload-1048576,variable_day_2,mqtt,1048576,1,0.0,3.8048472293194333,1.1013662405895228,-1.5324770361851556
5G Uu,payload_sweep,edge4av-real-20260514-sunny-after-rain-run-1,p5g-mqtt-service-payload-131072,variable_day_2,mqtt,131072,1,0.0,1.821102937792299,0.3821184162122546,-0.7696140976177708
5G Uu,payload_sweep,edge4av-real-20260514-sunny-after-rain-run-1,p5g-mqtt-service-payload-16384,variable_day_2,mqtt,16384,1,0.0,0.756108644815286,-0.612437755125371,0.9758041674300217
5G Uu,payload_sweep,edge4av-real-20260514-sunny-after-rain-run-1,p5g-mqtt-service-payload-256,variable_day_2,mqtt,256,1,0.0,-1.0222422929504622,-0.5630629808932264,0.6536108049741729
5G Uu,payload_sweep,edge4av-real-20260514-sunny-after-rain-run-1,p5g-mqtt-service-payload-262144,variable_day_2,mqtt,262144,1,0.0,2.133279276506957,0.5678202895636939,-1.0832621042492845
5G Uu,payload_sweep,edge4av-real-20260514-sunny-after-rain-run-1,p5g-mqtt-service-payload-32768,variable_day_2,mqtt,32768,1,0.0,1.055100931930362,-0.3537306168410566,0.5237444549782493
5G Uu,payload_sweep,edge4av-real-20260514-sunny-after-rain-run-1,p5g-mqtt-service-payload-4096,variable_day_2,mqtt,4096,1,0.0,-0.22482652276894505,-0.6100380644643709,0.8463716397091836
5G Uu,payload_sweep,edge4av-real-20260514-sunny-after-rain-run-1,p5g-mqtt-service-payload-524288,variable_day_2,mqtt,524288,1,0.0,3.209964882454287,0.7097519429551442,-1.2206241503472612
5G Uu,payload_sweep,edge4av-real-20260514-sunny-after-rain-run-1,p5g-mqtt-service-payload-65536,variable_day_2,mqtt,65536,1,0.0,1.4150441213457325,0.06367945264361684,-0.2197623815588529
5G Uu,payload_sweep,edge4av-real-20260514-sunny-after-rain-run-1,p5g-mqtt-service-payload-8192,variable_day_2,mqtt,8192,1,0.0,0.8062960159016033,-1.0395605744507674,1.7869505369409855
5G Uu,payload_sweep,edge4av-real-20260514-sunny-after-rain-run-1,p5g-tcp-service-payload-0,variable_day_2,tcp,0,1,0.0,-0.07585692769424927,0.17635491936726655,-0.6236290849988634
5G Uu,payload_sweep,edge4av-real-20260514-sunny-after-rain-run-1,p5g-tcp-service-payload-1024,variable_day_2,tcp,1024,1,0.0,-0.07926835508263258,0.1494540855558924,-0.5697494398536048
5G Uu,payload_sweep,edge4av-real-20260514-sunny-after-rain-run-1,p5g-tcp-service-payload-1048576,variable_day_2,tcp,1048576,1,0.0,3.8140943416088042,0.8886055466875806,-1.4814880780958555
5G Uu,payload_sweep,edge4av-real-20260514-sunny-after-rain-run-1,p5g-tcp-service-payload-131072,variable_day_2,tcp,131072,1,0.0,1.5124219364329168,0.3892528945036491,-0.822086725601402
5G Uu,payload_sweep,edge4av-real-20260514-sunny-after-rain-run-1,p5g-tcp-service-payload-16384,variable_day_2,tcp,16384,1,0.0,-0.002904145765150238,-0.04349284030193046,-0.19417588310799597
5G Uu,payload_sweep,edge4av-real-20260514-sunny-after-rain-run-1,p5g-tcp-service-payload-2097152,variable_day_2,tcp,2097152,1,0.0,4.79345531848728,1.1834111466565806,-1.9191109143032903
5G Uu,payload_sweep,edge4av-real-20260514-sunny-after-rain-run-1,p5g-tcp-service-payload-256,variable_day_2,tcp,256,1,0.0,-0.23928111310574002,0.1921616577444119,-0.6698540632918609
5G Uu,payload_sweep,edge4av-real-20260514-sunny-after-rain-run-1,p5g-tcp-service-payload-262144,variable_day_2,tcp,262144,1,0.0,2.255203275022749,0.5751493372020656,-1.081615381381322
5G Uu,payload_sweep,edge4av-real-20260514-sunny-after-rain-run-1,p5g-tcp-service-payload-32768,variable_day_2,tcp,32768,1,0.0,0.26701375905544306,0.13109446245585915,-0.4888774709589255
5G Uu,payload_sweep,edge4av-real-20260514-sunny-after-rain-run-1,p5g-tcp-service-payload-4096,variable_day_2,tcp,4096,1,0.0,-0.4046657852749806,-0.0993772919841295,-0.138784365340575
5G Uu,payload_sweep,edge4av-real-20260514-sunny-after-rain-run-1,p5g-tcp-service-payload-524288,variable_day_2,tcp,524288,1,0.0,3.1334286961409754,0.8133796370057552,-1.4222771409020667
5G Uu,payload_sweep,edge4av-real-20260514-sunny-after-rain-run-1,p5g-tcp-service-payload-65536,variable_day_2,tcp,65536,1,0.0,1.3320704642377565,0.07559214625824097,-0.2540831096083043
5G Uu,payload_sweep,edge4av-real-20260514-sunny-after-rain-run-1,p5g-tcp-service-payload-8192,variable_day_2,tcp,8192,1,0.0,-0.32099189706240633,-0.19471570410143554,0.05702289236351581
5G Uu,payload_sweep,edge4av-real-20260515-sunny-run-1,p5g-mqtt-service-payload-0,adverse_variable_day,mqtt,0,1,0.0,1.5638707524032822,-1.4756713807402695,2.702967058651638
5G Uu,payload_sweep,edge4av-real-20260515-sunny-run-1,p5g-mqtt-service-payload-1024,adverse_variable_day,mqtt,1024,1,0.0,1.653873582380227,-0.9953442501583717,1.8063047652450337
5G Uu,payload_sweep,edge4av-real-20260515-sunny-run-1,p5g-mqtt-service-payload-131072,adverse_variable_day,mqtt,131072,1,0.0,5.989061224646181,-0.3906175028737921,1.2642184478380818
5G Uu,payload_sweep,edge4av-real-20260515-sunny-run-1,p5g-mqtt-service-payload-16384,adverse_variable_day,mqtt,16384,1,0.0,3.549440297442188,-1.036832053900153,2.1168196908726453
5G Uu,payload_sweep,edge4av-real-20260515-sunny-run-1,p5g-mqtt-service-payload-256,adverse_variable_day,mqtt,256,1,0.0,1.6982381332137246,-0.8348011267787637,1.5051263039474625
5G Uu,payload_sweep,edge4av-real-20260515-sunny-run-1,p5g-mqtt-service-payload-262144,adverse_variable_day,mqtt,262144,1,0.0,7.163042435779574,0.7575330013274668,-0.8031570851781619
5G Uu,payload_sweep,edge4av-real-20260515-sunny-run-1,p5g-mqtt-service-payload-32768,adverse_variable_day,mqtt,32768,1,0.0,4.055659152616194,-0.767088875928592,1.6710677001198426
5G Uu,payload_sweep,edge4av-real-20260515-sunny-run-1,p5g-mqtt-service-payload-4096,adverse_variable_day,mqtt,4096,1,0.0,3.040586277708029,-1.499613195059109,2.9257598549618367
5G Uu,payload_sweep,edge4av-real-20260515-sunny-run-1,p5g-mqtt-service-payload-524288,adverse_variable_day,mqtt,524288,1,0.0,6.707829341920917,0.5069289178979043,-0.40978206743066586
5G Uu,payload_sweep,edge4av-real-20260515-sunny-run-1,p5g-mqtt-service-payload-65536,adverse_variable_day,mqtt,65536,1,0.0,5.205814966997282,-0.11129484705987296,0.6090393526851833
5G Uu,payload_sweep,edge4av-real-20260515-sunny-run-1,p5g-mqtt-service-payload-8192,adverse_variable_day,mqtt,8192,1,0.0,3.2733815491495446,-1.3222750329871253,2.6212195380179386
5G Uu,payload_sweep,edge4av-real-20260515-sunny-run-1,p5g-tcp-service-payload-0,adverse_variable_day,tcp,0,1,0.0,2.663265230342522,-1.152930188219061,2.224664330024968
5G Uu,payload_sweep,edge4av-real-20260515-sunny-run-1,p5g-tcp-service-payload-1024,adverse_variable_day,tcp,1024,1,0.0,2.8197289164532657,-1.1156657355735233,2.171295147936431
5G Uu,payload_sweep,edge4av-real-20260515-sunny-run-1,p5g-tcp-service-payload-131072,adverse_variable_day,tcp,131072,1,0.0,3.7285351555634945,0.6932995728629676,-1.1261295429597884
5G Uu,payload_sweep,edge4av-real-20260515-sunny-run-1,p5g-tcp-service-payload-16384,adverse_variable_day,tcp,16384,1,0.0,3.8300818783397994,-0.8861717505328648,1.8665609603870952
5G Uu,payload_sweep,edge4av-real-20260515-sunny-run-1,p5g-tcp-service-payload-256,adverse_variable_day,tcp,256,1,0.0,2.422759167647326,-1.129477460414791,2.153514131168151
5G Uu,payload_sweep,edge4av-real-20260515-sunny-run-1,p5g-tcp-service-payload-262144,adverse_variable_day,tcp,262144,1,0.0,4.701187509185058,0.8387456624402875,-1.27985917649228
5G Uu,payload_sweep,edge4av-real-20260515-sunny-run-1,p5g-tcp-service-payload-32768,adverse_variable_day,tcp,32768,1,0.0,4.530237147502909,-0.7132763196682296,1.625502712458017
5G Uu,payload_sweep,edge4av-real-20260515-sunny-run-1,p5g-tcp-service-payload-4096,adverse_variable_day,tcp,4096,1,0.0,3.60410116629088,-1.4636104356769084,2.922629687988681
5G Uu,payload_sweep,edge4av-real-20260515-sunny-run-1,p5g-tcp-service-payload-524288,adverse_variable_day,tcp,524288,1,0.0,6.088554573234467,0.7744826064059579,-0.8739390926201577
5G Uu,payload_sweep,edge4av-real-20260515-sunny-run-1,p5g-tcp-service-payload-65536,adverse_variable_day,tcp,65536,1,0.0,5.152275280296591,-0.17811942661939442,0.691396861171682
5G Uu,payload_sweep,edge4av-real-20260515-sunny-run-1,p5g-tcp-service-payload-8192,adverse_variable_day,tcp,8192,1,0.0,3.785290376756139,-1.3002554164036852,2.6417472567654383
5G Uu,payload_sweep,edge4av-real-20260521-small-rain-run-1,p5g-mqtt-service-payload-0,stable_day_4,mqtt,0,1,0.0,-1.9808420121951156,-0.5779333711529169,0.579013795497222
5G Uu,payload_sweep,edge4av-real-20260521-small-rain-run-1,p5g-mqtt-service-payload-1024,stable_day_4,mqtt,1024,1,0.0,-1.6472429977612506,-0.3967513629625373,0.2763951242312652
5G Uu,payload_sweep,edge4av-real-20260521-small-rain-run-1,p5g-mqtt-service-payload-1048576,stable_day_4,mqtt,1048576,1,0.0,3.2418732572137174,0.7277652705406344,-1.2478605104962923
5G Uu,payload_sweep,edge4av-real-20260521-small-rain-run-1,p5g-mqtt-service-payload-131072,stable_day_4,mqtt,131072,1,0.0,0.6121882853577788,0.28243204695086127,-0.7303195562552004
5G Uu,payload_sweep,edge4av-real-20260521-small-rain-run-1,p5g-mqtt-service-payload-16384,stable_day_4,mqtt,16384,1,0.0,-0.4841386250906024,-0.297889762867853,0.23151344847283015
5G Uu,payload_sweep,edge4av-real-20260521-small-rain-run-1,p5g-mqtt-service-payload-256,stable_day_4,mqtt,256,1,0.0,-1.67868617382563,-0.4300836857442427,0.33543438374334067
5G Uu,payload_sweep,edge4av-real-20260521-small-rain-run-1,p5g-mqtt-service-payload-262144,stable_day_4,mqtt,262144,1,0.0,2.1071420213601733,0.41366581140982084,-0.7940601804717651
5G Uu,payload_sweep,edge4av-real-20260521-small-rain-run-1,p5g-mqtt-service-payload-32768,stable_day_4,mqtt,32768,1,0.0,-1.1825681147240639,-0.005087586494066695,-0.40678827006536517
5G Uu,payload_sweep,edge4av-real-20260521-small-rain-run-1,p5g-mqtt-service-payload-4096,stable_day_4,mqtt,4096,1,0.0,-1.1415860311998163,-0.23376767245026503,0.03082689064251421
5G Uu,payload_sweep,edge4av-real-20260521-small-rain-run-1,p5g-mqtt-service-payload-524288,stable_day_4,mqtt,524288,1,0.0,1.9472022486624962,0.6342776551918548,-1.2291564132529869
5G Uu,payload_sweep,edge4av-real-20260521-small-rain-run-1,p5g-mqtt-service-payload-65536,stable_day_4,mqtt,65536,1,0.0,0.045202290314071004,0.1640032937082584,-0.5756824581223384
5G Uu,payload_sweep,edge4av-real-20260521-small-rain-run-1,p5g-mqtt-service-payload-8192,stable_day_4,mqtt,8192,1,0.0,-1.057076748796257,-0.09670220721954297,-0.2172591270804078
5G Uu,payload_sweep,edge4av-real-20260521-small-rain-run-1,p5g-tcp-service-payload-0,stable_day_4,tcp,0,1,0.0,-0.5355488241591888,0.1732271354416351,-0.6621714250508356
5G Uu,payload_sweep,edge4av-real-20260521-small-rain-run-1,p5g-tcp-service-payload-1024,stable_day_4,tcp,1024,1,0.0,-0.27005019585291345,0.11563707983142334,-0.5215754387758103
5G Uu,payload_sweep,edge4av-real-20260521-small-rain-run-1,p5g-tcp-service-payload-1048576,stable_day_4,tcp,1048576,1,0.0,2.1535736699720274,0.7970687342562952,-1.5125221993603073
5G Uu,payload_sweep,edge4av-real-20260521-small-rain-run-1,p5g-tcp-service-payload-131072,stable_day_4,tcp,131072,1,0.0,0.7600750368954541,0.366512596824757,-0.8733609504738795
5G Uu,payload_sweep,edge4av-real-20260521-small-rain-run-1,p5g-tcp-service-payload-16384,stable_day_4,tcp,16384,1,0.0,-0.0914931192482839,-0.05858358723805148,-0.17056019742373132
5G Uu,payload_sweep,edge4av-real-20260521-small-rain-run-1,p5g-tcp-service-payload-256,stable_day_4,tcp,256,1,0.0,-0.3968063966589453,0.09330051205575955,-0.4938215059940432
5G Uu,payload_sweep,edge4av-real-20260521-small-rain-run-1,p5g-tcp-service-payload-262144,stable_day_4,tcp,262144,1,0.0,1.5956534836012857,0.4741746931787765,-0.9705697564585047
5G Uu,payload_sweep,edge4av-real-20260521-small-rain-run-1,p5g-tcp-service-payload-32768,stable_day_4,tcp,32768,1,0.0,-0.8769361490652079,0.09585319534965124,-0.5577035249127873
5G Uu,payload_sweep,edge4av-real-20260521-small-rain-run-1,p5g-tcp-service-payload-4096,stable_day_4,tcp,4096,1,0.0,-0.471277565000791,-0.19522348126996666,0.04002805030057575
5G Uu,payload_sweep,edge4av-real-20260521-small-rain-run-1,p5g-tcp-service-payload-524288,stable_day_4,tcp,524288,1,0.0,3.5719617933382386,0.27690938666749676,-0.3569321752704038
5G Uu,payload_sweep,edge4av-real-20260521-small-rain-run-1,p5g-tcp-service-payload-65536,stable_day_4,tcp,65536,1,0.0,0.09123150567720344,0.15911435469445412,-0.5591625824739125
5G Uu,payload_sweep,edge4av-real-20260521-small-rain-run-1,p5g-tcp-service-payload-8192,stable_day_4,tcp,8192,1,0.0,-0.1987501324865526,-0.24641526913398373,0.17037107525789352
5G Uu,payload_sweep,edge4av-real-20260522-cloudy-run-1,p5g-mqtt-service-payload-0,stable_day_5,mqtt,0,1,0.0,-2.0704200798748764,-0.33865952326242205,0.11689434923711396
5G Uu,payload_sweep,edge4av-real-20260522-cloudy-run-1,p5g-mqtt-service-payload-1024,stable_day_5,mqtt,1024,1,0.0,-1.8747604369210813,-0.26448120574424216,0.001135072213963313
5G Uu,payload_sweep,edge4av-real-20260522-cloudy-run-1,p5g-mqtt-service-payload-1048576,stable_day_5,mqtt,1048576,1,0.0,2.2556972896999943,0.785817697583522,-1.477744741134192
5G Uu,payload_sweep,edge4av-real-20260522-cloudy-run-1,p5g-mqtt-service-payload-131072,stable_day_5,mqtt,131072,1,0.0,-0.13521902155633883,0.30950348540130496,-0.8700081324033153
5G Uu,payload_sweep,edge4av-real-20260522-cloudy-run-1,p5g-mqtt-service-payload-16384,stable_day_5,mqtt,16384,1,0.0,-1.4915437044722624,-0.10507593203821045,-0.25383263469319967
5G Uu,payload_sweep,edge4av-real-20260522-cloudy-run-1,p5g-mqtt-service-payload-256,stable_day_5,mqtt,256,1,0.0,-2.1011126406872918,-0.3772697823062965,0.18566881764630136
5G Uu,payload_sweep,edge4av-real-20260522-cloudy-run-1,p5g-mqtt-service-payload-262144,stable_day_5,mqtt,262144,1,0.0,0.7979026035407231,0.4567815366894221,-1.0381655075892808
5G Uu,payload_sweep,edge4av-real-20260522-cloudy-run-1,p5g-mqtt-service-payload-32768,stable_day_5,mqtt,32768,1,0.0,-1.2063314018695097,0.030530863439855546,-0.4743454588727071
5G Uu,payload_sweep,edge4av-real-20260522-cloudy-run-1,p5g-mqtt-service-payload-4096,stable_day_5,mqtt,4096,1,0.0,-1.8832048646660888,-0.11279045530075225,-0.2865044288400693
5G Uu,payload_sweep,edge4av-real-20260522-cloudy-run-1,p5g-mqtt-service-payload-524288,stable_day_5,mqtt,524288,1,0.0,1.496793977419486,0.6081604206046287,-1.234724301478698
5G Uu,payload_sweep,edge4av-real-20260522-cloudy-run-1,p5g-mqtt-service-payload-65536,stable_day_5,mqtt,65536,1,0.0,-0.6658496806812136,0.1369984454512932,-0.6093125606789079
5G Uu,payload_sweep,edge4av-real-20260522-cloudy-run-1,p5g-mqtt-service-payload-8192,stable_day_5,mqtt,8192,1,0.0,-1.8076174023609595,-0.1436705290370798,-0.219207679060564
5G Uu,payload_sweep,edge4av-real-20260522-cloudy-run-1,p5g-tcp-service-payload-0,stable_day_5,tcp,0,1,0.0,-0.5104149164934926,0.14220539087706047,-0.5998081498923252
5G Uu,payload_sweep,edge4av-real-20260522-cloudy-run-1,p5g-tcp-service-payload-1024,stable_day_5,tcp,1024,1,0.0,-0.45159338291721807,0.1753529511686952,-0.6553192405884938
5G Uu,payload_sweep,edge4av-real-20260522-cloudy-run-1,p5g-tcp-service-payload-1048576,stable_day_5,tcp,1048576,1,0.0,2.3015140415088418,0.7655996185891122,-1.4337505995883006
5G Uu,payload_sweep,edge4av-real-20260522-cloudy-run-1,p5g-tcp-service-payload-131072,stable_day_5,tcp,131072,1,0.0,0.0988324761931734,0.33415143081240234,-0.8899563219230365
5G Uu,payload_sweep,edge4av-real-20260522-cloudy-run-1,p5g-tcp-service-payload-16384,stable_day_5,tcp,16384,1,0.0,-0.9290064761604596,0.02095081113646967,-0.42297906163097315
5G Uu,payload_sweep,edge4av-real-20260522-cloudy-run-1,p5g-tcp-service-payload-256,stable_day_5,tcp,256,1,0.0,-0.5253598063755667,0.14889110444098913,-0.6141839147978018
5G Uu,payload_sweep,edge4av-real-20260522-cloudy-run-1,p5g-tcp-service-payload-262144,stable_day_5,tcp,262144,1,0.0,0.7816637639283641,0.46604166479606224,-1.0540467288086424
5G Uu,payload_sweep,edge4av-real-20260522-cloudy-run-1,p5g-tcp-service-payload-32768,stable_day_5,tcp,32768,1,0.0,-0.808513083731725,0.064331086969858,-0.48924841774612715
5G Uu,payload_sweep,edge4av-real-20260522-cloudy-run-1,p5g-tcp-service-payload-4096,stable_day_5,tcp,4096,1,0.0,-0.7428670636810415,-0.10588422434863377,-0.1596453049575524
5G Uu,payload_sweep,edge4av-real-20260522-cloudy-run-1,p5g-tcp-service-payload-524288,stable_day_5,tcp,524288,1,0.0,1.8769663886598704,0.4285253203990277,-0.8497105435465526
5G Uu,payload_sweep,edge4av-real-20260522-cloudy-run-1,p5g-tcp-service-payload-65536,stable_day_5,tcp,65536,1,0.0,-0.4862316785178394,0.20468869856817162,-0.7150274089378427
5G Uu,payload_sweep,edge4av-real-20260522-cloudy-run-1,p5g-tcp-service-payload-8192,stable_day_5,tcp,8192,1,0.0,-0.7212125008279716,0.014216407767584913,-0.3847655736348085
5G Uu,restart,edge4av-real-20260703-failure-fallback-run-1,p5g-failure-broker-restart-mqtt-payload-1024,stationary,mqtt,1024,1,0.0,-1.6632726197327525,0.3046775165489667,0.5118415860114932
5G Uu,restart,edge4av-real-20260703-failure-fallback-run-1,p5g-failure-receiver-restart-mqtt-payload-1024,stationary,mqtt,1024,1,0.0,-1.1828257860319495,-0.22235409478167048,0.3041633590326472
5G Uu,restart,edge4av-real-20260703-failure-fallback-run-1,p5g-failure-receiver-restart-tcp-payload-1024,stationary,tcp,1024,1,0.0,-0.14596285115698598,0.8139768245783285,-0.1963862257693915
5G Uu,restart,edge4av-real-20260703-failure-fallback-run-1,p5g-failure-receiver-restart-udp-payload-1024,stationary,udp,1024,1,0.0,-1.8650566675494122,0.11905512844772344,0.35343836674705353
5G Uu,tdd_downlink,edge4av-real-20260817-airspan-tdd-raw-downlink-40-40-20-location-3-tcp-mqtt-run-1,downlink-mqtt-payload-1024,downlink_40_40_20_location_3_-100dBm_cell_2,mqtt,1024,1,0.0,-2.2832135711261214,-0.4166443197770883,0.23701343968287483
5G Uu,tdd_downlink,edge4av-real-20260817-airspan-tdd-raw-downlink-40-40-20-location-3-tcp-mqtt-run-1,downlink-mqtt-payload-10240,downlink_40_40_20_location_3_-100dBm_cell_2,mqtt,10240,1,0.0,-2.071544976211821,-0.26758570393713405,-0.01777601003378662
5G Uu,tdd_downlink,edge4av-real-20260817-airspan-tdd-raw-downlink-40-40-20-location-3-tcp-mqtt-run-1,downlink-mqtt-payload-102400,downlink_40_40_20_location_3_-100dBm_cell_2,mqtt,102400,1,0.0,-1.264719754340557,-0.46787230314787864,0.45864564938103214
5G Uu,tdd_downlink,edge4av-real-20260817-airspan-tdd-raw-downlink-40-40-20-location-3-tcp-mqtt-run-1,downlink-mqtt-payload-512000,downlink_40_40_20_location_3_-100dBm_cell_2,mqtt,512000,1,0.0,-0.5994778226271278,-0.14906232713985587,-0.06354054532167505
5G Uu,tdd_downlink,edge4av-real-20260817-airspan-tdd-raw-downlink-40-40-20-location-3-tcp-mqtt-run-1,downlink-tcp-payload-1024,downlink_40_40_20_location_3_-100dBm_cell_2,tcp,1024,1,0.0,-2.0473835699114753,-0.2950140146827015,0.03593397752477027
5G Uu,tdd_downlink,edge4av-real-20260817-airspan-tdd-raw-downlink-40-40-20-location-3-tcp-mqtt-run-1,downlink-tcp-payload-10240,downlink_40_40_20_location_3_-100dBm_cell_2,tcp,10240,1,0.0,-2.064516458676044,-0.2725483979438902,-0.007619756340998152
5G Uu,tdd_downlink,edge4av-real-20260817-airspan-tdd-raw-downlink-40-40-20-location-3-tcp-mqtt-run-1,downlink-tcp-payload-102400,downlink_40_40_20_location_3_-100dBm_cell_2,tcp,102400,1,0.0,-1.29762807363634,-0.5604635487697586,0.629575576114472
5G Uu,tdd_downlink,edge4av-real-20260817-airspan-tdd-raw-downlink-40-40-20-location-3-tcp-mqtt-run-1,downlink-tcp-payload-512000,downlink_40_40_20_location_3_-100dBm_cell_2,tcp,512000,1,0.0,-0.9801092838201675,-0.06227338626872634,-0.27293394388145853
5G Uu,tdd_downlink,edge4av-real-20260817-airspan-tdd-raw-downlink-70-20-10-location-3-tcp-mqtt-run-2,downlink-mqtt-payload-1024,downlink_70_20_10_location_3_-100dBm_cell_2,mqtt,1024,1,0.0,-2.02973228895282,-0.41945524765745007,0.27400990518251794
5G Uu,tdd_downlink,edge4av-real-20260817-airspan-tdd-raw-downlink-70-20-10-location-3-tcp-mqtt-run-2,downlink-mqtt-payload-10240,downlink_70_20_10_location_3_-100dBm_cell_2,mqtt,10240,1,0.0,-1.9340986841177819,-0.2371425483993134,-0.057631660465161653
5G Uu,tdd_downlink,edge4av-real-20260817-airspan-tdd-raw-downlink-70-20-10-location-3-tcp-mqtt-run-2,downlink-mqtt-payload-102400,downlink_70_20_10_location_3_-100dBm_cell_2,mqtt,102400,1,0.0,-1.8370237019863698,-0.15033310839984312,-0.21005653603663998
5G Uu,tdd_downlink,edge4av-real-20260817-airspan-tdd-raw-downlink-70-20-10-location-3-tcp-mqtt-run-2,downlink-mqtt-payload-512000,downlink_70_20_10_location_3_-100dBm_cell_2,mqtt,512000,1,0.0,-1.1730091163151841,0.045086847508661584,-0.49749353597040935
5G Uu,tdd_downlink,edge4av-real-20260817-airspan-tdd-raw-downlink-70-20-10-location-3-tcp-mqtt-run-2,downlink-tcp-payload-1024,downlink_70_20_10_location_3_-100dBm_cell_2,tcp,1024,1,0.0,-1.9547937058457205,-0.33361583182450977,0.12160769822754859
5G Uu,tdd_downlink,edge4av-real-20260817-airspan-tdd-raw-downlink-70-20-10-location-3-tcp-mqtt-run-2,downlink-tcp-payload-10240,downlink_70_20_10_location_3_-100dBm_cell_2,tcp,10240,1,0.0,-1.9516636677267267,-0.28359369345670493,0.02763446253183418
5G Uu,tdd_downlink,edge4av-real-20260817-airspan-tdd-raw-downlink-70-20-10-location-3-tcp-mqtt-run-2,downlink-tcp-payload-102400,downlink_70_20_10_location_3_-100dBm_cell_2,tcp,102400,1,0.0,-1.3166721590218675,-0.24148009646012294,0.025024020990900862
5G Uu,tdd_downlink,edge4av-real-20260817-airspan-tdd-raw-downlink-70-20-10-location-3-tcp-mqtt-run-2,downlink-tcp-payload-512000,downlink_70_20_10_location_3_-100dBm_cell_2,tcp,512000,1,0.0,-0.9529459780863803,-0.07940604981339014,-0.23729309635713702
5G Uu,tdd_downlink,edge4av-real-20260818-airspan-tdd-raw-downlink-40-40-20-location-3-tcp-mqtt-run-1,downlink-mqtt-payload-1024,downlink_40_40_20_location_3_-115dBm_cell_2,mqtt,1024,1,0.0,-1.899009256377347,-0.5855512138166321,0.6009095248090423
5G Uu,tdd_downlink,edge4av-real-20260818-airspan-tdd-raw-downlink-40-40-20-location-3-tcp-mqtt-run-1,downlink-mqtt-payload-10240,downlink_40_40_20_location_3_-115dBm_cell_2,mqtt,10240,1,0.0,-1.7706745154961174,-0.3729029238255353,0.2154372560616681
5G Uu,tdd_downlink,edge4av-real-20260818-airspan-tdd-raw-downlink-40-40-20-location-3-tcp-mqtt-run-1,downlink-mqtt-payload-102400,downlink_40_40_20_location_3_-115dBm_cell_2,mqtt,102400,1,0.0,-0.7797265215933668,-0.2417606222418836,0.08761002833421937
5G Uu,tdd_downlink,edge4av-real-20260818-airspan-tdd-raw-downlink-40-40-20-location-3-tcp-mqtt-run-1,downlink-mqtt-payload-512000,downlink_40_40_20_location_3_-115dBm_cell_2,mqtt,512000,1,0.0,0.1765714901934847,-0.13742813949894023,0.009749863001848942
5G Uu,tdd_downlink,edge4av-real-20260818-airspan-tdd-raw-downlink-40-40-20-location-3-tcp-mqtt-run-1,downlink-tcp-payload-1024,downlink_40_40_20_location_3_-115dBm_cell_2,tcp,1024,1,0.0,-0.7410357505445434,-0.6829188090523284,0.9160307145828706
5G Uu,tdd_downlink,edge4av-real-20260818-airspan-tdd-raw-downlink-40-40-20-location-3-tcp-mqtt-run-1,downlink-tcp-payload-10240,downlink_40_40_20_location_3_-115dBm_cell_2,tcp,10240,1,0.0,-1.6887255708402589,-0.36636709795635775,0.21352302119699032
5G Uu,tdd_downlink,edge4av-real-20260818-airspan-tdd-raw-downlink-40-40-20-location-3-tcp-mqtt-run-1,downlink-tcp-payload-102400,downlink_40_40_20_location_3_-115dBm_cell_2,tcp,102400,1,0.0,-0.94171358595995,-0.3247868438400147,0.22621354215949582
5G Uu,tdd_downlink,edge4av-real-20260818-airspan-tdd-raw-downlink-40-40-20-location-3-tcp-mqtt-run-1,downlink-tcp-payload-512000,downlink_40_40_20_location_3_-115dBm_cell_2,tcp,512000,1,0.0,0.35741165997326485,-0.12897745402538735,0.016063472614222453
5G Uu,tdd_downlink,edge4av-real-20260819-airspan-tdd-raw-downlink-40-40-20-new-device-location-3-tcp-mqtt-run-1,downlink-mqtt-payload-1024,downlink_40_40_20_location_3_GL-X3000_median_-98dBm,mqtt,1024,1,0.0,-1.7431985680051192,-0.350033947621783,0.17415341469367887
5G Uu,tdd_downlink,edge4av-real-20260819-airspan-tdd-raw-downlink-40-40-20-new-device-location-3-tcp-mqtt-run-1,downlink-mqtt-payload-10240,downlink_40_40_20_location_3_GL-X3000_median_-98dBm,mqtt,10240,1,0.0,-1.6875657270576707,-0.29361723075401414,0.07618201407223048
5G Uu,tdd_downlink,edge4av-real-20260819-airspan-tdd-raw-downlink-40-40-20-new-device-location-3-tcp-mqtt-run-1,downlink-mqtt-payload-102400,downlink_40_40_20_location_3_GL-X3000_median_-98dBm,mqtt,102400,1,0.0,0.30517011310249365,-0.6602686976496563,0.9962167815261949
5G Uu,tdd_downlink,edge4av-real-20260819-airspan-tdd-raw-downlink-40-40-20-new-device-location-3-tcp-mqtt-run-1,downlink-mqtt-payload-512000,downlink_40_40_20_location_3_GL-X3000_median_-98dBm,mqtt,512000,1,0.0,-0.4241666187163118,-0.12947839302570033,-0.07934617208663196
5G Uu,tdd_downlink,edge4av-real-20260819-airspan-tdd-raw-downlink-40-40-20-new-device-location-3-tcp-mqtt-run-1,downlink-tcp-payload-1024,downlink_40_40_20_location_3_GL-X3000_median_-98dBm,tcp,1024,1,0.0,-1.8137830747212822,-0.1678076760603438,-0.1744760168401855
5G Uu,tdd_downlink,edge4av-real-20260819-airspan-tdd-raw-downlink-40-40-20-new-device-location-3-tcp-mqtt-run-1,downlink-tcp-payload-10240,downlink_40_40_20_location_3_GL-X3000_median_-98dBm,tcp,10240,1,0.0,-1.7455104319739017,-0.1760858133065054,-0.150797242271171
5G Uu,tdd_downlink,edge4av-real-20260819-airspan-tdd-raw-downlink-40-40-20-new-device-location-3-tcp-mqtt-run-1,downlink-tcp-payload-102400,downlink_40_40_20_location_3_GL-X3000_median_-98dBm,tcp,102400,1,0.0,-0.9198257998341779,-0.371644827088399,0.3189224130682184
5G Uu,tdd_downlink,edge4av-real-20260819-airspan-tdd-raw-downlink-40-40-20-new-device-location-3-tcp-mqtt-run-1,downlink-tcp-payload-512000,downlink_40_40_20_location_3_GL-X3000_median_-98dBm,tcp,512000,1,0.0,1.3025834316978349,-0.5871638375080431,0.981802697068141
5G Uu,tdd_downlink,edge4av-real-20260819-airspan-tdd-raw-downlink-70-20-10-new-device-location-3-tcp-mqtt-run-1,downlink-mqtt-payload-1024,downlink_70_20_10_location_3_GL-X3000_median_-99dBm,mqtt,1024,1,0.0,-2.0932329715931024,-0.2756321801747072,-0.004306341225056395
5G Uu,tdd_downlink,edge4av-real-20260819-airspan-tdd-raw-downlink-70-20-10-new-device-location-3-tcp-mqtt-run-1,downlink-mqtt-payload-10240,downlink_70_20_10_location_3_GL-X3000_median_-99dBm,mqtt,10240,1,0.0,-1.9593530257134866,-0.23692782446026078,-0.061346415767516496
5G Uu,tdd_downlink,edge4av-real-20260819-airspan-tdd-raw-downlink-70-20-10-new-device-location-3-tcp-mqtt-run-1,downlink-mqtt-payload-102400,downlink_70_20_10_location_3_GL-X3000_median_-99dBm,mqtt,102400,1,0.0,-1.1264850354140235,-0.4150592529831835,0.3767032065690919
5G Uu,tdd_downlink,edge4av-real-20260819-airspan-tdd-raw-downlink-70-20-10-new-device-location-3-tcp-mqtt-run-1,downlink-mqtt-payload-512000,downlink_70_20_10_location_3_GL-X3000_median_-99dBm,mqtt,512000,1,0.0,-0.9912786621285341,0.05581693281133161,-0.49615437012417063
5G Uu,tdd_downlink,edge4av-real-20260819-airspan-tdd-raw-downlink-70-20-10-new-device-location-3-tcp-mqtt-run-1,downlink-tcp-payload-1024,downlink_70_20_10_location_3_GL-X3000_median_-99dBm,tcp,1024,1,0.0,-1.9231780787407255,-0.18278448324791355,-0.1591903201382768
5G Uu,tdd_downlink,edge4av-real-20260819-airspan-tdd-raw-downlink-70-20-10-new-device-location-3-tcp-mqtt-run-1,downlink-tcp-payload-10240,downlink_70_20_10_location_3_GL-X3000_median_-99dBm,tcp,10240,1,0.0,-1.9112116409214914,-0.14373942872626105,-0.23182267116946215
5G Uu,tdd_downlink,edge4av-real-20260819-airspan-tdd-raw-downlink-70-20-10-new-device-location-3-tcp-mqtt-run-1,downlink-tcp-payload-102400,downlink_70_20_10_location_3_GL-X3000_median_-99dBm,tcp,102400,1,0.0,-1.1316008802283557,-0.4212787230508415,0.38778847097580316
5G Uu,tdd_downlink,edge4av-real-20260819-airspan-tdd-raw-downlink-70-20-10-new-device-location-3-tcp-mqtt-run-1,downlink-tcp-payload-512000,downlink_70_20_10_location_3_GL-X3000_median_-99dBm,tcp,512000,1,0.0,-1.0677131074867072,0.055080606359650106,-0.5036685136449295
5G Uu,tdd_uplink,edge4av-real-20260815-airspan-tdd-raw-uplink-70-20-10-location-1-run-2,uplink-mqtt-payload-1024,uplink_70_20_10_location_1_-100dBm,mqtt,1024,1,0.0,-2.056603894290367,-0.2733223031240218,-0.004727365410685275
5G Uu,tdd_uplink,edge4av-real-20260815-airspan-tdd-raw-uplink-70-20-10-location-1-run-2,uplink-mqtt-payload-10240,uplink_70_20_10_location_1_-100dBm,mqtt,10240,1,0.0,-1.8033160074554062,-0.15676636302966673,-0.19386375187904778
5G Uu,tdd_uplink,edge4av-real-20260815-airspan-tdd-raw-uplink-70-20-10-location-1-run-2,uplink-mqtt-payload-102400,uplink_70_20_10_location_1_-100dBm,mqtt,102400,1,0.0,-0.8410379234671298,0.17229168430896669,-0.6979299008113052
5G Uu,tdd_uplink,edge4av-real-20260815-airspan-tdd-raw-uplink-70-20-10-location-1-run-2,uplink-mqtt-payload-1048576,uplink_70_20_10_location_1_-100dBm,mqtt,1048576,1,0.0,1.549441944994291,0.7310985701217555,-1.4602947000325883
5G Uu,tdd_uplink,edge4av-real-20260815-airspan-tdd-raw-uplink-70-20-10-location-1-run-2,uplink-mqtt-payload-2097152,uplink_70_20_10_location_1_-100dBm,mqtt,2097152,1,0.0,2.369065507034822,0.8984753601322892,-1.676049208102424
5G Uu,tdd_uplink,edge4av-real-20260815-airspan-tdd-raw-uplink-70-20-10-location-1-run-2,uplink-tcp-payload-1024,uplink_70_20_10_location_1_-100dBm,tcp,1024,1,0.0,-2.0083898598849563,-0.24166173426717022,-0.05898969313295376
5G Uu,tdd_uplink,edge4av-real-20260815-airspan-tdd-raw-uplink-70-20-10-location-1-run-2,uplink-tcp-payload-10240,uplink_70_20_10_location_1_-100dBm,tcp,10240,1,0.0,-1.837698237093972,-0.13900521549486194,-0.23154706193326965
5G Uu,tdd_uplink,edge4av-real-20260815-airspan-tdd-raw-uplink-70-20-10-location-1-run-2,uplink-tcp-payload-102400,uplink_70_20_10_location_1_-100dBm,tcp,102400,1,0.0,-0.8661900096223434,0.18759970135616105,-0.7292728195419086
5G Uu,tdd_uplink,edge4av-real-20260815-airspan-tdd-raw-uplink-70-20-10-location-1-run-2,uplink-tcp-payload-1048576,uplink_70_20_10_location_1_-100dBm,tcp,1048576,1,0.0,1.5636811167122333,0.7276640320048513,-1.4520908401223152
5G Uu,tdd_uplink,edge4av-real-20260815-airspan-tdd-raw-uplink-70-20-10-location-1-run-2,uplink-tcp-payload-2097152,uplink_70_20_10_location_1_-100dBm,tcp,2097152,1,0.0,2.3519717923220926,0.9008357795859394,-1.6823323751262378
5G Uu,tdd_uplink,edge4av-real-20260816-airspan-tdd-raw-uplink-40-40-20-location-1-mqtt-repeat-run-1,uplink-mqtt-payload-1024,uplink_40_40_20_location_1_-100dBm,mqtt,1024,1,0.0,-1.1604389349009765,-0.15793141834297808,-0.12818450510356233
5G Uu,tdd_uplink,edge4av-real-20260816-airspan-tdd-raw-uplink-40-40-20-location-1-mqtt-repeat-run-1,uplink-mqtt-payload-10240,uplink_40_40_20_location_1_-100dBm,mqtt,10240,1,0.0,-0.053416397097564496,-0.5874733286171288,0.8298971371386367
5G Uu,tdd_uplink,edge4av-real-20260816-airspan-tdd-raw-uplink-40-40-20-location-1-mqtt-repeat-run-1,uplink-mqtt-payload-102400,uplink_40_40_20_location_1_-100dBm,mqtt,102400,1,0.0,1.5923015876185107,0.2338304321807506,-0.5175746394789768
5G Uu,tdd_uplink,edge4av-real-20260816-airspan-tdd-raw-uplink-40-40-20-location-1-mqtt-repeat-run-1,uplink-mqtt-payload-1048576,uplink_40_40_20_location_1_-100dBm,mqtt,1048576,1,0.0,3.951569798006247,1.0661953887147706,-1.7997747168746798
5G Uu,tdd_uplink,edge4av-real-20260816-airspan-tdd-raw-uplink-40-40-20-location-1-tcp-quick-run-1,uplink-tcp-payload-1024,uplink_40_40_20_location_1_-100dBm_cell_2,tcp,1024,1,0.0,-1.6463097850159492,-0.17194651336765163,-0.14895671758852616
5G Uu,tdd_uplink,edge4av-real-20260816-airspan-tdd-raw-uplink-40-40-20-location-1-tcp-quick-run-1,uplink-tcp-payload-10240,uplink_40_40_20_location_1_-100dBm_cell_2,tcp,10240,1,0.0,-0.7439560247932725,-0.22442625272866343,0.05633736484748509
5G Uu,tdd_uplink,edge4av-real-20260816-airspan-tdd-raw-uplink-40-40-20-location-1-tcp-quick-run-1,uplink-tcp-payload-102400,uplink_40_40_20_location_1_-100dBm_cell_2,tcp,102400,1,0.0,1.6513813959592323,0.19693941089330613,-0.4402916193469139
5G Uu,tdd_uplink,edge4av-real-20260816-airspan-tdd-raw-uplink-40-40-20-location-1-tcp-quick-run-2,uplink-tcp-payload-1024,uplink_40_40_20_location_1_-98dBm_cell_1,tcp,1024,1,0.0,0.02951291211691483,-0.9646996824333732,1.5480667367440306
5G Uu,tdd_uplink,edge4av-real-20260816-airspan-tdd-raw-uplink-40-40-20-location-1-tcp-quick-run-2,uplink-tcp-payload-10240,uplink_40_40_20_location_1_-98dBm_cell_1,tcp,10240,1,0.0,0.1430130049732428,-0.6344656042777033,0.9411912012794588
5G Uu,tdd_uplink,edge4av-real-20260816-airspan-tdd-raw-uplink-40-40-20-location-1-tcp-quick-run-2,uplink-tcp-payload-102400,uplink_40_40_20_location_1_-98dBm_cell_1,tcp,102400,1,0.0,1.8880502086677788,0.2198742269823304,-0.45555276606721135
5G Uu,tdd_uplink,edge4av-real-20260816-airspan-tdd-raw-uplink-60-30-10-location-1-tcp-run-1,uplink-tcp-payload-1024,uplink_60_20_20_location_1_-98dBm_cell_2,tcp,1024,1,0.0,-0.7059275688577271,-0.22201762839618064,0.04960198538755237
5G Uu,tdd_uplink,edge4av-real-20260816-airspan-tdd-raw-uplink-60-30-10-location-1-tcp-run-1,uplink-tcp-payload-10240,uplink_60_20_20_location_1_-98dBm_cell_2,tcp,10240,1,0.0,0.39362374221281854,-0.4120530915254467,0.5535544148941549
5G Uu,tdd_uplink,edge4av-real-20260816-airspan-tdd-raw-uplink-60-30-10-location-1-tcp-run-1,uplink-tcp-payload-102400,uplink_60_20_20_location_1_-98dBm_cell_2,tcp,102400,1,0.0,2.3248714085681197,0.3479766581065543,-0.6443195485473866
5G Uu,tdd_uplink,edge4av-real-20260816-airspan-tdd-raw-uplink-70-20-10-location-1-tcp-quick-run-1,uplink-tcp-payload-1024,uplink_70_20_10_location_1_-98dBm_cell_2,tcp,1024,1,0.0,-1.9868775826996532,-0.24786226814834283,-0.044953184645926195
5G Uu,tdd_uplink,edge4av-real-20260816-airspan-tdd-raw-uplink-70-20-10-location-1-tcp-quick-run-1,uplink-tcp-payload-10240,uplink_70_20_10_location_1_-98dBm_cell_2,tcp,10240,1,0.0,-1.8375482772065979,-0.1407297678187551,-0.2282034565646171
5G Uu,tdd_uplink,edge4av-real-20260816-airspan-tdd-raw-uplink-70-20-10-location-1-tcp-quick-run-1,uplink-tcp-payload-102400,uplink_70_20_10_location_1_-98dBm_cell_2,tcp,102400,1,0.0,-0.8450288009298197,0.16088657187589817,-0.6762516869834018
5G Uu,tdd_uplink,edge4av-real-20260817-airspan-tdd-raw-uplink-pending-location-2-tcp-mqtt-run-1,uplink-mqtt-payload-1024,uplink_60_20_20_location_2_-100dBm,mqtt,1024,1,0.0,-0.5518200101155147,-0.523167839956697,0.640097567655901
5G Uu,tdd_uplink,edge4av-real-20260817-airspan-tdd-raw-uplink-pending-location-2-tcp-mqtt-run-1,uplink-mqtt-payload-10240,uplink_60_20_20_location_2_-100dBm,mqtt,10240,1,0.0,1.1625335181936438,-0.4787287753252363,0.774019642377408
5G Uu,tdd_uplink,edge4av-real-20260817-airspan-tdd-raw-uplink-pending-location-2-tcp-mqtt-run-1,uplink-mqtt-payload-102400,uplink_60_20_20_location_2_-100dBm,mqtt,102400,1,0.0,3.1032952997756253,0.6625565036761553,-1.1424372448940991
5G Uu,tdd_uplink,edge4av-real-20260817-airspan-tdd-raw-uplink-pending-location-2-tcp-mqtt-run-1,uplink-mqtt-payload-1048576,uplink_60_20_20_location_2_-100dBm,mqtt,1048576,1,0.0,5.5185154644100916,1.4187625816698353,-2.273205064062303
5G Uu,tdd_uplink,edge4av-real-20260817-airspan-tdd-raw-uplink-pending-location-2-tcp-mqtt-run-1,uplink-tcp-payload-1024,uplink_60_20_20_location_2_-100dBm,tcp,1024,1,0.0,-0.6489130276451841,-0.2856489548401735,0.1766053108812557
5G Uu,tdd_uplink,edge4av-real-20260817-airspan-tdd-raw-uplink-pending-location-2-tcp-mqtt-run-1,uplink-tcp-payload-10240,uplink_60_20_20_location_2_-100dBm,tcp,10240,1,0.0,1.2412641821265558,-0.4016800247817348,0.6376146562040085
5G Uu,tdd_uplink,edge4av-real-20260817-airspan-tdd-raw-uplink-pending-location-2-tcp-mqtt-run-1,uplink-tcp-payload-102400,uplink_60_20_20_location_2_-100dBm,tcp,102400,1,0.0,2.979087889227201,0.5888123990615761,-1.018676012401537
5G Uu,tdd_uplink,edge4av-real-20260818-airspan-tdd-raw-uplink-40-40-20-location-3-tcp-mqtt-run-1,uplink-mqtt-payload-1024,uplink_40_40_20_location_3_-105_to_-115dBm_cell_2,mqtt,1024,1,0.0,-1.7726553495318007,-0.15589195221308688,-0.19248358799834714
5G Uu,tdd_uplink,edge4av-real-20260818-airspan-tdd-raw-uplink-40-40-20-location-3-tcp-mqtt-run-1,uplink-mqtt-payload-10240,uplink_40_40_20_location_3_-105_to_-115dBm_cell_2,mqtt,10240,1,0.0,0.4819948473062741,0.1255134030095334,-0.45087043219571077
5G Uu,tdd_uplink,edge4av-real-20260818-airspan-tdd-raw-uplink-40-40-20-location-3-tcp-mqtt-run-1,uplink-mqtt-payload-102400,uplink_40_40_20_location_3_-105_to_-115dBm_cell_2,mqtt,102400,1,0.0,2.8761608091390998,0.7208795846317232,-1.2809312286032877
5G Uu,tdd_uplink,edge4av-real-20260818-airspan-tdd-raw-uplink-40-40-20-location-3-tcp-mqtt-run-1,uplink-mqtt-payload-512000,uplink_40_40_20_location_3_-105_to_-115dBm_cell_2,mqtt,512000,1,0.0,4.554313605794497,1.2098967902759827,-1.997211731527827
5G Uu,tdd_uplink,edge4av-real-20260818-airspan-tdd-raw-uplink-40-40-20-location-3-tcp-mqtt-run-1,uplink-tcp-payload-1024,uplink_40_40_20_location_3_-105_to_-115dBm_cell_2,tcp,1024,1,0.0,-1.7363013101606137,-0.1767078951114904,-0.1487943914200669
5G Uu,tdd_uplink,edge4av-real-20260818-airspan-tdd-raw-uplink-40-40-20-location-3-tcp-mqtt-run-1,uplink-tcp-payload-10240,uplink_40_40_20_location_3_-105_to_-115dBm_cell_2,tcp,10240,1,0.0,0.38271112385214684,0.06705256796799718,-0.3517066436839269
5G Uu,tdd_uplink,edge4av-real-20260818-airspan-tdd-raw-uplink-40-40-20-location-3-tcp-mqtt-run-1,uplink-tcp-payload-102400,uplink_40_40_20_location_3_-105_to_-115dBm_cell_2,tcp,102400,1,0.0,2.605171424862475,0.7988973776034857,-1.4594780807663452
5G Uu,tdd_uplink,edge4av-real-20260818-airspan-tdd-raw-uplink-40-40-20-location-3-tcp-mqtt-run-1,uplink-tcp-payload-512000,uplink_40_40_20_location_3_-105_to_-115dBm_cell_2,tcp,512000,1,0.0,4.4085421784078545,1.3023532818761872,-2.1891868427818677
5G Uu,tdd_uplink,edge4av-real-20260819-airspan-tdd-raw-uplink-40-40-20-new-device-location-3-tcp-mqtt-run-1,uplink-mqtt-payload-1024,uplink_40_40_20_location_3_GL-X3000_median_-98dBm,mqtt,1024,1,0.0,-1.827385428436837,-0.1507304984843207,-0.2082551564173241
5G Uu,tdd_uplink,edge4av-real-20260819-airspan-tdd-raw-uplink-40-40-20-new-device-location-3-tcp-mqtt-run-1,uplink-mqtt-payload-10240,uplink_40_40_20_location_3_GL-X3000_median_-98dBm,mqtt,10240,1,0.0,-0.8097188933554775,-0.16779726644796292,-0.05852937649808126
5G Uu,tdd_uplink,edge4av-real-20260819-airspan-tdd-raw-uplink-40-40-20-new-device-location-3-tcp-mqtt-run-1,uplink-mqtt-payload-102400,uplink_40_40_20_location_3_GL-X3000_median_-98dBm,mqtt,102400,1,0.0,0.2797295905927528,0.11544931978664962,-0.4554568452186658
5G Uu,tdd_uplink,edge4av-real-20260819-airspan-tdd-raw-uplink-40-40-20-new-device-location-3-tcp-mqtt-run-1,uplink-mqtt-payload-512000,uplink_40_40_20_location_3_GL-X3000_median_-98dBm,mqtt,512000,1,0.0,2.138807054812651,0.22259638907366397,-0.4307831677602327
5G Uu,tdd_uplink,edge4av-real-20260819-airspan-tdd-raw-uplink-40-40-20-new-device-location-3-tcp-mqtt-run-1,uplink-tcp-payload-1024,uplink_40_40_20_location_3_GL-X3000_median_-98dBm,tcp,1024,1,0.0,-1.7243356841088133,-0.18514777264749893,-0.13083859958582783
5G Uu,tdd_uplink,edge4av-real-20260819-airspan-tdd-raw-uplink-40-40-20-new-device-location-3-tcp-mqtt-run-1,uplink-tcp-payload-10240,uplink_40_40_20_location_3_GL-X3000_median_-98dBm,tcp,10240,1,0.0,-0.7916566474627058,-0.10166426131722446,-0.18191954844283112
5G Uu,tdd_uplink,edge4av-real-20260819-airspan-tdd-raw-uplink-40-40-20-new-device-location-3-tcp-mqtt-run-1,uplink-tcp-payload-102400,uplink_40_40_20_location_3_GL-X3000_median_-98dBm,tcp,102400,1,0.0,0.390785356423117,0.05514434634839184,-0.3284724585031247
5G Uu,tdd_uplink,edge4av-real-20260819-airspan-tdd-raw-uplink-40-40-20-new-device-location-3-tcp-mqtt-run-1,uplink-tcp-payload-512000,uplink_40_40_20_location_3_GL-X3000_median_-98dBm,tcp,512000,1,0.0,2.1853314677746964,0.2418104556140997,-0.46135306232506007
5G Uu,tdd_uplink,edge4av-real-20260819-airspan-tdd-raw-uplink-70-20-10-new-device-location-3-tcp-mqtt-run-1,uplink-mqtt-payload-1024,uplink_70_20_10_location_3_GL-X3000_median_-99dBm,mqtt,1024,1,0.0,-1.9054553520448827,-0.11033448390737134,-0.2938074183316964
5G Uu,tdd_uplink,edge4av-real-20260819-airspan-tdd-raw-uplink-70-20-10-new-device-location-3-tcp-mqtt-run-1,uplink-mqtt-payload-10240,uplink_70_20_10_location_3_GL-X3000_median_-99dBm,mqtt,10240,1,0.0,-1.6961195311185127,-0.09085938089878214,-0.3050249306598787
5G Uu,tdd_uplink,edge4av-real-20260819-airspan-tdd-raw-uplink-70-20-10-new-device-location-3-tcp-mqtt-run-1,uplink-mqtt-payload-102400,uplink_70_20_10_location_3_GL-X3000_median_-99dBm,mqtt,102400,1,0.0,-0.8700896907607569,0.07454043298767864,-0.5162852394594589
5G Uu,tdd_uplink,edge4av-real-20260819-airspan-tdd-raw-uplink-70-20-10-new-device-location-3-tcp-mqtt-run-1,uplink-mqtt-payload-512000,uplink_70_20_10_location_3_GL-X3000_median_-99dBm,mqtt,512000,1,0.0,0.22601361078267262,0.39172989007069403,-0.9817458700848513
5G Uu,tdd_uplink,edge4av-real-20260819-airspan-tdd-raw-uplink-70-20-10-new-device-location-3-tcp-mqtt-run-1,uplink-tcp-payload-1024,uplink_70_20_10_location_3_GL-X3000_median_-99dBm,tcp,1024,1,0.0,-1.7474801017288855,-0.15433754101576855,-0.19113439555250242
5G Uu,tdd_uplink,edge4av-real-20260819-airspan-tdd-raw-uplink-70-20-10-new-device-location-3-tcp-mqtt-run-1,uplink-tcp-payload-10240,uplink_70_20_10_location_3_GL-X3000_median_-99dBm,tcp,10240,1,0.0,-1.6535383763180052,-0.11014077076286995,-0.263267310846635
5G Uu,tdd_uplink,edge4av-real-20260819-airspan-tdd-raw-uplink-70-20-10-new-device-location-3-tcp-mqtt-run-1,uplink-tcp-payload-102400,uplink_70_20_10_location_3_GL-X3000_median_-99dBm,tcp,102400,1,0.0,-0.9541582001165237,0.07627539353890476,-0.5297886349170574
5G Uu,tdd_uplink,edge4av-real-20260819-airspan-tdd-raw-uplink-70-20-10-new-device-location-3-tcp-mqtt-run-1,uplink-tcp-payload-512000,uplink_70_20_10_location_3_GL-X3000_median_-99dBm,tcp,512000,1,0.0,0.16822166481015471,0.38528407258639613,-0.9762776391554624
5G Uu,uplink_load,edge4av-real-20260701-load-qos-run-1,p5g-mqtt-loadqos-payload-1024-idle,favorable,mqtt,1024,1,0.0,-1.4637394031576136,-0.42126378871928044,0.34550891075352347
5G Uu,uplink_load,edge4av-real-20260701-load-qos-run-1,p5g-mqtt-loadqos-payload-1024-uplink-25mbps,favorable,mqtt,1024,1,1.624,0.07346583955842263,0.027624143818986216,-0.3208652902479395
5G Uu,uplink_load,edge4av-real-20260701-load-qos-run-1,p5g-tcp-loadqos-payload-1024-idle,favorable,tcp,1024,1,0.0,-0.06395094789502251,0.02395741447744519,-0.32404461715386285
5G Uu,uplink_load,edge4av-real-20260701-load-qos-run-1,p5g-tcp-loadqos-payload-1024-uplink-25mbps,favorable,tcp,1024,1,1.32,1.1267459536007645,-0.4707484202812857,0.7524874706576833
5G Uu,uplink_load,edge4av-real-20260701-load-qos-run-2,p5g-mqtt-loadqos-payload-1024-idle,favorable,mqtt,1024,1,0.0,-1.6680919503901699,-0.29738056549686503,0.08658313111778458
5G Uu,uplink_load,edge4av-real-20260701-load-qos-run-2,p5g-mqtt-loadqos-payload-1024-uplink-25mbps,favorable,mqtt,1024,1,2.267,0.10821344771438204,-0.009159599006318075,-0.24747844584237413
5G Uu,uplink_load,edge4av-real-20260701-load-qos-run-2,p5g-tcp-loadqos-payload-1024-idle,favorable,tcp,1024,1,0.0,-0.37005223567580087,0.1571890984845541,-0.6116903498940492
5G Uu,uplink_load,edge4av-real-20260701-load-qos-run-2,p5g-tcp-loadqos-payload-1024-uplink-25mbps,favorable,tcp,1024,1,2.265,0.9922801252765746,-0.3465072468416463,0.5017822031561705
5G Uu,uplink_load,edge4av-real-20260701-load-qos-run-3,p5g-mqtt-loadqos-payload-1024-uplink-streams-1,favorable,mqtt,1024,1,0.0,0.05320055540743861,0.06530035002567418,-0.3948874571288264
5G Uu,uplink_load,edge4av-real-20260701-load-qos-run-3,p5g-mqtt-loadqos-payload-1024-uplink-streams-2,favorable,mqtt,1024,1,0.0,1.3413822927178407,-0.8281031783947165,1.4530857798885992
5G Uu,uplink_load,edge4av-real-20260701-load-qos-run-3,p5g-mqtt-loadqos-payload-1024-uplink-streams-4,favorable,mqtt,1024,1,0.0,0.14302669099308687,0.19498813827236322,-0.629405540833864
5G Uu,uplink_load,edge4av-real-20260701-load-qos-run-3,p5g-tcp-loadqos-payload-1024-uplink-streams-1,favorable,tcp,1024,1,0.0,0.8295316280592644,-0.4350530002566406,0.6536698069106516
5G Uu,uplink_load,edge4av-real-20260701-load-qos-run-3,p5g-tcp-loadqos-payload-1024-uplink-streams-2,favorable,tcp,1024,1,0.0,1.0571235411163225,-0.4922342928901098,0.7849744532233784
5G Uu,uplink_load,edge4av-real-20260701-load-qos-run-3,p5g-tcp-loadqos-payload-1024-uplink-streams-4,favorable,tcp,1024,1,0.0,1.1134907795706506,-0.5143621214470255,0.832988090300468
5G Uu,uplink_load,edge4av-real-20260701-load-qos-run-4,p5g-mqtt-qos-5qi-mapped-payload-1024-uplink-streams-1,favorable,mqtt,1024,1,0.0,0.9241262075248746,-0.6596509083235675,1.0868121280782312
5G Uu,uplink_load,edge4av-real-20260701-load-qos-run-4,p5g-mqtt-qos-5qi-mapped-payload-1024-uplink-streams-2,favorable,mqtt,1024,1,0.0,1.1973947355755206,-0.6833879374612637,1.166356459534176
5G Uu,uplink_load,edge4av-real-20260701-load-qos-run-4,p5g-mqtt-qos-5qi-mapped-payload-1024-uplink-streams-4,favorable,mqtt,1024,1,0.0,1.4183725134095964,-0.7873225363843498,1.3872457841763404
5G Uu,uplink_load,edge4av-real-20260701-load-qos-run-4,p5g-tcp-qos-5qi-mapped-payload-1024-uplink-streams-1,favorable,tcp,1024,1,0.0,1.0647064570497193,-0.030244164815491026,-0.08640790080621728
5G Uu,uplink_load,edge4av-real-20260701-load-qos-run-4,p5g-tcp-qos-5qi-mapped-payload-1024-uplink-streams-2,favorable,tcp,1024,1,0.0,1.6947242548808183,-0.7507504215651875,1.3527899526163962
5G Uu,uplink_load,edge4av-real-20260701-load-qos-run-4,p5g-tcp-qos-5qi-mapped-payload-1024-uplink-streams-4,favorable,tcp,1024,1,0.0,1.8358773333639429,-0.4381900128831738,0.7790199228941768
5G Uu,uplink_load,edge4av-real-20260701-load-qos-weak-signal-run-1,p5g-mqtt-weak-signal-default-payload-1024-idle,adverse_location,mqtt,1024,1,0.0,1.5389152486935946,-1.1114713532307838,2.013747175466168
5G Uu,uplink_load,edge4av-real-20260701-load-qos-weak-signal-run-1,p5g-mqtt-weak-signal-default-payload-1024-uplink-streams-1,adverse_location,mqtt,1024,1,0.0,1.7300254131660207,-0.9911855558080997,1.8092861773010733
5G Uu,uplink_load,edge4av-real-20260701-load-qos-weak-signal-run-1,p5g-mqtt-weak-signal-default-payload-1024-uplink-streams-2,adverse_location,mqtt,1024,1,0.0,1.8634391171545313,-0.9551951723767398,1.7578627107150409
5G Uu,uplink_load,edge4av-real-20260701-load-qos-weak-signal-run-1,p5g-mqtt-weak-signal-default-payload-1024-uplink-streams-4,adverse_location,mqtt,1024,1,0.0,1.9201438920046237,-0.9357523713822027,1.728771379129834
5G Uu,uplink_load,edge4av-real-20260701-load-qos-weak-signal-run-1,p5g-mqtt-weak-signal-qos-5qi-mapped-payload-1024-uplink-streams-1,adverse_location,mqtt,1024,1,0.0,1.822426793051719,-0.9255901437992039,1.697154309465565
5G Uu,uplink_load,edge4av-real-20260701-load-qos-weak-signal-run-1,p5g-mqtt-weak-signal-qos-5qi-mapped-payload-1024-uplink-streams-2,adverse_location,mqtt,1024,1,0.0,2.0042048368788876,-1.0433138063337584,1.9407196761935421
5G Uu,uplink_load,edge4av-real-20260701-load-qos-weak-signal-run-1,p5g-mqtt-weak-signal-qos-5qi-mapped-payload-1024-uplink-streams-4,adverse_location,mqtt,1024,1,0.0,2.0105407469595042,-1.0838133946663397,2.0177447323803404
5G Uu,uplink_load,edge4av-real-20260701-load-qos-weak-signal-run-1,p5g-tcp-weak-signal-default-payload-1024-idle,adverse_location,tcp,1024,1,0.0,1.5950428460096087,-0.35049934590668613,0.5850649353779639
5G Uu,uplink_load,edge4av-real-20260701-load-qos-weak-signal-run-1,p5g-tcp-weak-signal-default-payload-1024-uplink-streams-1,adverse_location,tcp,1024,1,0.0,1.6829664956778383,-0.34065230144123904,0.5756628354669483
5G Uu,uplink_load,edge4av-real-20260701-load-qos-weak-signal-run-1,p5g-tcp-weak-signal-default-payload-1024-uplink-streams-2,adverse_location,tcp,1024,1,0.0,2.1249602786005446,-0.2773913293892209,0.508891195654848
5G Uu,uplink_load,edge4av-real-20260701-load-qos-weak-signal-run-1,p5g-tcp-weak-signal-default-payload-1024-uplink-streams-4,adverse_location,tcp,1024,1,0.0,1.8557400419344774,-0.1839325237656307,0.30165048512612386
5G Uu,uplink_load,edge4av-real-20260701-load-qos-weak-signal-run-1,p5g-tcp-weak-signal-qos-5qi-mapped-payload-1024-uplink-streams-1,adverse_location,tcp,1024,1,0.0,1.7288161115170955,-0.11740225323926437,0.16069464108241457
5G Uu,uplink_load,edge4av-real-20260701-load-qos-weak-signal-run-1,p5g-tcp-weak-signal-qos-5qi-mapped-payload-1024-uplink-streams-2,adverse_location,tcp,1024,1,0.0,1.5741436215471614,-0.28134626574968485,0.45183437150845907
5G Uu,uplink_load,edge4av-real-20260701-load-qos-weak-signal-run-1,p5g-tcp-weak-signal-qos-5qi-mapped-payload-1024-uplink-streams-4,adverse_location,tcp,1024,1,0.0,1.8250439893994737,-0.31679186551275945,0.5485495847116468
5G Uu,uplink_load,edge4av-real-20260706-load-qos-weak-signal-run-2,p5g-mqtt-weak-signal-default-payload-1024-idle,adverse_location,mqtt,1024,1,0.0,-0.01910473026340378,-0.7653472385042966,1.1680941435109475
5G Uu,uplink_load,edge4av-real-20260706-load-qos-weak-signal-run-2,p5g-mqtt-weak-signal-default-payload-1024-uplink-streams-1,adverse_location,mqtt,1024,1,0.0,1.2746349658038814,-0.7907044844425227,1.3752929440251087
5G Uu,uplink_load,edge4av-real-20260706-load-qos-weak-signal-run-2,p5g-mqtt-weak-signal-default-payload-1024-uplink-streams-2,adverse_location,mqtt,1024,1,0.0,1.6942716608666692,-0.9529822858873754,1.73358026426025
5G Uu,uplink_load,edge4av-real-20260706-load-qos-weak-signal-run-2,p5g-mqtt-weak-signal-default-payload-1024-uplink-streams-4,adverse_location,mqtt,1024,1,0.0,1.8673103606501642,-1.1899027774386308,2.2019830328990504
5G Uu,uplink_load,edge4av-real-20260706-load-qos-weak-signal-run-2,p5g-mqtt-weak-signal-qos-5qi-mapped-payload-1024-uplink-streams-1,adverse_location,mqtt,1024,1,0.0,1.2094297390783102,-0.7563838950592784,1.302547347544762
5G Uu,uplink_load,edge4av-real-20260706-load-qos-weak-signal-run-2,p5g-mqtt-weak-signal-qos-5qi-mapped-payload-1024-uplink-streams-2,adverse_location,mqtt,1024,1,0.0,1.5740203509837865,-1.0139157356600332,1.8353360920082797
5G Uu,uplink_load,edge4av-real-20260706-load-qos-weak-signal-run-2,p5g-mqtt-weak-signal-qos-5qi-mapped-payload-1024-uplink-streams-4,adverse_location,mqtt,1024,1,0.0,1.803154422994012,-1.297065514592063,2.3963414161477115
5G Uu,uplink_load,edge4av-real-20260706-load-qos-weak-signal-run-2,p5g-tcp-weak-signal-default-payload-1024-idle,adverse_location,tcp,1024,1,0.0,-0.4302392343169988,0.21906827330612166,-0.737000576178885
5G Uu,uplink_load,edge4av-real-20260706-load-qos-weak-signal-run-2,p5g-tcp-weak-signal-default-payload-1024-uplink-streams-1,adverse_location,tcp,1024,1,0.0,1.4418854812711417,-0.181274655380375,0.24798913175932694
5G Uu,uplink_load,edge4av-real-20260706-load-qos-weak-signal-run-2,p5g-tcp-weak-signal-default-payload-1024-uplink-streams-2,adverse_location,tcp,1024,1,0.0,1.7536249143818972,-0.5253733228507319,0.9337554329522905
5G Uu,uplink_load,edge4av-real-20260706-load-qos-weak-signal-run-2,p5g-tcp-weak-signal-default-payload-1024-uplink-streams-4,adverse_location,tcp,1024,1,0.0,1.79928143421453,-0.7255711188483683,1.3187545982074744
5G Uu,uplink_load,edge4av-real-20260706-load-qos-weak-signal-run-2,p5g-tcp-weak-signal-qos-5qi-mapped-payload-1024-uplink-streams-1,adverse_location,tcp,1024,1,0.0,1.0494605299219848,-0.11237669846718133,0.06627030321940817
5G Uu,uplink_load,edge4av-real-20260706-load-qos-weak-signal-run-2,p5g-tcp-weak-signal-qos-5qi-mapped-payload-1024-uplink-streams-2,adverse_location,tcp,1024,1,0.0,1.5530777794948931,-0.37544311322865037,0.6289444501399845
5G Uu,uplink_load,edge4av-real-20260706-load-qos-weak-signal-run-2,p5g-tcp-weak-signal-qos-5qi-mapped-payload-1024-uplink-streams-4,adverse_location,tcp,1024,1,0.0,1.8985294470310505,-0.9095894622622448,1.6768589501208313
PC5 direct,pc5_mobility,20260704_exp_02_radio_distance_mobility_173816,mocar-exp02-mobility-route-los-moving-live-payload-256,moving_route,pc5_custom_echo,256,1,0.0,-1.1338927432776815,3.5888405797343546,1.0596725595525291
PC5 direct,pc5_mobility,20260704_exp_02_radio_distance_mobility_175820,mocar-exp02-mobility-route-los-moving-run2-payload-256,moving_route,pc5_custom_echo,256,1,0.0,-2.172545779278113,3.5010706574210473,2.2076472202161086
PC5 direct,pc5_mobility,20260704_exp_02_radio_distance_mobility_182104,mocar-exp02-mobility-route-los-moving-run3-payload-256,moving_route,pc5_custom_echo,256,1,0.0,-2.2702545032486423,5.501942642482347,3.287236067115105
PC5 direct,pc5_mobility,20260704_exp_02_radio_distance_mobility_183232,mocar-exp02-mobility-route-los-moving-run4-payload-256,moving_route,pc5_custom_echo,256,1,0.0,-2.2305673766020235,3.7182506006106055,2.313006455245219
PC5 direct,pc5_stationary,20260704_exp_01_payload_sweep_0_2kb_133527,P1_obstructed_NLOS_68m-payload-0,P1_obstructed_NLOS_68m,pc5_custom_echo,0,1,0.0,-0.07987718682393687,-0.25127564389449536,0.19569116694835095
PC5 direct,pc5_stationary,20260704_exp_01_payload_sweep_0_2kb_133527,P1_obstructed_NLOS_68m-payload-256,P1_obstructed_NLOS_68m,pc5_custom_echo,256,1,0.0,-0.9043274386897802,0.22887818501498722,-0.7071560796520964
PC5 direct,pc5_stationary,20260704_exp_01_payload_sweep_0_2kb_133527,P1_obstructed_NLOS_68m-payload-512,P1_obstructed_NLOS_68m,pc5_custom_echo,512,1,0.0,-0.950812290287449,0.8357583990888364,-0.39812942538908624
PC5 direct,pc5_stationary,20260704_exp_01_payload_sweep_0_2kb_144149,P2_113m-payload-0,P2_113m,pc5_custom_echo,0,1,0.0,-0.9117459102076757,0.20687292399633517,-0.7361425510874596
PC5 direct,pc5_stationary,20260704_exp_01_payload_sweep_0_2kb_144149,P2_113m-payload-1024,P2_113m,pc5_custom_echo,1024,1,0.0,-0.9289190372178834,0.20595448741250938,-0.7714474170303677
PC5 direct,pc5_stationary,20260704_exp_01_payload_sweep_0_2kb_144149,P2_113m-payload-2048,P2_113m,pc5_custom_echo,2048,1,0.0,-0.8726187794959799,0.20859142513261064,-0.7002233292344582
PC5 direct,pc5_stationary,20260704_exp_01_payload_sweep_0_2kb_144149,P2_113m-payload-256,P2_113m,pc5_custom_echo,256,1,0.0,-0.9162159097629886,0.199078048518808,-0.7569089190997886
PC5 direct,pc5_stationary,20260704_exp_01_payload_sweep_0_2kb_144149,P2_113m-payload-512,P2_113m,pc5_custom_echo,512,1,0.0,-0.9106077142659939,0.1921812373805084,-0.7430305102969021
PC5 direct,pc5_stationary,20260704_exp_01_payload_sweep_0_2kb_151351,P3_212m-payload-0,P3_212m,pc5_custom_echo,0,1,0.0,-0.921195636513647,0.19991363564574688,-0.7590157842009941
PC5 direct,pc5_stationary,20260704_exp_01_payload_sweep_0_2kb_151351,P3_212m-payload-1024,P3_212m,pc5_custom_echo,1024,1,0.0,-0.9147442117477782,0.4868421407997686,-0.5696713442577264
PC5 direct,pc5_stationary,20260704_exp_01_payload_sweep_0_2kb_151351,P3_212m-payload-256,P3_212m,pc5_custom_echo,256,1,0.0,-0.9171096931303825,0.1996622558363042,-0.7581229099388311
PC5 direct,pc5_stationary,20260704_exp_01_payload_sweep_0_2kb_151351,P3_212m-payload-512,P3_212m,pc5_custom_echo,512,1,0.0,-0.9285145212368265,0.22793695649745072,-0.7431137302381772
PC5 direct,pc5_stationary,20260704_exp_01_payload_sweep_0_2kb_155120,P4_377m-payload-0,P4_377m,pc5_custom_echo,0,1,0.0,-0.9293159842388536,0.21953864540763196,-0.7623541029002738
PC5 direct,pc5_stationary,20260704_exp_01_payload_sweep_0_2kb_155120,P4_377m-payload-1024,P4_377m,pc5_custom_echo,1024,1,0.0,-1.6381526516769034,12.043409544827252,5.621195551144625
PC5 direct,pc5_stationary,20260704_exp_01_payload_sweep_0_2kb_155120,P4_377m-payload-256,P4_377m,pc5_custom_echo,256,1,0.0,-0.9286346748165222,0.3281940956366363,-0.6891353193395957
PC5 direct,pc5_stationary,20260704_exp_01_payload_sweep_0_2kb_155120,P4_377m-payload-512,P4_377m,pc5_custom_echo,512,1,0.0,-0.9116022143427752,0.6236501385884151,-0.47983667126823737
PC5 direct,pc5_stationary_reference,20260703_exp_01_payload_sweep_0_2kb_final,reference-payload-0,stable_reference,pc5_custom_echo,0,1,0.0,-0.9321521632778779,0.2057269917126972,-0.7713399803270065
PC5 direct,pc5_stationary_reference,20260703_exp_01_payload_sweep_0_2kb_final,reference-payload-1024,stable_reference,pc5_custom_echo,1024,1,0.0,-0.9297432742529298,0.20602304805380955,-0.7716627906038946
PC5 direct,pc5_stationary_reference,20260703_exp_01_payload_sweep_0_2kb_final,reference-payload-2048,stable_reference,pc5_custom_echo,2048,1,0.0,-0.8585883672087306,0.1733222386629807,-0.7014661121152616
PC5 direct,pc5_stationary_reference,20260703_exp_01_payload_sweep_0_2kb_final,reference-payload-256,stable_reference,pc5_custom_echo,256,1,0.0,-0.9334640701549036,0.22038183366796787,-0.7643825622535227
PC5 direct,pc5_stationary_reference,20260703_exp_01_payload_sweep_0_2kb_final,reference-payload-512,stable_reference,pc5_custom_echo,512,1,0.0,-0.9244910957195359,0.20755707927953865,-0.7741045488866282
