sample_id,repetition,transport,client_id,attempts,accepted,failed,success_rate_pct,rtt_count,rtt_p50_ms,rtt_p95_ms,rtt_p99_ms,rtt_max_ms,deadline_hits_100ms,deadline_hit_rate_100ms_pct,deadline_hits_120ms,deadline_hit_rate_120ms_pct,deadline_hits_400ms,deadline_hit_rate_400ms_pct,deadline_hits_500ms,deadline_hit_rate_500ms_pct,deadline_hits_1000ms,deadline_hit_rate_1000ms_pct,deadline_hits_5000ms,deadline_hit_rate_5000ms_pct
C4-rep1-tcp,1,tcp,veh-001,500,500,0,100,500,243.897,353.887,587.342,639.744,0,0,1,0.2,480,96,490,98,500,100,500,100
C4-rep1-tcp,1,tcp,veh-002,500,500,0,100,500,249.598,361.727,565.98,621.838,0,0,2,0.4,480,96,487,97.4,500,100,500,100
C4-rep1-tcp,1,tcp,veh-003,500,500,0,100,500,247.768,359.041,527.271,1623.607,0,0,1,0.2,489,97.8,492,98.4,499,99.8,500,100
C4-rep1-tcp,1,tcp,veh-004,500,500,0,100,500,244.009,356.048,613.625,760.098,0,0,0,0,488,97.6,492,98.4,500,100,500,100
C4-rep1-tcp,1,tcp,veh-005,500,500,0,100,500,241.893,341.889,569.918,711.768,0,0,0,0,486,97.2,490,98,500,100,500,100
C4-rep1-tcp,1,tcp,veh-006,500,500,0,100,500,241.918,347.628,641.829,919.907,0,0,2,0.4,485,97,487,97.4,500,100,500,100
C4-rep1-tcp,1,tcp,veh-007,500,500,0,100,500,246.039,359.754,603.783,1419.517,0,0,3,0.6,486,97.2,487,97.4,499,99.8,500,100
C4-rep1-tcp,1,tcp,veh-008,500,500,0,100,500,241.881,351.82,544.333,649.775,0,0,1,0.2,488,97.6,492,98.4,500,100,500,100
C4-rep1-tcp,1,tcp,veh-009,500,500,0,100,500,245.759,355.731,581.721,781.888,0,0,3,0.6,483,96.6,485,97,500,100,500,100
C4-rep1-tcp,1,tcp,veh-010,500,500,0,100,500,239.899,347.662,621.888,882.12,0,0,0,0,484,96.8,486,97.2,500,100,500,100
C4-rep1-tcp,1,tcp,veh-011,500,500,0,100,500,239.894,381.612,595.775,888.044,0,0,1,0.2,478,95.6,481,96.2,500,100,500,100
C4-rep1-tcp,1,tcp,veh-012,500,500,0,100,500,242.09,361.877,619.917,891.926,0,0,0,0,481,96.2,485,97,500,100,500,100
C4-rep1-tcp,1,tcp,veh-013,500,500,0,100,500,245.62,368.935,590.22,657.96,0,0,0,0,483,96.6,485,97,500,100,500,100
C4-rep1-tcp,1,tcp,veh-014,500,500,0,100,500,249.738,351.663,571.961,664.919,0,0,0,0,486,97.2,490,98,500,100,500,100
C4-rep1-tcp,1,tcp,veh-015,500,500,0,100,500,249.862,379.667,621.548,815.716,1,0.2,6,1.2,477,95.4,482,96.4,500,100,500,100
C4-rep1-tcp,1,tcp,veh-016,500,500,0,100,500,243.846,359.678,555.824,773.936,0,0,0,0,481,96.2,486,97.2,500,100,500,100
C4-rep1-tcp,1,tcp,veh-017,500,500,0,100,500,241.501,349.958,566.217,787.594,0,0,0,0,485,97,490,98,500,100,500,100
C4-rep1-tcp,1,tcp,veh-018,500,500,0,100,500,247.747,343.935,545.705,945.805,0,0,0,0,489,97.8,491,98.2,500,100,500,100
C4-rep1-tcp,1,tcp,veh-019,500,500,0,100,500,251.253,355.953,593.534,739.903,1,0.2,3,0.6,486,97.2,489,97.8,500,100,500,100
C4-rep1-tcp,1,tcp,veh-020,500,500,0,100,500,245.852,359.868,617.431,1001.581,0,0,0,0,482,96.4,485,97,499,99.8,500,100
C4-rep1-tcp,1,tcp,veh-021,500,500,0,100,500,251.822,359.154,579.589,1529.811,0,0,4,0.8,481,96.2,485,97,499,99.8,500,100
C4-rep1-tcp,1,tcp,veh-022,500,500,0,100,500,244.983,357.826,601.714,840.161,0,0,0,0,486,97.2,487,97.4,500,100,500,100
C4-rep1-tcp,1,tcp,veh-023,500,500,0,100,500,249.634,358.692,591.901,917.825,0,0,0,0,487,97.4,489,97.8,500,100,500,100
C4-rep1-tcp,1,tcp,veh-024,500,500,0,100,500,247.606,355.915,599.623,835.829,0,0,0,0,486,97.2,490,98,500,100,500,100
C4-rep1-tcp,1,tcp,veh-025,500,500,0,100,500,245.904,337.907,577.874,1419.7,0,0,0,0,489,97.8,492,98.4,499,99.8,500,100
C4-rep1-tcp,1,tcp,veh-026,500,500,0,100,500,245.958,352.004,700.791,1037.777,0,0,1,0.2,484,96.8,486,97.2,498,99.6,500,100
C4-rep1-tcp,1,tcp,veh-027,500,500,0,100,500,241.62,361.795,627.927,1017.954,0,0,0,0,483,96.6,487,97.4,499,99.8,500,100
C4-rep1-tcp,1,tcp,veh-028,500,500,0,100,500,244.562,362.562,581.886,732.452,0,0,1,0.2,483,96.6,489,97.8,500,100,500,100
C4-rep1-tcp,1,tcp,veh-029,500,500,0,100,500,247.154,351.709,583.536,787.737,0,0,2,0.4,484,96.8,485,97,500,100,500,100
C4-rep1-tcp,1,tcp,veh-030,500,500,0,100,500,243.994,349.82,573.896,829.984,0,0,0,0,487,97.4,490,98,500,100,500,100
C4-rep1-tcp,1,tcp,veh-031,500,500,0,100,500,243.488,343.992,572.117,1419.645,0,0,0,0,487,97.4,493,98.6,499,99.8,500,100
C4-rep1-tcp,1,tcp,veh-032,500,500,0,100,500,245.854,353.158,585.205,1605.579,0,0,0,0,487,97.4,491,98.2,499,99.8,500,100
C4-rep1-tcp,1,tcp,veh-033,500,500,0,100,500,249.625,348.888,607.754,1647.658,0,0,5,1,486,97.2,489,97.8,499,99.8,500,100
C4-rep1-tcp,1,tcp,veh-034,500,500,0,100,500,245.447,373.807,619.462,1613.957,0,0,2,0.4,477,95.4,484,96.8,499,99.8,500,100
C4-rep1-tcp,1,tcp,veh-035,500,500,0,100,500,245.846,347.909,565.763,1511.595,0,0,0,0,484,96.8,492,98.4,499,99.8,500,100
C4-rep1-tcp,1,tcp,veh-036,500,500,0,100,500,247.934,359.808,623.963,700.505,0,0,1,0.2,482,96.4,487,97.4,500,100,500,100
C4-rep1-tcp,1,tcp,veh-037,500,500,0,100,500,241.84,349.778,541.749,743.642,0,0,0,0,488,97.6,491,98.2,500,100,500,100
C4-rep1-tcp,1,tcp,veh-038,500,500,0,100,500,248.76,339.775,637.695,1659.836,0,0,3,0.6,489,97.8,489,97.8,499,99.8,500,100
C4-rep1-tcp,1,tcp,veh-039,500,500,0,100,500,249.688,339.757,605.78,1035.923,0,0,0,0,489,97.8,490,98,499,99.8,500,100
C4-rep1-tcp,1,tcp,veh-040,500,500,0,100,500,243.821,343.847,569.802,743.834,0,0,0,0,486,97.2,488,97.6,500,100,500,100
C4-rep1-tcp,1,tcp,veh-041,500,500,0,100,500,245.759,347.843,561.793,773.887,0,0,0,0,488,97.6,490,98,500,100,500,100
C4-rep1-tcp,1,tcp,veh-042,500,500,0,100,500,247.734,349.689,585.62,700.88,0,0,0,0,486,97.2,489,97.8,500,100,500,100
C4-rep1-tcp,1,tcp,veh-043,500,500,0,100,500,241.83,355.938,625.753,764.682,0,0,0,0,484,96.8,487,97.4,500,100,500,100
C4-rep1-tcp,1,tcp,veh-044,500,500,0,100,500,249.168,351.902,571.781,861.59,0,0,1,0.2,484,96.8,490,98,500,100,500,100
C4-rep1-tcp,1,tcp,veh-045,500,500,0,100,500,243.973,337.593,553.916,789.865,0,0,0,0,489,97.8,493,98.6,500,100,500,100
C4-rep1-tcp,1,tcp,veh-046,500,500,0,100,500,245.495,351.065,581.944,1529.987,0,0,1,0.2,484,96.8,489,97.8,499,99.8,500,100
C4-rep1-tcp,1,tcp,veh-047,500,500,0,100,500,241.692,371.107,700.462,937.761,0,0,2,0.4,480,96,483,96.6,500,100,500,100
C4-rep1-tcp,1,tcp,veh-048,500,500,0,100,500,242.04,369.162,623.889,957.547,0,0,1,0.2,479,95.8,484,96.8,500,100,500,100
C4-rep1-tcp,1,tcp,veh-049,500,500,0,100,500,241.545,339.583,574.07,935.741,0,0,0,0,488,97.6,491,98.2,500,100,500,100
C4-rep1-tcp,1,tcp,veh-050,500,500,0,100,500,241.857,375.912,589.676,1611.59,0,0,0,0,481,96.2,486,97.2,499,99.8,500,100
C4-rep1-tcp,1,tcp,veh-051,500,500,0,100,500,247.763,349.781,563.656,675.762,0,0,0,0,485,97,490,98,500,100,500,100
C4-rep1-tcp,1,tcp,veh-052,500,500,0,100,500,244.278,344.004,541.9,661.633,0,0,0,0,489,97.8,491,98.2,500,100,500,100
C4-rep1-tcp,1,tcp,veh-053,500,500,0,100,500,243.57,349.643,591.727,1377.873,0,0,0,0,485,97,488,97.6,499,99.8,500,100
C4-rep1-tcp,1,tcp,veh-054,500,500,0,100,500,249.093,337.56,589.199,700.213,0,0,0,0,484,96.8,486,97.2,500,100,500,100
C4-rep1-tcp,1,tcp,veh-055,500,500,0,100,500,247.759,339.527,569.661,764.541,0,0,1,0.2,486,97.2,488,97.6,500,100,500,100
C4-rep1-tcp,1,tcp,veh-056,500,500,0,100,500,247.799,347.909,595.952,795.803,0,0,1,0.2,488,97.6,488,97.6,500,100,500,100
C4-rep1-tcp,1,tcp,veh-057,500,500,0,100,500,244.447,345.81,607.621,955.82,0,0,0,0,484,96.8,487,97.4,500,100,500,100
C4-rep1-tcp,1,tcp,veh-058,500,500,0,100,500,245.872,365.575,593.674,795.795,0,0,0,0,479,95.8,486,97.2,500,100,500,100
C4-rep1-tcp,1,tcp,veh-059,500,500,0,100,500,243.861,339.598,509.516,781.931,0,0,1,0.2,491,98.2,494,98.8,500,100,500,100
C4-rep1-tcp,1,tcp,veh-060,500,500,0,100,500,241.589,353.909,594.386,874.065,0,0,0,0,485,97,487,97.4,500,100,500,100
C4-rep1-tcp,1,tcp,veh-061,500,500,0,100,500,241.917,341.695,559.71,791.539,0,0,0,0,488,97.6,492,98.4,500,100,500,100
C4-rep1-tcp,1,tcp,veh-062,500,500,0,100,500,241.957,339.855,571.707,700.419,0,0,0,0,487,97.4,490,98,500,100,500,100
C4-rep1-tcp,1,tcp,veh-063,500,500,0,100,500,243.843,339.838,631.884,732.274,0,0,0,0,484,96.8,485,97,500,100,500,100
C4-rep1-tcp,1,tcp,veh-064,500,500,0,100,500,242.199,341.787,528.499,695.126,0,0,0,0,488,97.6,491,98.2,500,100,500,100
C4-rep1-tcp,1,tcp,veh-065,500,500,0,100,500,243.778,345.226,596.351,907.628,0,0,0,0,488,97.6,491,98.2,500,100,500,100
C4-rep1-tcp,1,tcp,veh-066,500,500,0,100,500,247.688,353.046,571.725,643.719,0,0,1,0.2,483,96.6,491,98.2,500,100,500,100
C4-rep1-tcp,1,tcp,veh-067,500,500,0,100,500,245.332,348.607,560.177,637.722,0,0,0,0,485,97,489,97.8,500,100,500,100
C4-rep1-tcp,1,tcp,veh-068,500,500,0,100,500,247.773,344.784,601.885,715.619,0,0,0,0,484,96.8,489,97.8,500,100,500,100
C4-rep1-tcp,1,tcp,veh-069,500,500,0,100,500,243.761,360.067,595.986,705.968,0,0,0,0,481,96.2,486,97.2,500,100,500,100
C4-rep1-tcp,1,tcp,veh-070,500,500,0,100,500,241.938,363.797,568.142,739.851,0,0,0,0,483,96.6,487,97.4,500,100,500,100
C4-rep1-tcp,1,tcp,veh-071,500,500,0,100,500,243.648,347.63,595.947,1581.883,0,0,2,0.4,487,97.4,488,97.6,499,99.8,500,100
C4-rep1-tcp,1,tcp,veh-072,500,500,0,100,500,243.516,357.906,595.783,834.742,0,0,0,0,480,96,486,97.2,500,100,500,100
C4-rep1-tcp,1,tcp,veh-073,500,500,0,100,500,248.553,371.669,617.487,953.74,0,0,4,0.8,481,96.2,482,96.4,500,100,500,100
C4-rep1-tcp,1,tcp,veh-074,500,500,0,100,500,246.01,361.936,603.696,649.781,0,0,0,0,485,97,487,97.4,500,100,500,100
C4-rep1-tcp,1,tcp,veh-075,500,500,0,100,500,245.454,351.923,571.817,1611.594,0,0,1,0.2,485,97,490,98,499,99.8,500,100
C4-rep1-tcp,1,tcp,veh-076,500,500,0,100,500,244.17,353.752,605.89,799.511,0,0,0,0,482,96.4,489,97.8,500,100,500,100
C4-rep1-tcp,1,tcp,veh-077,500,500,0,100,500,243.833,343.833,555.834,1291.885,0,0,0,0,487,97.4,490,98,499,99.8,500,100
C4-rep1-tcp,1,tcp,veh-078,500,500,0,100,500,243.826,358.917,607.438,831.003,0,0,1,0.2,481,96.2,486,97.2,500,100,500,100
C4-rep1-tcp,1,tcp,veh-079,500,500,0,100,500,246.67,339.804,561.979,643.74,0,0,0,0,486,97.2,489,97.8,500,100,500,100
C4-rep1-tcp,1,tcp,veh-080,500,500,0,100,500,243.52,371.691,605.775,646.771,0,0,1,0.2,484,96.8,488,97.6,500,100,500,100
C4-rep1-tcp,1,tcp,veh-081,500,500,0,100,500,243.867,345.589,601.82,1415.897,0,0,0,0,487,97.4,489,97.8,499,99.8,500,100
C4-rep1-tcp,1,tcp,veh-082,500,500,0,100,500,251.72,375.701,613.503,664.039,0,0,4,0.8,480,96,484,96.8,500,100,500,100
C4-rep1-tcp,1,tcp,veh-083,500,500,0,100,500,243.97,363.536,597.914,983.844,0,0,0,0,481,96.2,487,97.4,500,100,500,100
C4-rep1-tcp,1,tcp,veh-084,500,500,0,100,500,248.309,347.83,549.167,648.065,0,0,1,0.2,487,97.4,491,98.2,500,100,500,100
C4-rep1-tcp,1,tcp,veh-085,500,500,0,100,500,244.035,349.741,583.677,659.821,0,0,0,0,490,98,492,98.4,500,100,500,100
C4-rep1-tcp,1,tcp,veh-086,500,500,0,100,500,247.734,377.818,601.875,899.408,0,0,3,0.6,478,95.6,485,97,500,100,500,100
C4-rep1-tcp,1,tcp,veh-087,500,500,0,100,500,248.036,359.568,637.898,1038.073,0,0,2,0.4,479,95.8,484,96.8,499,99.8,500,100
C4-rep1-tcp,1,tcp,veh-088,500,500,0,100,500,249.855,334.007,541.795,991.817,0,0,1,0.2,488,97.6,491,98.2,500,100,500,100
C4-rep1-tcp,1,tcp,veh-089,500,500,0,100,500,248.349,354.032,593.6,932.036,0,0,1,0.2,484,96.8,489,97.8,500,100,500,100
C4-rep1-tcp,1,tcp,veh-090,500,500,0,100,500,245.682,355.759,594.415,692.501,0,0,0,0,486,97.2,487,97.4,500,100,500,100
C4-rep1-tcp,1,tcp,veh-091,500,500,0,100,500,241.855,347.771,479.634,725.576,0,0,0,0,489,97.8,496,99.2,500,100,500,100
C4-rep1-tcp,1,tcp,veh-092,500,500,0,100,500,247.682,335.959,546.248,955.675,0,0,0,0,490,98,493,98.6,500,100,500,100
C4-rep1-tcp,1,tcp,veh-093,500,500,0,100,500,245.617,337.98,549.765,623.697,0,0,0,0,485,97,489,97.8,500,100,500,100
C4-rep1-tcp,1,tcp,veh-094,500,500,0,100,500,247.8,359.784,576.116,829.868,0,0,0,0,481,96.2,486,97.2,500,100,500,100
C4-rep1-tcp,1,tcp,veh-095,500,500,0,100,500,243.905,345.8,569.907,841.788,0,0,0,0,490,98,491,98.2,500,100,500,100
C4-rep1-tcp,1,tcp,veh-096,500,500,0,100,500,247.805,349.751,621.767,849.035,0,0,1,0.2,484,96.8,485,97,500,100,500,100
C4-rep1-tcp,1,tcp,veh-097,500,500,0,100,500,249.97,359.744,576.938,656.034,1,0.2,2,0.4,483,96.6,484,96.8,500,100,500,100
C4-rep1-tcp,1,tcp,veh-098,500,500,0,100,500,243.864,345.336,567.285,984.01,0,0,0,0,485,97,487,97.4,500,100,500,100
C4-rep1-tcp,1,tcp,veh-099,500,500,0,100,500,247.357,353.625,569.954,1047.59,0,0,1,0.2,485,97,490,98,499,99.8,500,100
C4-rep1-tcp,1,tcp,veh-100,500,500,0,100,500,247.704,369.135,595.723,880.848,0,0,1,0.2,479,95.8,486,97.2,500,100,500,100
C4-rep1-mqtt,1,mqtt,veh-001,500,500,0,100,500,154.011,189.708,557.935,1933.775,45,9,95,19,478,95.6,483,96.6,498,99.6,500,100
C4-rep1-mqtt,1,mqtt,veh-002,500,500,0,100,500,153.978,187.716,534.677,913.658,35,7,88,17.6,478,95.6,483,96.6,500,100,500,100
C4-rep1-mqtt,1,mqtt,veh-003,500,500,0,100,500,153.735,187.781,613.811,1692.114,45,9,102,20.4,478,95.6,481,96.2,498,99.6,500,100
C4-rep1-mqtt,1,mqtt,veh-004,500,500,0,100,500,153.954,185.759,544.122,911.713,35,7,99,19.8,484,96.8,487,97.4,500,100,500,100
C4-rep1-mqtt,1,mqtt,veh-005,500,500,0,100,500,153.784,481.987,567.381,1615.886,48,9.6,101,20.2,473,94.6,479,95.8,499,99.8,500,100
C4-rep1-mqtt,1,mqtt,veh-006,500,500,0,100,500,153.872,189.592,537.676,909.831,43,8.6,89,17.8,480,96,485,97,500,100,500,100
C4-rep1-mqtt,1,mqtt,veh-007,500,500,0,100,500,153.958,191.884,548.347,1615.483,40,8,90,18,475,95,477,95.4,499,99.8,500,100
C4-rep1-mqtt,1,mqtt,veh-008,500,500,0,100,500,153.921,190.992,550.426,1537.598,34,6.8,93,18.6,477,95.4,484,96.8,499,99.8,500,100
C4-rep1-mqtt,1,mqtt,veh-009,500,500,0,100,500,153.794,196.1,544.051,904,33,6.6,96,19.2,475,95,481,96.2,500,100,500,100
C4-rep1-mqtt,1,mqtt,veh-010,500,500,0,100,500,153.945,479.007,549.59,921.798,43,8.6,103,20.6,473,94.6,482,96.4,500,100,500,100
C4-rep1-mqtt,1,mqtt,veh-011,500,500,0,100,500,155.704,188.376,535.574,901.404,35,7,95,19,477,95.4,482,96.4,500,100,500,100
C4-rep1-mqtt,1,mqtt,veh-012,500,500,0,100,500,155.835,189.739,601.877,917.827,42,8.4,92,18.4,475,95,480,96,500,100,500,100
C4-rep1-mqtt,1,mqtt,veh-013,500,500,0,100,500,153.971,199.831,870.462,983.853,44,8.8,91,18.2,475,95,480,96,500,100,500,100
C4-rep1-mqtt,1,mqtt,veh-014,500,500,0,100,500,150.113,505.582,581.344,1613.469,43,8.6,99,19.8,470,94,474,94.8,498,99.6,500,100
C4-rep1-mqtt,1,mqtt,veh-015,500,500,0,100,500,155.649,194.008,551.847,895.805,37,7.4,93,18.6,475,95,479,95.8,500,100,500,100
C4-rep1-mqtt,1,mqtt,veh-016,500,500,0,100,500,154.319,191.727,541.358,917.812,35,7,92,18.4,477,95.4,479,95.8,500,100,500,100
C4-rep1-mqtt,1,mqtt,veh-017,500,500,0,100,500,152.708,481.848,544.949,1228.725,42,8.4,100,20,474,94.8,478,95.6,498,99.6,500,100
C4-rep1-mqtt,1,mqtt,veh-018,500,500,0,100,500,153.958,187.913,557.524,921.703,37,7.4,91,18.2,477,95.4,481,96.2,500,100,500,100
C4-rep1-mqtt,1,mqtt,veh-019,500,500,0,100,500,155.562,489.659,565.79,1443.117,44,8.8,106,21.2,471,94.2,478,95.6,499,99.8,500,100
C4-rep1-mqtt,1,mqtt,veh-020,500,500,0,100,500,153.737,185.9,603.144,982.127,35,7,81,16.2,483,96.6,484,96.8,500,100,500,100
C4-rep1-mqtt,1,mqtt,veh-021,500,500,0,100,500,155.718,185.921,543.553,907.875,41,8.2,92,18.4,480,96,482,96.4,500,100,500,100
C4-rep1-mqtt,1,mqtt,veh-022,500,500,0,100,500,155.014,491.948,605.305,909.789,45,9,105,21,471,94.2,479,95.8,500,100,500,100
C4-rep1-mqtt,1,mqtt,veh-023,500,500,0,100,500,153.795,195.732,911.678,1289.782,40,8,92,18.4,476,95.2,481,96.2,499,99.8,500,100
C4-rep1-mqtt,1,mqtt,veh-024,500,500,0,100,500,153.649,489.677,863.733,1616.268,50,10,113,22.6,471,94.2,479,95.8,498,99.6,500,100
C4-rep1-mqtt,1,mqtt,veh-025,500,500,0,100,500,153.83,187.927,570.393,1622.058,41,8.2,99,19.8,478,95.6,482,96.4,499,99.8,500,100
C4-rep1-mqtt,1,mqtt,veh-026,500,500,0,100,500,149.789,498.271,559.666,1640.049,55,11,106,21.2,464,92.8,475,95,497,99.4,500,100
C4-rep1-mqtt,1,mqtt,veh-027,500,500,0,100,500,153.88,187.647,542.296,961.964,40,8,94,18.8,483,96.6,485,97,500,100,500,100
C4-rep1-mqtt,1,mqtt,veh-028,500,500,0,100,500,150.188,471.867,581.888,3467.65,54,10.8,101,20.2,472,94.4,479,95.8,497,99.4,500,100
C4-rep1-mqtt,1,mqtt,veh-029,500,500,0,100,500,153.546,485.824,539.768,1613.431,41,8.2,102,20.4,470,94,478,95.6,499,99.8,500,100
C4-rep1-mqtt,1,mqtt,veh-030,500,500,0,100,500,151.804,193.189,553.929,3080.191,39,7.8,100,20,478,95.6,482,96.4,499,99.8,500,100
C4-rep1-mqtt,1,mqtt,veh-031,500,500,0,100,500,156.881,187.654,551.815,915.817,35,7,86,17.2,481,96.2,484,96.8,500,100,500,100
C4-rep1-mqtt,1,mqtt,veh-032,500,500,0,100,500,155.095,188.239,545.968,896.383,40,8,91,18.2,482,96.4,484,96.8,500,100,500,100
C4-rep1-mqtt,1,mqtt,veh-033,500,500,0,100,500,154.14,187.965,557.744,1647.958,40,8,91,18.2,479,95.8,482,96.4,499,99.8,500,100
C4-rep1-mqtt,1,mqtt,veh-034,500,500,0,100,500,154.544,194.038,535.708,913.789,38,7.6,88,17.6,477,95.4,481,96.2,500,100,500,100
C4-rep1-mqtt,1,mqtt,veh-035,500,500,0,100,500,152.021,191.693,788.67,1453.606,39,7.8,96,19.2,477,95.4,480,96,499,99.8,500,100
C4-rep1-mqtt,1,mqtt,veh-036,500,500,0,100,500,154.52,187.895,552.504,927.617,41,8.2,90,18,478,95.6,484,96.8,500,100,500,100
C4-rep1-mqtt,1,mqtt,veh-037,500,500,0,100,500,153.949,445.874,551.825,1002.737,43,8.6,97,19.4,474,94.8,482,96.4,499,99.8,500,100
C4-rep1-mqtt,1,mqtt,veh-038,500,500,0,100,500,153.211,460.145,547.775,1649.72,41,8.2,93,18.6,473,94.6,478,95.6,499,99.8,500,100
C4-rep1-mqtt,1,mqtt,veh-039,500,500,0,100,500,153.776,501.767,605.955,1673.938,49,9.8,100,20,471,94.2,474,94.8,499,99.8,500,100
C4-rep1-mqtt,1,mqtt,veh-040,500,500,0,100,500,153.596,259.054,555.068,3335.371,46,9.2,101,20.2,475,95,480,96,499,99.8,500,100
C4-rep1-mqtt,1,mqtt,veh-041,500,500,0,100,500,153.814,187.412,554.231,1645.686,38,7.6,97,19.4,482,96.4,485,97,499,99.8,500,100
C4-rep1-mqtt,1,mqtt,veh-042,500,500,0,100,500,155.825,193.749,538.666,916.663,37,7.4,90,18,477,95.4,485,97,500,100,500,100
C4-rep1-mqtt,1,mqtt,veh-043,500,500,0,100,500,153.952,479.857,559.51,1637.338,43,8.6,101,20.2,473,94.6,478,95.6,498,99.6,500,100
C4-rep1-mqtt,1,mqtt,veh-044,500,500,0,100,500,153.754,309.756,551.809,917.574,38,7.6,97,19.4,475,95,477,95.4,500,100,500,100
C4-rep1-mqtt,1,mqtt,veh-045,500,500,0,100,500,154.301,188.334,531.841,1025.654,39,7.8,99,19.8,479,95.8,484,96.8,499,99.8,500,100
C4-rep1-mqtt,1,mqtt,veh-046,500,500,0,100,500,151.866,191.903,570.024,1703.836,44,8.8,96,19.2,477,95.4,477,95.4,498,99.6,500,100
C4-rep1-mqtt,1,mqtt,veh-047,500,500,0,100,500,155.792,187.957,549.888,931.681,41,8.2,95,19,482,96.4,484,96.8,500,100,500,100
C4-rep1-mqtt,1,mqtt,veh-048,500,500,0,100,500,156.021,184.056,543.744,1045.404,33,6.6,86,17.2,484,96.8,485,97,499,99.8,500,100
C4-rep1-mqtt,1,mqtt,veh-049,500,500,0,100,500,151.897,485.719,817.871,951.85,46,9.2,93,18.6,472,94.4,477,95.4,500,100,500,100
C4-rep1-mqtt,1,mqtt,veh-050,500,500,0,100,500,152.714,185.943,543.791,3127.814,40,8,98,19.6,482,96.4,487,97.4,499,99.8,500,100
C4-rep1-mqtt,1,mqtt,veh-051,500,500,0,100,500,153.95,189.867,551.83,1708.02,47,9.4,104,20.8,476,95.2,480,96,498,99.6,500,100
C4-rep1-mqtt,1,mqtt,veh-052,500,500,0,100,500,154.136,189.863,549.883,1727.532,44,8.8,99,19.8,476,95.2,481,96.2,499,99.8,500,100
C4-rep1-mqtt,1,mqtt,veh-053,500,500,0,100,500,155.207,191.757,533.451,889.124,42,8.4,88,17.6,481,96.2,484,96.8,500,100,500,100
C4-rep1-mqtt,1,mqtt,veh-054,500,500,0,100,500,155.388,265.68,555.789,1629.831,41,8.2,101,20.2,475,95,482,96.4,499,99.8,500,100
C4-rep1-mqtt,1,mqtt,veh-055,500,500,0,100,500,153.912,190.667,550.051,929.778,40,8,93,18.6,477,95.4,484,96.8,500,100,500,100
C4-rep1-mqtt,1,mqtt,veh-056,500,500,0,100,500,155.861,469.839,541.872,847.858,41,8.2,97,19.4,473,94.6,480,96,500,100,500,100
C4-rep1-mqtt,1,mqtt,veh-057,500,500,0,100,500,155.887,185.621,540.457,910.953,34,6.8,91,18.2,483,96.6,483,96.6,500,100,500,100
C4-rep1-mqtt,1,mqtt,veh-058,500,500,0,100,500,153.214,196.028,554.602,2665.872,44,8.8,98,19.6,477,95.4,482,96.4,499,99.8,500,100
C4-rep1-mqtt,1,mqtt,veh-059,500,500,0,100,500,155.365,185.739,533.808,885.832,45,9,99,19.8,478,95.6,483,96.6,500,100,500,100
C4-rep1-mqtt,1,mqtt,veh-060,500,500,0,100,500,155.874,187.953,539.935,911.519,41,8.2,94,18.8,477,95.4,482,96.4,500,100,500,100
C4-rep1-mqtt,1,mqtt,veh-061,500,500,0,100,500,155.783,191.877,551.847,1297.643,40,8,97,19.4,477,95.4,481,96.2,499,99.8,500,100
C4-rep1-mqtt,1,mqtt,veh-062,500,500,0,100,500,153.753,507.69,878.086,909.641,50,10,105,21,470,94,473,94.6,500,100,500,100
C4-rep1-mqtt,1,mqtt,veh-063,500,500,0,100,500,156.599,483.656,545.174,915.245,43,8.6,99,19.8,472,94.4,476,95.2,500,100,500,100
C4-rep1-mqtt,1,mqtt,veh-064,500,500,0,100,500,153.825,187.341,531.214,819.834,34,6.8,94,18.8,483,96.6,486,97.2,500,100,500,100
C4-rep1-mqtt,1,mqtt,veh-065,500,500,0,100,500,153.27,481.661,865.335,1667.642,53,10.6,111,22.2,471,94.2,479,95.8,497,99.4,500,100
C4-rep1-mqtt,1,mqtt,veh-066,500,500,0,100,500,153.916,191.973,551.765,815.931,40,8,98,19.6,475,95,480,96,500,100,500,100
C4-rep1-mqtt,1,mqtt,veh-067,500,500,0,100,500,151.864,347.193,787.539,919.765,43,8.6,90,18,475,95,477,95.4,500,100,500,100
C4-rep1-mqtt,1,mqtt,veh-068,500,500,0,100,500,154.95,191.888,563.602,1325.863,44,8.8,91,18.2,476,95.2,486,97.2,499,99.8,500,100
C4-rep1-mqtt,1,mqtt,veh-069,500,500,0,100,500,154.011,189.67,543.477,3071.806,42,8.4,103,20.6,478,95.6,480,96,499,99.8,500,100
C4-rep1-mqtt,1,mqtt,veh-070,500,500,0,100,500,153.948,443.629,538.168,1647.73,37,7.4,97,19.4,474,94.8,478,95.6,499,99.8,500,100
C4-rep1-mqtt,1,mqtt,veh-071,500,500,0,100,500,155.701,187.807,537.772,907.883,34,6.8,92,18.4,480,96,483,96.6,500,100,500,100
C4-rep1-mqtt,1,mqtt,veh-072,500,500,0,100,500,152.392,487.882,581.601,2877.177,54,10.8,104,20.8,470,94,477,95.4,499,99.8,500,100
C4-rep1-mqtt,1,mqtt,veh-073,500,500,0,100,500,153.745,501.96,551.771,921.023,56,11.2,107,21.4,464,92.8,473,94.6,500,100,500,100
C4-rep1-mqtt,1,mqtt,veh-074,500,500,0,100,500,154.209,191.889,545.739,917.552,34,6.8,95,19,478,95.6,482,96.4,500,100,500,100
C4-rep1-mqtt,1,mqtt,veh-075,500,500,0,100,500,149.951,486.863,875.759,3093.625,55,11,112,22.4,470,94,477,95.4,499,99.8,500,100
C4-rep1-mqtt,1,mqtt,veh-076,500,500,0,100,500,155.851,188.07,537.992,1676.168,37,7.4,101,20.2,476,95.2,484,96.8,499,99.8,500,100
C4-rep1-mqtt,1,mqtt,veh-077,500,500,0,100,500,155.296,195.767,553.749,1652.113,44,8.8,92,18.4,475,95,481,96.2,499,99.8,500,100
C4-rep1-mqtt,1,mqtt,veh-078,500,500,0,100,500,151.619,459.867,546.494,887.905,35,7,94,18.8,474,94.8,476,95.2,500,100,500,100
C4-rep1-mqtt,1,mqtt,veh-079,500,500,0,100,500,153.1,188.442,861.906,2984.231,47,9.4,95,19,478,95.6,484,96.8,499,99.8,500,100
C4-rep1-mqtt,1,mqtt,veh-080,500,500,0,100,500,151.867,189.823,549.864,3393.882,42,8.4,99,19.8,476,95.2,479,95.8,499,99.8,500,100
C4-rep1-mqtt,1,mqtt,veh-081,500,500,0,100,500,155.726,188.591,548.115,1649.874,40,8,95,19,477,95.4,479,95.8,499,99.8,500,100
C4-rep1-mqtt,1,mqtt,veh-082,500,500,0,100,500,153.801,193.632,561.815,1912.96,46,9.2,106,21.2,476,95.2,478,95.6,498,99.6,500,100
C4-rep1-mqtt,1,mqtt,veh-083,500,500,0,100,500,154.134,187.889,547.955,889.761,32,6.4,87,17.4,479,95.8,486,97.2,500,100,500,100
C4-rep1-mqtt,1,mqtt,veh-084,500,500,0,100,500,153.989,187.947,541.863,1631.838,38,7.6,95,19,480,96,481,96.2,499,99.8,500,100
C4-rep1-mqtt,1,mqtt,veh-085,500,500,0,100,500,154.665,466.942,541.526,1674.55,39,7.8,97,19.4,474,94.8,477,95.4,499,99.8,500,100
C4-rep1-mqtt,1,mqtt,veh-086,500,500,0,100,500,152.086,187.713,553.742,1652.013,43,8.6,91,18.2,481,96.2,483,96.6,498,99.6,500,100
C4-rep1-mqtt,1,mqtt,veh-087,500,500,0,100,500,153.774,338.113,547.765,841.885,42,8.4,92,18.4,475,95,476,95.2,500,100,500,100
C4-rep1-mqtt,1,mqtt,veh-088,500,500,0,100,500,151.85,329.464,881.792,2995.304,50,10,101,20.2,475,95,480,96,498,99.6,500,100
C4-rep1-mqtt,1,mqtt,veh-089,500,500,0,100,500,153.781,191.773,588.039,921.08,43,8.6,99,19.8,476,95.2,478,95.6,500,100,500,100
C4-rep1-mqtt,1,mqtt,veh-090,500,500,0,100,500,156.225,187.892,555.874,905.93,40,8,88,17.6,478,95.6,483,96.6,500,100,500,100
C4-rep1-mqtt,1,mqtt,veh-091,500,500,0,100,500,153.785,445.818,572.558,1596.37,42,8.4,105,21,474,94.8,478,95.6,498,99.6,500,100
C4-rep1-mqtt,1,mqtt,veh-092,500,500,0,100,500,156.156,185.405,533.725,2236.314,44,8.8,91,18.2,487,97.4,489,97.8,498,99.6,500,100
C4-rep1-mqtt,1,mqtt,veh-093,500,500,0,100,500,153.877,192.774,820.188,1916.548,37,7.4,96,19.2,477,95.4,480,96,499,99.8,500,100
C4-rep1-mqtt,1,mqtt,veh-094,500,500,0,100,500,153.776,193.701,549.91,1601.339,45,9,95,19,475,95,483,96.6,499,99.8,500,100
C4-rep1-mqtt,1,mqtt,veh-095,500,500,0,100,500,152.007,499.662,883.834,1891.421,52,10.4,110,22,469,93.8,476,95.2,497,99.4,500,100
C4-rep1-mqtt,1,mqtt,veh-096,500,500,0,100,500,151.682,459.91,551.128,3136.546,55,11,108,21.6,472,94.4,481,96.2,498,99.6,500,100
C4-rep1-mqtt,1,mqtt,veh-097,500,500,0,100,500,152.001,193.397,811.815,1594.724,39,7.8,89,17.8,478,95.6,482,96.4,498,99.6,500,100
C4-rep1-mqtt,1,mqtt,veh-098,500,500,0,100,500,153.567,186.085,559.894,1916.562,34,6.8,95,19,481,96.2,487,97.4,498,99.6,500,100
C4-rep1-mqtt,1,mqtt,veh-099,500,500,0,100,500,151.788,191.773,575.639,1647.797,44,8.8,95,19,476,95.2,477,95.4,497,99.4,500,100
C4-rep1-mqtt,1,mqtt,veh-100,500,500,0,100,500,155.685,185.622,529.822,2193.576,37,7.4,90,18,481,96.2,489,97.8,499,99.8,500,100
C4-rep1-udp,1,udp,veh-001,500,490,10,98,490,91.787,165.978,177.755,183.691,273,54.6,337,67.4,490,98,490,98,490,98,490,98
C4-rep1-udp,1,udp,veh-002,500,494,6,98.8,494,101.104,171.852,179.605,185.418,244,48.8,310,62,494,98.8,494,98.8,494,98.8,494,98.8
C4-rep1-udp,1,udp,veh-003,500,492,8,98.4,492,93.906,169.824,179.855,199.935,267,53.4,333,66.6,492,98.4,492,98.4,492,98.4,492,98.4
C4-rep1-udp,1,udp,veh-004,500,497,3,99.4,497,107.662,173.85,181.779,191.758,221,44.2,300,60,497,99.4,497,99.4,497,99.4,497,99.4
C4-rep1-udp,1,udp,veh-005,500,490,10,98,490,93.726,168.833,179.843,181.947,266,53.2,330,66,490,98,490,98,490,98,490,98
C4-rep1-udp,1,udp,veh-006,500,491,9,98.2,491,90.856,169.903,179.821,187.781,277,55.4,345,69,491,98.2,491,98.2,491,98.2,491,98.2
C4-rep1-udp,1,udp,veh-007,500,494,6,98.8,494,101.919,171.662,179.798,184.716,240,48,320,64,494,98.8,494,98.8,494,98.8,494,98.8
C4-rep1-udp,1,udp,veh-008,500,495,5,99,495,102.156,171.784,179.857,190.417,237,47.4,309,61.8,495,99,495,99,495,99,495,99
C4-rep1-udp,1,udp,veh-009,500,495,5,99,495,107.91,170.629,181.784,188.271,218,43.6,294,58.8,495,99,495,99,495,99,495,99
C4-rep1-udp,1,udp,veh-010,500,493,7,98.6,493,98.021,169.96,179.817,183.878,253,50.6,325,65,493,98.6,493,98.6,493,98.6,493,98.6
C4-rep1-udp,1,udp,veh-011,500,493,7,98.6,493,101.856,169.725,179.812,184.009,238,47.6,308,61.6,493,98.6,493,98.6,493,98.6,493,98.6
C4-rep1-udp,1,udp,veh-012,500,496,4,99.2,496,101.83,172.509,181.694,205.985,238,47.6,312,62.4,496,99.2,496,99.2,496,99.2,496,99.2
C4-rep1-udp,1,udp,veh-013,500,495,5,99,495,99.801,173.363,177.779,183.806,251,50.2,315,63,495,99,495,99,495,99,495,99
C4-rep1-udp,1,udp,veh-014,500,495,5,99,495,105.873,171.851,181.784,199.95,225,45,306,61.2,495,99,495,99,495,99,495,99
C4-rep1-udp,1,udp,veh-015,500,497,3,99.4,497,107.732,175.615,181.904,200.003,224,44.8,305,61,497,99.4,497,99.4,497,99.4,497,99.4
C4-rep1-udp,1,udp,veh-016,500,493,7,98.6,493,97.962,171.275,179.608,199.959,254,50.8,333,66.6,493,98.6,493,98.6,493,98.6,493,98.6
C4-rep1-udp,1,udp,veh-017,500,489,11,97.8,489,89.864,167.369,177.931,183.93,275,55,337,67.4,489,97.8,489,97.8,489,97.8,489,97.8
C4-rep1-udp,1,udp,veh-018,500,493,7,98.6,493,101.532,169.838,177.74,217.838,243,48.6,316,63.2,493,98.6,493,98.6,493,98.6,493,98.6
C4-rep1-udp,1,udp,veh-019,500,495,5,99,495,103.508,170.541,179.614,188.212,237,47.4,307,61.4,495,99,495,99,495,99,495,99
C4-rep1-udp,1,udp,veh-020,500,493,7,98.6,493,98.422,169.858,181.772,188.083,257,51.4,330,66,493,98.6,493,98.6,493,98.6,493,98.6
C4-rep1-udp,1,udp,veh-021,500,494,6,98.8,494,104.559,170.742,177.547,185.62,235,47,302,60.4,494,98.8,494,98.8,494,98.8,494,98.8
C4-rep1-udp,1,udp,veh-022,500,495,5,99,495,105.793,170.009,180.564,211.933,234,46.8,316,63.2,495,99,495,99,495,99,495,99
C4-rep1-udp,1,udp,veh-023,500,495,5,99,495,107.074,169.897,179.648,183.865,225,45,308,61.6,495,99,495,99,495,99,495,99
C4-rep1-udp,1,udp,veh-024,500,492,8,98.4,492,95.686,168.418,177.664,181.956,255,51,333,66.6,492,98.4,492,98.4,492,98.4,492,98.4
C4-rep1-udp,1,udp,veh-025,500,494,6,98.8,494,101.762,171.984,181.762,183.731,241,48.2,313,62.6,494,98.8,494,98.8,494,98.8,494,98.8
C4-rep1-udp,1,udp,veh-026,500,491,9,98.2,491,97.711,169.761,181.821,186.843,268,53.6,330,66,491,98.2,491,98.2,491,98.2,491,98.2
C4-rep1-udp,1,udp,veh-027,500,494,6,98.8,494,99.826,169.758,179.988,187.728,248,49.6,319,63.8,494,98.8,494,98.8,494,98.8,494,98.8
C4-rep1-udp,1,udp,veh-028,500,495,5,99,495,107.813,171.984,179.824,183.867,223,44.6,300,60,495,99,495,99,495,99,495,99
C4-rep1-udp,1,udp,veh-029,500,495,5,99,495,100.452,169.704,179.839,185.88,245,49,316,63.2,495,99,495,99,495,99,495,99
C4-rep1-udp,1,udp,veh-030,500,494,6,98.8,494,101.925,170.615,181.43,189.978,243,48.6,317,63.4,494,98.8,494,98.8,494,98.8,494,98.8
C4-rep1-udp,1,udp,veh-031,500,490,10,98,490,91.321,167.649,178.524,180.815,276,55.2,341,68.2,490,98,490,98,490,98,490,98
C4-rep1-udp,1,udp,veh-032,500,493,7,98.6,493,99.84,171.761,180.956,186.136,252,50.4,321,64.2,493,98.6,493,98.6,493,98.6,493,98.6
C4-rep1-udp,1,udp,veh-033,500,496,4,99.2,496,101.791,171.85,179.866,187.868,241,48.2,310,62,496,99.2,496,99.2,496,99.2,496,99.2
C4-rep1-udp,1,udp,veh-034,500,494,6,98.8,494,101.943,170.358,178.941,186.086,241,48.2,311,62.2,494,98.8,494,98.8,494,98.8,494,98.8
C4-rep1-udp,1,udp,veh-035,500,496,4,99.2,496,102.312,170.77,179.702,183.875,235,47,310,62,496,99.2,496,99.2,496,99.2,496,99.2
C4-rep1-udp,1,udp,veh-036,500,496,4,99.2,496,103.867,171.625,183.902,189.951,226,45.2,309,61.8,496,99.2,496,99.2,496,99.2,496,99.2
C4-rep1-udp,1,udp,veh-037,500,496,4,99.2,496,104.381,173.01,179.704,184.049,231,46.2,304,60.8,496,99.2,496,99.2,496,99.2,496,99.2
C4-rep1-udp,1,udp,veh-038,500,496,4,99.2,496,107.697,170.543,179.814,187.698,226,45.2,298,59.6,496,99.2,496,99.2,496,99.2,496,99.2
C4-rep1-udp,1,udp,veh-039,500,493,7,98.6,493,96.042,169.864,181.82,186.023,263,52.6,336,67.2,493,98.6,493,98.6,493,98.6,493,98.6
C4-rep1-udp,1,udp,veh-040,500,495,5,99,495,106.008,171.639,183.692,186.004,230,46,304,60.8,495,99,495,99,495,99,495,99
C4-rep1-udp,1,udp,veh-041,500,490,10,98,490,93.447,168.615,175.106,192.397,272,54.4,336,67.2,490,98,490,98,490,98,490,98
C4-rep1-udp,1,udp,veh-042,500,493,7,98.6,493,100.182,171.956,181.963,183.888,244,48.8,322,64.4,493,98.6,493,98.6,493,98.6,493,98.6
C4-rep1-udp,1,udp,veh-043,500,497,3,99.4,497,107.252,171.86,177.897,195.339,223,44.6,292,58.4,497,99.4,497,99.4,497,99.4,497,99.4
C4-rep1-udp,1,udp,veh-044,500,498,2,99.6,498,107.897,169.818,179.625,183.355,223,44.6,296,59.2,498,99.6,498,99.6,498,99.6,498,99.6
C4-rep1-udp,1,udp,veh-045,500,494,6,98.8,494,99.838,173.187,181.723,189.821,249,49.8,313,62.6,494,98.8,494,98.8,494,98.8,494,98.8
C4-rep1-udp,1,udp,veh-046,500,495,5,99,495,99.825,169.713,180.107,185.932,249,49.8,316,63.2,495,99,495,99,495,99,495,99
C4-rep1-udp,1,udp,veh-047,500,491,9,98.2,491,93.915,167.929,179.576,190.655,271,54.2,335,67,491,98.2,491,98.2,491,98.2,491,98.2
C4-rep1-udp,1,udp,veh-048,500,495,5,99,495,107.033,169.881,179.766,189.834,230,46,304,60.8,495,99,495,99,495,99,495,99
C4-rep1-udp,1,udp,veh-049,500,495,5,99,495,101.926,170.278,177.74,180.19,237,47.4,307,61.4,495,99,495,99,495,99,495,99
C4-rep1-udp,1,udp,veh-050,500,489,11,97.8,489,89.905,169.873,178.59,183.861,278,55.6,335,67,489,97.8,489,97.8,489,97.8,489,97.8
C4-rep1-udp,1,udp,veh-051,500,498,2,99.6,498,106.508,171.793,179.643,181.808,225,45,299,59.8,498,99.6,498,99.6,498,99.6,498,99.6
C4-rep1-udp,1,udp,veh-052,500,494,6,98.8,494,103.904,171.927,179.862,187.865,231,46.2,314,62.8,494,98.8,494,98.8,494,98.8,494,98.8
C4-rep1-udp,1,udp,veh-053,500,497,3,99.4,497,107.927,172.933,181.774,186.287,218,43.6,291,58.2,497,99.4,497,99.4,497,99.4,497,99.4
C4-rep1-udp,1,udp,veh-054,500,496,4,99.2,496,105.597,169.873,181.725,191.971,228,45.6,304,60.8,496,99.2,496,99.2,496,99.2,496,99.2
C4-rep1-udp,1,udp,veh-055,500,495,5,99,495,103.719,169.882,177.946,181.909,230,46,312,62.4,495,99,495,99,495,99,495,99
C4-rep1-udp,1,udp,veh-056,500,492,8,98.4,492,99.485,173.569,179.602,185.056,252,50.4,326,65.2,492,98.4,492,98.4,492,98.4,492,98.4
C4-rep1-udp,1,udp,veh-057,500,495,5,99,495,103.894,170.536,181.781,185.798,235,47,298,59.6,495,99,495,99,495,99,495,99
C4-rep1-udp,1,udp,veh-058,500,496,4,99.2,496,106.677,170.26,179.653,185.804,222,44.4,304,60.8,496,99.2,496,99.2,496,99.2,496,99.2
C4-rep1-udp,1,udp,veh-059,500,497,3,99.4,497,105.948,171.786,179.986,189.096,227,45.4,294,58.8,497,99.4,497,99.4,497,99.4,497,99.4
C4-rep1-udp,1,udp,veh-060,500,496,4,99.2,496,107.774,169.917,177.89,179.861,229,45.8,300,60,496,99.2,496,99.2,496,99.2,496,99.2
C4-rep1-udp,1,udp,veh-061,500,497,3,99.4,497,105.997,171.223,179.801,184.535,221,44.2,306,61.2,497,99.4,497,99.4,497,99.4,497,99.4
C4-rep1-udp,1,udp,veh-062,500,490,10,98,490,91.932,168.799,179.841,182.651,270,54,329,65.8,490,98,490,98,490,98,490,98
C4-rep1-udp,1,udp,veh-063,500,494,6,98.8,494,107.733,170.377,179.851,191.592,223,44.6,303,60.6,494,98.8,494,98.8,494,98.8,494,98.8
C4-rep1-udp,1,udp,veh-064,500,496,4,99.2,496,107.514,171.78,181.936,187.915,230,46,299,59.8,496,99.2,496,99.2,496,99.2,496,99.2
C4-rep1-udp,1,udp,veh-065,500,491,9,98.2,491,96.011,169.797,178.537,185.095,260,52,327,65.4,491,98.2,491,98.2,491,98.2,491,98.2
C4-rep1-udp,1,udp,veh-066,500,490,10,98,490,92.53,169.699,179.798,181.631,269,53.8,334,66.8,490,98,490,98,490,98,490,98
C4-rep1-udp,1,udp,veh-067,500,489,11,97.8,489,85.636,166.115,179.883,186.693,287,57.4,350,70,489,97.8,489,97.8,489,97.8,489,97.8
C4-rep1-udp,1,udp,veh-068,500,494,6,98.8,494,103.372,171.376,179.852,181.788,237,47.4,311,62.2,494,98.8,494,98.8,494,98.8,494,98.8
C4-rep1-udp,1,udp,veh-069,500,496,4,99.2,496,107.364,171.769,179.856,185.716,216,43.2,300,60,496,99.2,496,99.2,496,99.2,496,99.2
C4-rep1-udp,1,udp,veh-070,500,498,2,99.6,498,109.601,172.941,179.919,189.812,218,43.6,286,57.2,498,99.6,498,99.6,498,99.6,498,99.6
C4-rep1-udp,1,udp,veh-071,500,491,9,98.2,491,100.109,170.634,179.739,183.83,243,48.6,315,63,491,98.2,491,98.2,491,98.2,491,98.2
C4-rep1-udp,1,udp,veh-072,500,491,9,98.2,491,94.797,170.727,179.661,183.87,265,53,329,65.8,491,98.2,491,98.2,491,98.2,491,98.2
C4-rep1-udp,1,udp,veh-073,500,495,5,99,495,101.817,171.755,181.713,189.806,237,47.4,308,61.6,495,99,495,99,495,99,495,99
C4-rep1-udp,1,udp,veh-074,500,496,4,99.2,496,103.72,169.717,179.85,185.837,232,46.4,303,60.6,496,99.2,496,99.2,496,99.2,496,99.2
C4-rep1-udp,1,udp,veh-075,500,494,6,98.8,494,105.65,171.961,183.647,186.304,224,44.8,293,58.6,494,98.8,494,98.8,494,98.8,494,98.8
C4-rep1-udp,1,udp,veh-076,500,496,4,99.2,496,105.616,169.986,177.852,181.918,233,46.6,307,61.4,496,99.2,496,99.2,496,99.2,496,99.2
C4-rep1-udp,1,udp,veh-077,500,494,6,98.8,494,103.643,171.765,177.934,183.841,233,46.6,302,60.4,494,98.8,494,98.8,494,98.8,494,98.8
C4-rep1-udp,1,udp,veh-078,500,493,7,98.6,493,101.762,170.983,179.795,183.764,242,48.4,318,63.6,493,98.6,493,98.6,493,98.6,493,98.6
C4-rep1-udp,1,udp,veh-079,500,490,10,98,490,93.902,167.667,177.921,181.752,267,53.4,331,66.2,490,98,490,98,490,98,490,98
C4-rep1-udp,1,udp,veh-080,500,494,6,98.8,494,102.87,170.958,178.434,191.868,235,47,308,61.6,494,98.8,494,98.8,494,98.8,494,98.8
C4-rep1-udp,1,udp,veh-081,500,491,9,98.2,491,99.783,171.829,179.857,217.846,249,49.8,321,64.2,491,98.2,491,98.2,491,98.2,491,98.2
C4-rep1-udp,1,udp,veh-082,500,493,7,98.6,493,101.813,171.427,178.42,181.772,242,48.4,312,62.4,493,98.6,493,98.6,493,98.6,493,98.6
C4-rep1-udp,1,udp,veh-083,500,495,5,99,495,105.764,171.797,176.36,187.867,221,44.2,299,59.8,495,99,495,99,495,99,495,99
C4-rep1-udp,1,udp,veh-084,500,493,7,98.6,493,99.63,170.016,179.837,183.375,254,50.8,331,66.2,493,98.6,493,98.6,493,98.6,493,98.6
C4-rep1-udp,1,udp,veh-085,500,495,5,99,495,105.104,173.117,178.959,191.546,232,46.4,304,60.8,495,99,495,99,495,99,495,99
C4-rep1-udp,1,udp,veh-086,500,493,7,98.6,493,99.649,168.468,180.369,183.883,256,51.2,326,65.2,493,98.6,493,98.6,493,98.6,493,98.6
C4-rep1-udp,1,udp,veh-087,500,492,8,98.4,492,95.794,170.418,179.423,189.84,267,53.4,333,66.6,492,98.4,492,98.4,492,98.4,492,98.4
C4-rep1-udp,1,udp,veh-088,500,490,10,98,490,91.757,168.683,177.722,179.831,272,54.4,329,65.8,490,98,490,98,490,98,490,98
C4-rep1-udp,1,udp,veh-089,500,494,6,98.8,494,103.996,170.754,176.197,181.78,230,46,313,62.6,494,98.8,494,98.8,494,98.8,494,98.8
C4-rep1-udp,1,udp,veh-090,500,492,8,98.4,492,94.595,167.972,177.919,184.269,266,53.2,329,65.8,492,98.4,492,98.4,492,98.4,492,98.4
C4-rep1-udp,1,udp,veh-091,500,496,4,99.2,496,103.882,171.806,182.761,206.09,234,46.8,312,62.4,496,99.2,496,99.2,496,99.2,496,99.2
C4-rep1-udp,1,udp,veh-092,500,497,3,99.4,497,107.722,172.044,180.174,185.948,228,45.6,301,60.2,497,99.4,497,99.4,497,99.4,497,99.4
C4-rep1-udp,1,udp,veh-093,500,495,5,99,495,104.044,169.915,179.936,189.434,231,46.2,303,60.6,495,99,495,99,495,99,495,99
C4-rep1-udp,1,udp,veh-094,500,492,8,98.4,492,99.882,173.716,179.776,182.308,246,49.2,315,63,492,98.4,492,98.4,492,98.4,492,98.4
C4-rep1-udp,1,udp,veh-095,500,493,7,98.6,493,101.577,169.976,181.749,185.706,246,49.2,314,62.8,493,98.6,493,98.6,493,98.6,493,98.6
C4-rep1-udp,1,udp,veh-096,500,494,6,98.8,494,100.431,172.347,179.866,184.058,244,48.8,315,63,494,98.8,494,98.8,494,98.8,494,98.8
C4-rep1-udp,1,udp,veh-097,500,492,8,98.4,492,97.744,169.176,177.884,183.556,255,51,335,67,492,98.4,492,98.4,492,98.4,492,98.4
C4-rep1-udp,1,udp,veh-098,500,495,5,99,495,107.096,169.723,179.696,183.897,225,45,307,61.4,495,99,495,99,495,99,495,99
C4-rep1-udp,1,udp,veh-099,500,494,6,98.8,494,99.62,169.193,178.122,182.324,256,51.2,328,65.6,494,98.8,494,98.8,494,98.8,494,98.8
C4-rep1-udp,1,udp,veh-100,500,494,6,98.8,494,101.43,169.878,179.83,188.76,241,48.2,318,63.6,494,98.8,494,98.8,494,98.8,494,98.8
C4-rep2-tcp,2,tcp,veh-001,500,500,0,100,500,255.765,335.813,601.887,693.742,1,0.2,1,0.2,491,98.2,492,98.4,500,100,500,100
C4-rep2-tcp,2,tcp,veh-002,500,500,0,100,500,251.614,353.784,588.596,877.822,0,0,2,0.4,487,97.4,490,98,500,100,500,100
C4-rep2-tcp,2,tcp,veh-003,500,500,0,100,500,255.867,353.888,598.261,879.744,0,0,1,0.2,490,98,492,98.4,500,100,500,100
C4-rep2-tcp,2,tcp,veh-004,500,500,0,100,500,259.846,349.639,611.612,893.86,0,0,1,0.2,488,97.6,488,97.6,500,100,500,100
C4-rep2-tcp,2,tcp,veh-005,500,500,0,100,500,259.852,362.001,644.566,1052.379,0,0,2,0.4,483,96.6,486,97.2,499,99.8,500,100
C4-rep2-tcp,2,tcp,veh-006,500,500,0,100,500,261.89,363.759,571.698,657.686,0,0,3,0.6,486,97.2,488,97.6,500,100,500,100
C4-rep2-tcp,2,tcp,veh-007,500,500,0,100,500,257.666,355.775,623.902,819.943,0,0,2,0.4,486,97.2,486,97.2,500,100,500,100
C4-rep2-tcp,2,tcp,veh-008,500,500,0,100,500,257.916,369.704,640.054,1065.77,0,0,1,0.2,483,96.6,484,96.8,499,99.8,500,100
C4-rep2-tcp,2,tcp,veh-009,500,500,0,100,500,251.832,363.926,615.394,675.944,0,0,1,0.2,485,97,486,97.2,500,100,500,100
C4-rep2-tcp,2,tcp,veh-010,500,500,0,100,500,259.661,355.764,603.849,1065.761,0,0,0,0,490,98,492,98.4,499,99.8,500,100
C4-rep2-tcp,2,tcp,veh-011,500,500,0,100,500,255.82,359.754,631.968,1039.98,0,0,0,0,483,96.6,487,97.4,499,99.8,500,100
C4-rep2-tcp,2,tcp,veh-012,500,500,0,100,500,256.068,359.643,641.84,921.901,0,0,0,0,483,96.6,487,97.4,500,100,500,100
C4-rep2-tcp,2,tcp,veh-013,500,500,0,100,500,249.846,361.735,609.795,753.811,0,0,0,0,484,96.8,486,97.2,500,100,500,100
C4-rep2-tcp,2,tcp,veh-014,500,500,0,100,500,257.697,359.725,609.553,700.832,0,0,0,0,484,96.8,487,97.4,500,100,500,100
C4-rep2-tcp,2,tcp,veh-015,500,500,0,100,500,256.437,350.043,595.689,977.708,0,0,0,0,492,98.4,492,98.4,500,100,500,100
C4-rep2-tcp,2,tcp,veh-016,500,500,0,100,500,259.627,361.894,589.901,687.808,0,0,0,0,486,97.2,490,98,500,100,500,100
C4-rep2-tcp,2,tcp,veh-017,500,500,0,100,500,257.896,341.975,638.078,994.044,0,0,1,0.2,487,97.4,489,97.8,500,100,500,100
C4-rep2-tcp,2,tcp,veh-018,500,500,0,100,500,257.597,357.391,680.986,1405.681,0,0,0,0,484,96.8,485,97,499,99.8,500,100
C4-rep2-tcp,2,tcp,veh-019,500,500,0,100,500,253.713,343.688,541.755,956.009,0,0,0,0,491,98.2,492,98.4,500,100,500,100
C4-rep2-tcp,2,tcp,veh-020,500,500,0,100,500,257.897,365.528,623.597,725.772,0,0,0,0,483,96.6,486,97.2,500,100,500,100
C4-rep2-tcp,2,tcp,veh-021,500,500,0,100,500,257.635,355.85,623.948,918.893,0,0,0,0,487,97.4,487,97.4,500,100,500,100
C4-rep2-tcp,2,tcp,veh-022,500,500,0,100,500,255.776,359.727,633.971,840.011,0,0,0,0,485,97,485,97,500,100,500,100
C4-rep2-tcp,2,tcp,veh-023,500,500,0,100,500,257.978,355.717,574.698,791.853,0,0,0,0,488,97.6,491,98.2,500,100,500,100
C4-rep2-tcp,2,tcp,veh-024,500,500,0,100,500,257.913,357.929,629.836,955.892,0,0,0,0,486,97.2,488,97.6,500,100,500,100
C4-rep2-tcp,2,tcp,veh-025,500,500,0,100,500,255.82,359.949,603.738,1021.754,0,0,1,0.2,485,97,488,97.6,499,99.8,500,100
C4-rep2-tcp,2,tcp,veh-026,500,500,0,100,500,257.736,363.716,633.86,949.696,0,0,3,0.6,480,96,482,96.4,500,100,500,100
C4-rep2-tcp,2,tcp,veh-027,500,500,0,100,500,253.658,359.792,589.977,1097.101,0,0,0,0,484,96.8,487,97.4,499,99.8,500,100
C4-rep2-tcp,2,tcp,veh-028,500,500,0,100,500,251.978,367.825,646.023,999.933,0,0,0,0,480,96,484,96.8,500,100,500,100
C4-rep2-tcp,2,tcp,veh-029,500,500,0,100,500,257.864,371.78,593.777,962.669,0,0,2,0.4,481,96.2,484,96.8,500,100,500,100
C4-rep2-tcp,2,tcp,veh-030,500,500,0,100,500,255.733,361.908,583.851,636.012,0,0,0,0,488,97.6,491,98.2,500,100,500,100
C4-rep2-tcp,2,tcp,veh-031,500,500,0,100,500,255.792,361.914,609.341,1278.023,0,0,0,0,489,97.8,490,98,499,99.8,500,100
C4-rep2-tcp,2,tcp,veh-032,500,500,0,100,500,255.855,359.601,623.719,1039.861,0,0,1,0.2,487,97.4,487,97.4,499,99.8,500,100
C4-rep2-tcp,2,tcp,veh-033,500,500,0,100,500,255.759,363.812,647.926,879.936,0,0,0,0,482,96.4,484,96.8,500,100,500,100
C4-rep2-tcp,2,tcp,veh-034,500,500,0,100,500,259.258,349.757,598.111,693.912,0,0,0,0,489,97.8,491,98.2,500,100,500,100
C4-rep2-tcp,2,tcp,veh-035,500,500,0,100,500,257.671,347.703,631.763,1009.765,0,0,0,0,488,97.6,489,97.8,499,99.8,500,100
C4-rep2-tcp,2,tcp,veh-036,500,500,0,100,500,253.7,359.822,630.037,1029.842,0,0,0,0,480,96,484,96.8,499,99.8,500,100
C4-rep2-tcp,2,tcp,veh-037,500,500,0,100,500,255.992,348.481,581.703,933.742,0,0,0,0,490,98,491,98.2,500,100,500,100
C4-rep2-tcp,2,tcp,veh-038,500,500,0,100,500,253.628,349.717,621.726,817.603,0,0,0,0,488,97.6,489,97.8,500,100,500,100
C4-rep2-tcp,2,tcp,veh-039,500,500,0,100,500,249.783,355.74,622.008,1009.959,0,0,0,0,485,97,485,97,499,99.8,500,100
C4-rep2-tcp,2,tcp,veh-040,500,500,0,100,500,255.981,359.829,584.067,759.897,0,0,0,0,483,96.6,488,97.6,500,100,500,100
C4-rep2-tcp,2,tcp,veh-041,500,500,0,100,500,255.938,354.251,631.774,735.514,0,0,0,0,488,97.6,488,97.6,500,100,500,100
C4-rep2-tcp,2,tcp,veh-042,500,500,0,100,500,255.901,357.804,631.769,824.601,0,0,0,0,483,96.6,486,97.2,500,100,500,100
C4-rep2-tcp,2,tcp,veh-043,500,500,0,100,500,255.666,343.9,603.82,907.889,0,0,0,0,490,98,491,98.2,500,100,500,100
C4-rep2-tcp,2,tcp,veh-044,500,500,0,100,500,254.061,351.988,578.119,854.619,0,0,0,0,488,97.6,492,98.4,500,100,500,100
C4-rep2-tcp,2,tcp,veh-045,500,500,0,100,500,256.044,349.829,567.855,1639.727,0,0,0,0,492,98.4,493,98.6,499,99.8,500,100
C4-rep2-tcp,2,tcp,veh-046,500,500,0,100,500,255.297,351.902,575.766,820.02,0,0,0,0,490,98,491,98.2,500,100,500,100
C4-rep2-tcp,2,tcp,veh-047,500,500,0,100,500,250.021,367.641,597.71,697.772,0,0,1,0.2,481,96.2,483,96.6,500,100,500,100
C4-rep2-tcp,2,tcp,veh-048,500,500,0,100,500,254.196,354.023,665.683,921.84,0,0,1,0.2,485,97,486,97.2,500,100,500,100
C4-rep2-tcp,2,tcp,veh-049,500,500,0,100,500,253.853,345.733,597.608,999.893,0,0,0,0,486,97.2,487,97.4,500,100,500,100
C4-rep2-tcp,2,tcp,veh-050,500,500,0,100,500,255.692,347.934,661.58,873.3,0,0,0,0,486,97.2,489,97.8,500,100,500,100
C4-rep2-tcp,2,tcp,veh-051,500,500,0,100,500,252.077,347.774,608.015,951.989,0,0,0,0,489,97.8,492,98.4,500,100,500,100
C4-rep2-tcp,2,tcp,veh-052,500,500,0,100,500,257.913,359.926,621.931,1021.815,0,0,0,0,486,97.2,489,97.8,499,99.8,500,100
C4-rep2-tcp,2,tcp,veh-053,500,500,0,100,500,255.816,357.71,553.911,709.741,0,0,1,0.2,486,97.2,491,98.2,500,100,500,100
C4-rep2-tcp,2,tcp,veh-054,500,500,0,100,500,255.851,367.855,609.729,895.715,0,0,3,0.6,479,95.8,482,96.4,500,100,500,100
C4-rep2-tcp,2,tcp,veh-055,500,500,0,100,500,251.801,349.732,543.792,871.928,0,0,0,0,489,97.8,490,98,500,100,500,100
C4-rep2-tcp,2,tcp,veh-056,500,500,0,100,500,253.727,361.773,609.63,640.104,0,0,0,0,482,96.4,485,97,500,100,500,100
C4-rep2-tcp,2,tcp,veh-057,500,500,0,100,500,255.638,353.877,582.232,721.812,0,0,0,0,488,97.6,490,98,500,100,500,100
C4-rep2-tcp,2,tcp,veh-058,500,500,0,100,500,251.822,355,569.81,645.967,0,0,0,0,485,97,489,97.8,500,100,500,100
C4-rep2-tcp,2,tcp,veh-059,500,500,0,100,500,251.587,359.836,629.7,1417.952,0,0,0,0,484,96.8,487,97.4,499,99.8,500,100
C4-rep2-tcp,2,tcp,veh-060,500,500,0,100,500,251.917,355.943,638.134,1007.653,0,0,0,0,489,97.8,489,97.8,499,99.8,500,100
C4-rep2-tcp,2,tcp,veh-061,500,500,0,100,500,251.794,347.908,636.118,707.678,0,0,0,0,486,97.2,488,97.6,500,100,500,100
C4-rep2-tcp,2,tcp,veh-062,500,500,0,100,500,253.376,355.659,651.988,915.742,0,0,1,0.2,485,97,486,97.2,500,100,500,100
C4-rep2-tcp,2,tcp,veh-063,500,500,0,100,500,257.66,357.25,619.884,1017.989,0,0,0,0,489,97.8,489,97.8,499,99.8,500,100
C4-rep2-tcp,2,tcp,veh-064,500,500,0,100,500,254.237,359.569,585.957,843.782,0,0,0,0,487,97.4,489,97.8,500,100,500,100
C4-rep2-tcp,2,tcp,veh-065,500,500,0,100,500,252.006,349.755,625.862,869.983,0,0,0,0,488,97.6,489,97.8,500,100,500,100
C4-rep2-tcp,2,tcp,veh-066,500,500,0,100,500,254.982,371.906,585.773,837.76,0,0,1,0.2,481,96.2,483,96.6,500,100,500,100
C4-rep2-tcp,2,tcp,veh-067,500,500,0,100,500,250.095,359.74,598.011,705.92,0,0,0,0,490,98,491,98.2,500,100,500,100
C4-rep2-tcp,2,tcp,veh-068,500,500,0,100,500,253.795,359.585,591.785,1051.719,0,0,1,0.2,484,96.8,488,97.6,499,99.8,500,100
C4-rep2-tcp,2,tcp,veh-069,500,500,0,100,500,255.578,357.898,607.958,834.014,0,0,0,0,482,96.4,491,98.2,500,100,500,100
C4-rep2-tcp,2,tcp,veh-070,500,500,0,100,500,253.964,355.916,595.475,897.816,0,0,0,0,488,97.6,492,98.4,500,100,500,100
C4-rep2-tcp,2,tcp,veh-071,500,500,0,100,500,257.706,347.752,578.648,819.025,0,0,0,0,486,97.2,487,97.4,500,100,500,100
C4-rep2-tcp,2,tcp,veh-072,500,500,0,100,500,249.704,371.843,611.822,938.462,0,0,0,0,482,96.4,486,97.2,500,100,500,100
C4-rep2-tcp,2,tcp,veh-073,500,500,0,100,500,257.926,361.861,597.873,869.001,0,0,0,0,486,97.2,488,97.6,500,100,500,100
C4-rep2-tcp,2,tcp,veh-074,500,500,0,100,500,253.686,355.69,649.832,921.798,0,0,0,0,484,96.8,485,97,500,100,500,100
C4-rep2-tcp,2,tcp,veh-075,500,500,0,100,500,256.032,357.519,634.075,1549.886,0,0,0,0,483,96.6,486,97.2,499,99.8,500,100
C4-rep2-tcp,2,tcp,veh-076,500,500,0,100,500,257.895,352.659,667.665,1073.906,0,0,1,0.2,488,97.6,490,98,498,99.6,500,100
C4-rep2-tcp,2,tcp,veh-077,500,500,0,100,500,255.797,351.782,578.693,1645.866,0,0,0,0,489,97.8,491,98.2,499,99.8,500,100
C4-rep2-tcp,2,tcp,veh-078,500,500,0,100,500,255.817,344.111,532.056,1047.285,0,0,0,0,491,98.2,492,98.4,499,99.8,500,100
C4-rep2-tcp,2,tcp,veh-079,500,500,0,100,500,256.257,352.583,595.901,1047.742,0,0,0,0,487,97.4,490,98,499,99.8,500,100
C4-rep2-tcp,2,tcp,veh-080,500,500,0,100,500,255.995,374.633,601.707,651.694,0,0,0,0,485,97,488,97.6,500,100,500,100
C4-rep2-tcp,2,tcp,veh-081,500,500,0,100,500,257.766,352.138,545.714,723.843,0,0,0,0,490,98,494,98.8,500,100,500,100
C4-rep2-tcp,2,tcp,veh-082,500,500,0,100,500,249.688,356.058,629.638,1039.88,0,0,0,0,482,96.4,486,97.2,499,99.8,500,100
C4-rep2-tcp,2,tcp,veh-083,500,500,0,100,500,253.662,359.67,589.457,676.177,0,0,0,0,487,97.4,490,98,500,100,500,100
C4-rep2-tcp,2,tcp,veh-084,500,500,0,100,500,259.137,361.835,590.726,909.786,0,0,1,0.2,486,97.2,488,97.6,500,100,500,100
C4-rep2-tcp,2,tcp,veh-085,500,500,0,100,500,257.415,347.249,597.61,693.828,0,0,0,0,487,97.4,489,97.8,500,100,500,100
C4-rep2-tcp,2,tcp,veh-086,500,500,0,100,500,259.6,365.882,621.903,721.772,0,0,0,0,482,96.4,484,96.8,500,100,500,100
C4-rep2-tcp,2,tcp,veh-087,500,500,0,100,500,256.486,361.694,595.769,753.84,0,0,0,0,485,97,486,97.2,500,100,500,100
C4-rep2-tcp,2,tcp,veh-088,500,500,0,100,500,259.522,357.889,585.753,687.785,0,0,0,0,487,97.4,489,97.8,500,100,500,100
C4-rep2-tcp,2,tcp,veh-089,500,500,0,100,500,255.982,361.887,529.732,979.588,0,0,0,0,488,97.6,490,98,500,100,500,100
C4-rep2-tcp,2,tcp,veh-090,500,500,0,100,500,259.624,360.012,606.851,1075.586,0,0,2,0.4,484,96.8,487,97.4,499,99.8,500,100
C4-rep2-tcp,2,tcp,veh-091,500,500,0,100,500,253.953,363.098,621.852,837.673,0,0,1,0.2,485,97,486,97.2,500,100,500,100
C4-rep2-tcp,2,tcp,veh-092,500,500,0,100,500,259.838,359.77,621.91,937.769,0,0,0,0,488,97.6,489,97.8,500,100,500,100
C4-rep2-tcp,2,tcp,veh-093,500,500,0,100,500,255.733,349.589,617.674,789.799,0,0,0,0,490,98,492,98.4,500,100,500,100
C4-rep2-tcp,2,tcp,veh-094,500,500,0,100,500,259.897,359.748,581.708,743.698,0,0,1,0.2,484,96.8,486,97.2,500,100,500,100
C4-rep2-tcp,2,tcp,veh-095,500,500,0,100,500,255.964,359.968,621.795,995.869,0,0,0,0,485,97,488,97.6,500,100,500,100
C4-rep2-tcp,2,tcp,veh-096,500,500,0,100,500,255.744,351.914,571.957,667.194,0,0,0,0,491,98.2,493,98.6,500,100,500,100
C4-rep2-tcp,2,tcp,veh-097,500,500,0,100,500,249.878,350.005,611.825,749.669,0,0,1,0.2,487,97.4,489,97.8,500,100,500,100
C4-rep2-tcp,2,tcp,veh-098,500,500,0,100,500,253.952,357.856,693.87,1739.691,0,0,1,0.2,485,97,485,97,497,99.4,500,100
C4-rep2-tcp,2,tcp,veh-099,500,500,0,100,500,259.277,351.998,639.862,923.921,0,0,1,0.2,488,97.6,490,98,500,100,500,100
C4-rep2-tcp,2,tcp,veh-100,500,500,0,100,500,255.776,343.927,615.662,979.624,0,0,0,0,489,97.8,489,97.8,500,100,500,100
C4-rep2-mqtt,2,mqtt,veh-001,500,500,0,100,500,161.818,188.96,543.775,2771.388,25,5,62,12.4,475,95,475,95,499,99.8,500,100
C4-rep2-mqtt,2,mqtt,veh-002,500,500,0,100,500,163.265,186.034,551.899,907.659,25,5,58,11.6,478,95.6,482,96.4,500,100,500,100
C4-rep2-mqtt,2,mqtt,veh-003,500,500,0,100,500,159.907,460.059,549.662,1668.033,26,5.2,58,11.6,474,94.8,478,95.6,497,99.4,500,100
C4-rep2-mqtt,2,mqtt,veh-004,500,500,0,100,500,162.314,488.392,552.705,917.107,26,5.2,53,10.6,473,94.6,475,95,500,100,500,100
C4-rep2-mqtt,2,mqtt,veh-005,500,500,0,100,500,161.796,409.077,543.727,569.893,22,4.4,59,11.8,474,94.8,478,95.6,500,100,500,100
C4-rep2-mqtt,2,mqtt,veh-006,500,500,0,100,500,160.872,197.544,543.967,889.844,21,4.2,62,12.4,475,95,475,95,500,100,500,100
C4-rep2-mqtt,2,mqtt,veh-007,500,500,0,100,500,161.895,191.771,547.781,901.951,23,4.6,59,11.8,478,95.6,482,96.4,500,100,500,100
C4-rep2-mqtt,2,mqtt,veh-008,500,500,0,100,500,161.836,521.875,556.203,1675.723,33,6.6,67,13.4,465,93,471,94.2,499,99.8,500,100
C4-rep2-mqtt,2,mqtt,veh-009,500,500,0,100,500,162.081,189.861,545.888,929.674,22,4.4,61,12.2,476,95.2,480,96,500,100,500,100
C4-rep2-mqtt,2,mqtt,veh-010,500,500,0,100,500,161.654,501.918,604.173,2663.673,30,6,68,13.6,468,93.6,474,94.8,498,99.6,500,100
C4-rep2-mqtt,2,mqtt,veh-011,500,500,0,100,500,161.616,506.484,561.778,1662.663,28,5.6,58,11.6,471,94.2,474,94.8,498,99.6,500,100
C4-rep2-mqtt,2,mqtt,veh-012,500,500,0,100,500,161.795,510.442,847.937,1659.23,36,7.2,68,13.6,468,93.6,472,94.4,498,99.6,500,100
C4-rep2-mqtt,2,mqtt,veh-013,500,500,0,100,500,161.052,516.453,551.724,3180.309,39,7.8,67,13.4,467,93.4,472,94.4,498,99.6,500,100
C4-rep2-mqtt,2,mqtt,veh-014,500,500,0,100,500,161.841,511.524,559.723,1713.797,31,6.2,70,14,468,93.6,471,94.2,498,99.6,500,100
C4-rep2-mqtt,2,mqtt,veh-015,500,500,0,100,500,161.807,493.893,544.286,1594.929,23,4.6,66,13.2,471,94.2,477,95.4,499,99.8,500,100
C4-rep2-mqtt,2,mqtt,veh-016,500,500,0,100,500,161.987,511.699,550.793,928.857,20,4,60,12,469,93.8,473,94.6,500,100,500,100
C4-rep2-mqtt,2,mqtt,veh-017,500,500,0,100,500,160.649,515.952,561.638,1585.663,28,5.6,59,11.8,468,93.6,471,94.2,499,99.8,500,100
C4-rep2-mqtt,2,mqtt,veh-018,500,500,0,100,500,160.044,513.292,546.214,1621.701,26,5.2,62,12.4,468,93.6,472,94.4,499,99.8,500,100
C4-rep2-mqtt,2,mqtt,veh-019,500,500,0,100,500,161.638,188.164,551.844,890.015,22,4.4,52,10.4,478,95.6,480,96,500,100,500,100
C4-rep2-mqtt,2,mqtt,veh-020,500,500,0,100,500,159.826,500.358,549.868,3180.891,31,6.2,63,12.6,472,94.4,474,94.8,497,99.4,500,100
C4-rep2-mqtt,2,mqtt,veh-021,500,500,0,100,500,162.023,510.763,549.898,1305.961,27,5.4,68,13.6,467,93.4,473,94.6,499,99.8,500,100
C4-rep2-mqtt,2,mqtt,veh-022,500,500,0,100,500,161.658,499.584,549.88,1701.779,32,6.4,67,13.4,466,93.2,475,95,498,99.6,500,100
C4-rep2-mqtt,2,mqtt,veh-023,500,500,0,100,500,159.738,525.923,879.71,1657.904,36,7.2,71,14.2,466,93.2,470,94,497,99.4,500,100
C4-rep2-mqtt,2,mqtt,veh-024,500,500,0,100,500,163.372,193.807,549.187,909.45,23,4.6,62,12.4,476,95.2,480,96,500,100,500,100
C4-rep2-mqtt,2,mqtt,veh-025,500,500,0,100,500,159.908,502.845,879.708,1686.84,26,5.2,68,13.6,472,94.4,474,94.8,499,99.8,500,100
C4-rep2-mqtt,2,mqtt,veh-026,500,500,0,100,500,161.827,469.787,543.718,2775.679,26,5.2,62,12.4,473,94.6,476,95.2,499,99.8,500,100
C4-rep2-mqtt,2,mqtt,veh-027,500,500,0,100,500,159.828,491.722,555.825,3169.091,35,7,73,14.6,472,94.4,476,95.2,496,99.2,500,100
C4-rep2-mqtt,2,mqtt,veh-028,500,500,0,100,500,161.801,515.772,857.97,2821.666,38,7.6,75,15,467,93.4,470,94,499,99.8,500,100
C4-rep2-mqtt,2,mqtt,veh-029,500,500,0,100,500,161.801,510.697,545.891,1576.963,25,5,61,12.2,470,94,472,94.4,499,99.8,500,100
C4-rep2-mqtt,2,mqtt,veh-030,500,500,0,100,500,161.814,201.899,541.604,1632.924,23,4.6,58,11.6,476,95.2,478,95.6,498,99.6,500,100
C4-rep2-mqtt,2,mqtt,veh-031,500,500,0,100,500,161.785,187.667,544.289,1319.259,21,4.2,56,11.2,479,95.8,481,96.2,499,99.8,500,100
C4-rep2-mqtt,2,mqtt,veh-032,500,500,0,100,500,161.306,190.025,543.96,1612.187,23,4.6,61,12.2,478,95.6,481,96.2,499,99.8,500,100
C4-rep2-mqtt,2,mqtt,veh-033,500,500,0,100,500,161.839,517.82,551.986,1619.925,28,5.6,69,13.8,466,93.2,469,93.8,499,99.8,500,100
C4-rep2-mqtt,2,mqtt,veh-034,500,500,0,100,500,159.934,401.606,547.616,1262.483,24,4.8,56,11.2,474,94.8,479,95.8,499,99.8,500,100
C4-rep2-mqtt,2,mqtt,veh-035,500,500,0,100,500,161.676,502.136,547.801,1655.829,22,4.4,64,12.8,474,94.8,474,94.8,498,99.6,500,100
C4-rep2-mqtt,2,mqtt,veh-036,500,500,0,100,500,159.895,525.912,553.795,1657.607,26,5.2,56,11.2,468,93.6,471,94.2,499,99.8,500,100
C4-rep2-mqtt,2,mqtt,veh-037,500,500,0,100,500,163.749,193.675,542.041,897.67,28,5.6,55,11,478,95.6,481,96.2,500,100,500,100
C4-rep2-mqtt,2,mqtt,veh-038,500,500,0,100,500,159.899,520.019,545.863,1661.778,20,4,66,13.2,470,94,472,94.4,499,99.8,500,100
C4-rep2-mqtt,2,mqtt,veh-039,500,500,0,100,500,159.924,519.335,883.767,1675.722,33,6.6,71,14.2,463,92.6,465,93,498,99.6,500,100
C4-rep2-mqtt,2,mqtt,veh-040,500,500,0,100,500,159.973,500.057,555.861,1571.588,27,5.4,60,12,471,94.2,474,94.8,499,99.8,500,100
C4-rep2-mqtt,2,mqtt,veh-041,500,500,0,100,500,161.619,192.116,547.916,1649.89,23,4.6,57,11.4,477,95.4,479,95.8,498,99.6,500,100
C4-rep2-mqtt,2,mqtt,veh-042,500,500,0,100,500,161.838,509.512,545.522,885.641,25,5,62,12.4,465,93,468,93.6,500,100,500,100
C4-rep2-mqtt,2,mqtt,veh-043,500,500,0,100,500,161.352,285.34,553.25,906.123,18,3.6,57,11.4,475,95,479,95.8,500,100,500,100
C4-rep2-mqtt,2,mqtt,veh-044,500,500,0,100,500,162.233,491.877,556.012,1281.756,22,4.4,59,11.8,474,94.8,476,95.2,499,99.8,500,100
C4-rep2-mqtt,2,mqtt,veh-045,500,500,0,100,500,161.887,298.223,541.817,917.856,23,4.6,53,10.6,475,95,478,95.6,500,100,500,100
C4-rep2-mqtt,2,mqtt,veh-046,500,500,0,100,500,163.735,189.982,553.732,924.677,26,5.2,55,11,479,95.8,481,96.2,500,100,500,100
C4-rep2-mqtt,2,mqtt,veh-047,500,500,0,100,500,161.617,503.638,547.727,913.665,23,4.6,59,11.8,471,94.2,474,94.8,500,100,500,100
C4-rep2-mqtt,2,mqtt,veh-048,500,500,0,100,500,161.856,189.791,553.931,917.637,22,4.4,56,11.2,477,95.4,478,95.6,500,100,500,100
C4-rep2-mqtt,2,mqtt,veh-049,500,500,0,100,500,161.955,526.668,547.809,1265.654,29,5.8,70,14,466,93.2,467,93.4,499,99.8,500,100
C4-rep2-mqtt,2,mqtt,veh-050,500,500,0,100,500,161.819,507.74,553.961,1689.464,34,6.8,69,13.8,469,93.8,474,94.8,497,99.4,500,100
C4-rep2-mqtt,2,mqtt,veh-051,500,500,0,100,500,159.955,505.147,891.968,1692.564,33,6.6,67,13.4,469,93.8,471,94.2,497,99.4,500,100
C4-rep2-mqtt,2,mqtt,veh-052,500,500,0,100,500,161.133,490.184,876.037,913.664,27,5.4,67,13.4,470,94,476,95.2,500,100,500,100
C4-rep2-mqtt,2,mqtt,veh-053,500,500,0,100,500,161.592,185.831,542.635,893.705,25,5,53,10.6,477,95.4,479,95.8,500,100,500,100
C4-rep2-mqtt,2,mqtt,veh-054,500,500,0,100,500,161.395,499.589,545.83,1697.827,24,4.8,65,13,470,94,475,95,499,99.8,500,100
C4-rep2-mqtt,2,mqtt,veh-055,500,500,0,100,500,161.149,183.93,539.733,904.244,18,3.6,50,10,482,96.4,484,96.8,500,100,500,100
C4-rep2-mqtt,2,mqtt,veh-056,500,500,0,100,500,159.904,487.943,547.798,1663.915,21,4.2,56,11.2,472,94.4,476,95.2,499,99.8,500,100
C4-rep2-mqtt,2,mqtt,veh-057,500,500,0,100,500,160.502,282.172,561.805,1635.906,26,5.2,59,11.8,475,95,477,95.4,499,99.8,500,100
C4-rep2-mqtt,2,mqtt,veh-058,500,500,0,100,500,161.507,487.629,557.904,1629.712,31,6.2,60,12,473,94.6,478,95.6,497,99.4,500,100
C4-rep2-mqtt,2,mqtt,veh-059,500,500,0,100,500,163.228,500.602,539.741,902.997,19,3.8,62,12.4,469,93.8,474,94.8,500,100,500,100
C4-rep2-mqtt,2,mqtt,veh-060,500,500,0,100,500,161.66,435.919,543.778,1673.945,20,4,61,12.2,474,94.8,478,95.6,499,99.8,500,100
C4-rep2-mqtt,2,mqtt,veh-061,500,500,0,100,500,161.809,399.712,545.803,889.861,25,5,53,10.6,475,95,477,95.4,500,100,500,100
C4-rep2-mqtt,2,mqtt,veh-062,500,500,0,100,500,159.919,509.872,875.832,1313.949,29,5.8,67,13.4,468,93.6,472,94.4,498,99.6,500,100
C4-rep2-mqtt,2,mqtt,veh-063,500,500,0,100,500,161.829,513.441,542.794,1617.843,24,4.8,60,12,471,94.2,473,94.6,499,99.8,500,100
C4-rep2-mqtt,2,mqtt,veh-064,500,500,0,100,500,160.046,507.939,557.277,2753.989,38,7.6,73,14.6,466,93.2,473,94.6,498,99.6,500,100
C4-rep2-mqtt,2,mqtt,veh-065,500,500,0,100,500,162.343,186.014,535.748,901.947,24,4.8,54,10.8,483,96.6,485,97,500,100,500,100
C4-rep2-mqtt,2,mqtt,veh-066,500,500,0,100,500,161.828,509.617,547.816,911.675,25,5,59,11.8,469,93.8,470,94,500,100,500,100
C4-rep2-mqtt,2,mqtt,veh-067,500,500,0,100,500,163.675,191.287,555.831,2866.609,24,4.8,53,10.6,476,95.2,478,95.6,499,99.8,500,100
C4-rep2-mqtt,2,mqtt,veh-068,500,500,0,100,500,161.838,483.85,867.956,1289.148,26,5.2,63,12.6,472,94.4,477,95.4,499,99.8,500,100
C4-rep2-mqtt,2,mqtt,veh-069,500,500,0,100,500,162.036,191.729,549.867,1301.576,22,4.4,59,11.8,477,95.4,477,95.4,499,99.8,500,100
C4-rep2-mqtt,2,mqtt,veh-070,500,500,0,100,500,161.854,494.184,553.593,1605.691,24,4.8,59,11.8,474,94.8,475,95,499,99.8,500,100
C4-rep2-mqtt,2,mqtt,veh-071,500,500,0,100,500,161.715,525.568,550.941,925.377,35,7,70,14,463,92.6,469,93.8,500,100,500,100
C4-rep2-mqtt,2,mqtt,veh-072,500,500,0,100,500,161.844,191.852,546.064,889.802,27,5.4,59,11.8,477,95.4,479,95.8,500,100,500,100
C4-rep2-mqtt,2,mqtt,veh-073,500,500,0,100,500,161.889,501.953,553.909,1629.464,30,6,71,14.2,468,93.6,474,94.8,499,99.8,500,100
C4-rep2-mqtt,2,mqtt,veh-074,500,500,0,100,500,161.833,511.924,545.862,553.357,16,3.2,56,11.2,470,94,470,94,500,100,500,100
C4-rep2-mqtt,2,mqtt,veh-075,500,500,0,100,500,161.348,515.016,553.954,915.553,25,5,69,13.8,467,93.4,471,94.2,500,100,500,100
C4-rep2-mqtt,2,mqtt,veh-076,500,500,0,100,500,161.83,473.263,563.923,3143.036,25,5,64,12.8,474,94.8,476,95.2,499,99.8,500,100
C4-rep2-mqtt,2,mqtt,veh-077,500,500,0,100,500,161.843,467.948,889.838,1571.781,29,5.8,62,12.4,474,94.8,478,95.6,498,99.6,500,100
C4-rep2-mqtt,2,mqtt,veh-078,500,500,0,100,500,163.536,481.976,548.265,1656.529,24,4.8,59,11.8,470,94,476,95.2,499,99.8,500,100
C4-rep2-mqtt,2,mqtt,veh-079,500,500,0,100,500,160.9,521.337,867.721,1255.712,25,5,61,12.2,468,93.6,469,93.8,499,99.8,500,100
C4-rep2-mqtt,2,mqtt,veh-080,500,500,0,100,500,161.819,487.802,555.846,1647.614,22,4.4,64,12.8,473,94.6,476,95.2,499,99.8,500,100
C4-rep2-mqtt,2,mqtt,veh-081,500,500,0,100,500,159.761,521.677,911.741,1653.676,36,7.2,71,14.2,464,92.8,466,93.2,499,99.8,500,100
C4-rep2-mqtt,2,mqtt,veh-082,500,500,0,100,500,161.812,190.209,537.971,893.926,20,4,58,11.6,477,95.4,479,95.8,500,100,500,100
C4-rep2-mqtt,2,mqtt,veh-083,500,500,0,100,500,161.32,509.803,881.683,1258.785,27,5.4,65,13,469,93.8,472,94.4,499,99.8,500,100
C4-rep2-mqtt,2,mqtt,veh-084,500,500,0,100,500,161.796,495.879,891.568,1614.079,24,4.8,72,14.4,470,94,475,95,498,99.6,500,100
C4-rep2-mqtt,2,mqtt,veh-085,500,500,0,100,500,159.978,505.767,545.646,905.925,24,4.8,60,12,471,94.2,473,94.6,500,100,500,100
C4-rep2-mqtt,2,mqtt,veh-086,500,500,0,100,500,161.807,189.858,543.762,895.055,22,4.4,59,11.8,477,95.4,482,96.4,500,100,500,100
C4-rep2-mqtt,2,mqtt,veh-087,500,500,0,100,500,161.985,509.967,553.688,1337.972,29,5.8,63,12.6,468,93.6,472,94.4,499,99.8,500,100
C4-rep2-mqtt,2,mqtt,veh-088,500,500,0,100,500,162.034,511.818,553.928,641.535,24,4.8,64,12.8,467,93.4,471,94.2,500,100,500,100
C4-rep2-mqtt,2,mqtt,veh-089,500,500,0,100,500,162.675,501.651,547.969,901.972,26,5.2,56,11.2,471,94.2,474,94.8,500,100,500,100
C4-rep2-mqtt,2,mqtt,veh-090,500,500,0,100,500,161.814,517.136,557.76,1237.7,26,5.2,63,12.6,469,93.8,473,94.6,499,99.8,500,100
C4-rep2-mqtt,2,mqtt,veh-091,500,500,0,100,500,161.088,193.651,545.858,2737.015,31,6.2,64,12.8,477,95.4,480,96,497,99.4,500,100
C4-rep2-mqtt,2,mqtt,veh-092,500,500,0,100,500,161.77,187.595,541.879,935.745,22,4.4,55,11,480,96,480,96,500,100,500,100
C4-rep2-mqtt,2,mqtt,veh-093,500,500,0,100,500,161.621,482.87,548.946,917.857,22,4.4,63,12.6,473,94.6,480,96,500,100,500,100
C4-rep2-mqtt,2,mqtt,veh-094,500,500,0,100,500,162.072,485.814,541.704,3035.974,24,4.8,62,12.4,474,94.8,477,95.4,499,99.8,500,100
C4-rep2-mqtt,2,mqtt,veh-095,500,500,0,100,500,159.749,496.702,881.823,6002.047,40,8,81,16.2,471,94.2,475,95,498,99.6,499,99.8
C4-rep2-mqtt,2,mqtt,veh-096,500,500,0,100,500,158.54,521.695,891.284,3189.412,48,9.6,86,17.2,464,92.8,467,93.4,497,99.4,500,100
C4-rep2-mqtt,2,mqtt,veh-097,500,500,0,100,500,159.936,491.764,547.853,886.007,22,4.4,58,11.6,473,94.6,476,95.2,500,100,500,100
C4-rep2-mqtt,2,mqtt,veh-098,500,500,0,100,500,161.751,511.73,557.599,913.785,26,5.2,64,12.8,469,93.8,471,94.2,500,100,500,100
C4-rep2-mqtt,2,mqtt,veh-099,500,500,0,100,500,159.734,485.701,545.723,1303.795,23,4.6,54,10.8,472,94.4,476,95.2,499,99.8,500,100
C4-rep2-mqtt,2,mqtt,veh-100,500,500,0,100,500,161.823,524.132,889.875,1643.932,38,7.6,71,14.2,466,93.2,469,93.8,497,99.4,500,100
C4-rep2-udp,2,udp,veh-001,500,492,8,98.4,492,104.353,170.028,180.539,203.842,234,46.8,301,60.2,492,98.4,492,98.4,492,98.4,492,98.4
C4-rep2-udp,2,udp,veh-002,500,494,6,98.8,494,109.668,171.709,179.894,186.122,214,42.8,298,59.6,494,98.8,494,98.8,494,98.8,494,98.8
C4-rep2-udp,2,udp,veh-003,500,492,8,98.4,492,98.155,172.086,181.782,189.574,258,51.6,318,63.6,492,98.4,492,98.4,492,98.4,492,98.4
C4-rep2-udp,2,udp,veh-004,500,492,8,98.4,492,101.633,169.901,179.813,181.662,243,48.6,320,64,492,98.4,492,98.4,492,98.4,492,98.4
C4-rep2-udp,2,udp,veh-005,500,491,9,98.2,491,101.945,170.733,179.869,183.763,235,47,309,61.8,491,98.2,491,98.2,491,98.2,491,98.2
C4-rep2-udp,2,udp,veh-006,500,491,9,98.2,491,105.257,169.922,178.843,180.357,235,47,299,59.8,491,98.2,491,98.2,491,98.2,491,98.2
C4-rep2-udp,2,udp,veh-007,500,491,9,98.2,491,102.483,171.251,179.663,181.956,238,47.6,307,61.4,491,98.2,491,98.2,491,98.2,491,98.2
C4-rep2-udp,2,udp,veh-008,500,494,6,98.8,494,107.653,169.912,179.109,184.592,223,44.6,306,61.2,494,98.8,494,98.8,494,98.8,494,98.8
C4-rep2-udp,2,udp,veh-009,500,492,8,98.4,492,103.97,167.94,177.709,207.854,233,46.6,312,62.4,492,98.4,492,98.4,492,98.4,492,98.4
C4-rep2-udp,2,udp,veh-010,500,493,7,98.6,493,99.911,172.379,183.779,199.302,247,49.4,314,62.8,493,98.6,493,98.6,493,98.6,493,98.6
C4-rep2-udp,2,udp,veh-011,500,492,8,98.4,492,101.934,169.76,178.282,189.593,238,47.6,315,63,492,98.4,492,98.4,492,98.4,492,98.4
C4-rep2-udp,2,udp,veh-012,500,490,10,98,490,101.63,169.805,179.241,207.928,241,48.2,324,64.8,490,98,490,98,490,98,490,98
C4-rep2-udp,2,udp,veh-013,500,494,6,98.8,494,104.701,171.812,183.857,186.067,235,47,309,61.8,494,98.8,494,98.8,494,98.8,494,98.8
C4-rep2-udp,2,udp,veh-014,500,494,6,98.8,494,110.002,169.709,179.72,183.897,216,43.2,297,59.4,494,98.8,494,98.8,494,98.8,494,98.8
C4-rep2-udp,2,udp,veh-015,500,493,7,98.6,493,107.717,171.3,179.832,183.854,220,44,300,60,493,98.6,493,98.6,493,98.6,493,98.6
C4-rep2-udp,2,udp,veh-016,500,493,7,98.6,493,106.706,170.984,179.983,202.2,234,46.8,297,59.4,493,98.6,493,98.6,493,98.6,493,98.6
C4-rep2-udp,2,udp,veh-017,500,490,10,98,490,97.605,171.454,179.856,194.149,255,51,313,62.6,490,98,490,98,490,98,490,98
C4-rep2-udp,2,udp,veh-018,500,489,11,97.8,489,99.621,168.328,177.404,190.618,252,50.4,322,64.4,489,97.8,489,97.8,489,97.8,489,97.8
C4-rep2-udp,2,udp,veh-019,500,492,8,98.4,492,105.803,169.639,176.358,181.396,230,46,299,59.8,492,98.4,492,98.4,492,98.4,492,98.4
C4-rep2-udp,2,udp,veh-020,500,489,11,97.8,489,97.798,169.761,179.846,183.788,253,50.6,310,62,489,97.8,489,97.8,489,97.8,489,97.8
C4-rep2-udp,2,udp,veh-021,500,493,7,98.6,493,107.924,169.878,177.755,197.959,218,43.6,301,60.2,493,98.6,493,98.6,493,98.6,493,98.6
C4-rep2-udp,2,udp,veh-022,500,493,7,98.6,493,109.995,171.861,178.655,183.701,215,43,287,57.4,493,98.6,493,98.6,493,98.6,493,98.6
C4-rep2-udp,2,udp,veh-023,500,494,6,98.8,494,109.121,170.71,177.853,180.896,218,43.6,304,60.8,494,98.8,494,98.8,494,98.8,494,98.8
C4-rep2-udp,2,udp,veh-024,500,491,9,98.2,491,101.904,170.89,179.846,196.141,242,48.4,309,61.8,491,98.2,491,98.2,491,98.2,491,98.2
C4-rep2-udp,2,udp,veh-025,500,495,5,99,495,109.667,171.29,179.844,200.134,216,43.2,298,59.6,495,99,495,99,495,99,495,99
C4-rep2-udp,2,udp,veh-026,500,495,5,99,495,109.777,171.683,178.667,183.735,208,41.6,303,60.6,495,99,495,99,495,99,495,99
C4-rep2-udp,2,udp,veh-027,500,487,13,97.4,487,93.731,167.963,179.47,195.725,264,52.8,321,64.2,487,97.4,487,97.4,487,97.4,487,97.4
C4-rep2-udp,2,udp,veh-028,500,492,8,98.4,492,103.87,171.573,180.723,190.229,237,47.4,307,61.4,492,98.4,492,98.4,492,98.4,492,98.4
C4-rep2-udp,2,udp,veh-029,500,495,5,99,495,111.809,171.688,179.613,195.942,207,41.4,286,57.2,495,99,495,99,495,99,495,99
C4-rep2-udp,2,udp,veh-030,500,496,4,99.2,496,110.536,171.551,178.562,187.303,206,41.2,294,58.8,496,99.2,496,99.2,496,99.2,496,99.2
C4-rep2-udp,2,udp,veh-031,500,490,10,98,490,99.645,168.653,177.839,208.86,251,50.2,312,62.4,490,98,490,98,490,98,490,98
C4-rep2-udp,2,udp,veh-032,500,494,6,98.8,494,109.849,170.206,180.458,183.851,223,44.6,297,59.4,494,98.8,494,98.8,494,98.8,494,98.8
C4-rep2-udp,2,udp,veh-033,500,495,5,99,495,111.722,171.757,181.604,186.131,212,42.4,279,55.8,495,99,495,99,495,99,495,99
C4-rep2-udp,2,udp,veh-034,500,493,7,98.6,493,105.839,171.813,181.947,199.699,232,46.4,298,59.6,493,98.6,493,98.6,493,98.6,493,98.6
C4-rep2-udp,2,udp,veh-035,500,494,6,98.8,494,107.744,169.903,178.8,181.644,221,44.2,294,58.8,494,98.8,494,98.8,494,98.8,494,98.8
C4-rep2-udp,2,udp,veh-036,500,493,7,98.6,493,107.698,169.771,178.577,184.335,221,44.2,309,61.8,493,98.6,493,98.6,493,98.6,493,98.6
C4-rep2-udp,2,udp,veh-037,500,489,11,97.8,489,95.609,167.931,179.508,181.917,253,50.6,312,62.4,489,97.8,489,97.8,489,97.8,489,97.8
C4-rep2-udp,2,udp,veh-038,500,499,1,99.8,499,111.822,171.911,180.292,191.72,209,41.8,293,58.6,499,99.8,499,99.8,499,99.8,499,99.8
C4-rep2-udp,2,udp,veh-039,500,491,9,98.2,491,101.75,170.683,179.899,200.128,240,48,306,61.2,491,98.2,491,98.2,491,98.2,491,98.2
C4-rep2-udp,2,udp,veh-040,500,489,11,97.8,489,103.297,171.681,177.917,189.766,238,47.6,293,58.6,489,97.8,489,97.8,489,97.8,489,97.8
C4-rep2-udp,2,udp,veh-041,500,492,8,98.4,492,102.119,169.694,179.845,207.803,235,47,306,61.2,492,98.4,492,98.4,492,98.4,492,98.4
C4-rep2-udp,2,udp,veh-042,500,491,9,98.2,491,100.91,168.446,177.875,207.853,245,49,312,62.4,491,98.2,491,98.2,491,98.2,491,98.2
C4-rep2-udp,2,udp,veh-043,500,489,11,97.8,489,101.694,169.885,181.74,184.977,243,48.6,306,61.2,489,97.8,489,97.8,489,97.8,489,97.8
C4-rep2-udp,2,udp,veh-044,500,493,7,98.6,493,104.937,169.971,177.831,183.864,224,44.8,305,61,493,98.6,493,98.6,493,98.6,493,98.6
C4-rep2-udp,2,udp,veh-045,500,493,7,98.6,493,106.015,170.416,179.823,183.782,223,44.6,298,59.6,493,98.6,493,98.6,493,98.6,493,98.6
C4-rep2-udp,2,udp,veh-046,500,492,8,98.4,492,103.712,169.87,183.622,197.958,228,45.6,314,62.8,492,98.4,492,98.4,492,98.4,492,98.4
C4-rep2-udp,2,udp,veh-047,500,497,3,99.4,497,113.698,169.85,180.363,192.145,213,42.6,286,57.2,497,99.4,497,99.4,497,99.4,497,99.4
C4-rep2-udp,2,udp,veh-048,500,496,4,99.2,496,107.727,171.514,179.775,187.544,219,43.8,301,60.2,496,99.2,496,99.2,496,99.2,496,99.2
C4-rep2-udp,2,udp,veh-049,500,497,3,99.4,497,110.117,171.793,177.914,187.885,209,41.8,295,59,497,99.4,497,99.4,497,99.4,497,99.4
C4-rep2-udp,2,udp,veh-050,500,491,9,98.2,491,102.075,171.439,179.831,187.674,239,47.8,298,59.6,491,98.2,491,98.2,491,98.2,491,98.2
C4-rep2-udp,2,udp,veh-051,500,489,11,97.8,489,97.256,169.664,179.306,186.288,251,50.2,312,62.4,489,97.8,489,97.8,489,97.8,489,97.8
C4-rep2-udp,2,udp,veh-052,500,497,3,99.4,497,111.772,169.841,177.603,192.141,203,40.6,294,58.8,497,99.4,497,99.4,497,99.4,497,99.4
C4-rep2-udp,2,udp,veh-053,500,493,7,98.6,493,104.94,170.917,180.941,189.56,232,46.4,300,60,493,98.6,493,98.6,493,98.6,493,98.6
C4-rep2-udp,2,udp,veh-054,500,494,6,98.8,494,107.702,172.145,183.803,200.344,216,43.2,297,59.4,494,98.8,494,98.8,494,98.8,494,98.8
C4-rep2-udp,2,udp,veh-055,500,493,7,98.6,493,107.509,171.923,179.823,185.791,219,43.8,299,59.8,493,98.6,493,98.6,493,98.6,493,98.6
C4-rep2-udp,2,udp,veh-056,500,493,7,98.6,493,108.745,169.333,175.886,187.137,217,43.4,297,59.4,493,98.6,493,98.6,493,98.6,493,98.6
C4-rep2-udp,2,udp,veh-057,500,491,9,98.2,491,104.939,169.674,175.805,177.852,234,46.8,298,59.6,491,98.2,491,98.2,491,98.2,491,98.2
C4-rep2-udp,2,udp,veh-058,500,496,4,99.2,496,109.82,172.652,180.386,188.112,217,43.4,284,56.8,496,99.2,496,99.2,496,99.2,496,99.2
C4-rep2-udp,2,udp,veh-059,500,492,8,98.4,492,103.254,169.868,179.476,181.627,241,48.2,316,63.2,492,98.4,492,98.4,492,98.4,492,98.4
C4-rep2-udp,2,udp,veh-060,500,490,10,98,490,103.748,167.781,177.927,195.77,232,46.4,298,59.6,490,98,490,98,490,98,490,98
C4-rep2-udp,2,udp,veh-061,500,495,5,99,495,107.904,169.869,181.514,186.577,216,43.2,296,59.2,495,99,495,99,495,99,495,99
C4-rep2-udp,2,udp,veh-062,500,490,10,98,490,99.87,167.935,177.738,182.152,245,49,305,61,490,98,490,98,490,98,490,98
C4-rep2-udp,2,udp,veh-063,500,494,6,98.8,494,110.009,172.013,179.816,188.662,209,41.8,291,58.2,494,98.8,494,98.8,494,98.8,494,98.8
C4-rep2-udp,2,udp,veh-064,500,493,7,98.6,493,109.596,170.221,179.871,189.77,214,42.8,289,57.8,493,98.6,493,98.6,493,98.6,493,98.6
C4-rep2-udp,2,udp,veh-065,500,498,2,99.6,498,108.966,170.767,179.631,186.304,216,43.2,301,60.2,498,99.6,498,99.6,498,99.6,498,99.6
C4-rep2-udp,2,udp,veh-066,500,495,5,99,495,111.419,171.974,181.934,186.028,212,42.4,284,56.8,495,99,495,99,495,99,495,99
C4-rep2-udp,2,udp,veh-067,500,493,7,98.6,493,107.887,170.912,177.961,181.271,218,43.6,292,58.4,493,98.6,493,98.6,493,98.6,493,98.6
C4-rep2-udp,2,udp,veh-068,500,493,7,98.6,493,107.873,169.853,179.233,183.685,220,44,289,57.8,493,98.6,493,98.6,493,98.6,493,98.6
C4-rep2-udp,2,udp,veh-069,500,490,10,98,490,103.823,169.66,180.364,183.801,235,47,308,61.6,490,98,490,98,490,98,490,98
C4-rep2-udp,2,udp,veh-070,500,492,8,98.4,492,106.085,167.819,176.544,183.824,220,44,308,61.6,492,98.4,492,98.4,492,98.4,492,98.4
C4-rep2-udp,2,udp,veh-071,500,491,9,98.2,491,103.622,167.959,177.746,181.738,233,46.6,315,63,491,98.2,491,98.2,491,98.2,491,98.2
C4-rep2-udp,2,udp,veh-072,500,492,8,98.4,492,105.263,171.788,182.984,187.862,231,46.2,306,61.2,492,98.4,492,98.4,492,98.4,492,98.4
C4-rep2-udp,2,udp,veh-073,500,490,10,98,490,96.862,169.114,181.632,188.243,255,51,315,63,490,98,490,98,490,98,490,98
C4-rep2-udp,2,udp,veh-074,500,494,6,98.8,494,101.986,172.531,177.872,189.954,234,46.8,300,60,494,98.8,494,98.8,494,98.8,494,98.8
C4-rep2-udp,2,udp,veh-075,500,496,4,99.2,496,109.799,171.705,181.777,203.824,218,43.6,293,58.6,496,99.2,496,99.2,496,99.2,496,99.2
C4-rep2-udp,2,udp,veh-076,500,495,5,99,495,111.941,172.823,181.724,181.828,214,42.8,288,57.6,495,99,495,99,495,99,495,99
C4-rep2-udp,2,udp,veh-077,500,493,7,98.6,493,103.702,169.337,181.577,192.143,239,47.8,312,62.4,493,98.6,493,98.6,493,98.6,493,98.6
C4-rep2-udp,2,udp,veh-078,500,497,3,99.4,497,108.735,172.828,180.166,185.475,221,44.2,297,59.4,497,99.4,497,99.4,497,99.4,497,99.4
C4-rep2-udp,2,udp,veh-079,500,493,7,98.6,493,105.957,171.746,179.823,191.949,220,44,291,58.2,493,98.6,493,98.6,493,98.6,493,98.6
C4-rep2-udp,2,udp,veh-080,500,497,3,99.4,497,109.994,171.751,181.771,203.8,212,42.4,293,58.6,497,99.4,497,99.4,497,99.4,497,99.4
C4-rep2-udp,2,udp,veh-081,500,495,5,99,495,111.952,171.817,179.798,181.73,205,41,286,57.2,495,99,495,99,495,99,495,99
C4-rep2-udp,2,udp,veh-082,500,490,10,98,490,102.687,169.865,175.825,180.326,235,47,297,59.4,490,98,490,98,490,98,490,98
C4-rep2-udp,2,udp,veh-083,500,492,8,98.4,492,103.888,171.967,179.844,185.941,234,46.8,306,61.2,492,98.4,492,98.4,492,98.4,492,98.4
C4-rep2-udp,2,udp,veh-084,500,495,5,99,495,109.816,173.564,179.622,179.825,216,43.2,296,59.2,495,99,495,99,495,99,495,99
C4-rep2-udp,2,udp,veh-085,500,494,6,98.8,494,111.748,171.106,179.669,185.567,214,42.8,292,58.4,494,98.8,494,98.8,494,98.8,494,98.8
C4-rep2-udp,2,udp,veh-086,500,491,9,98.2,491,97.765,168.849,176.528,187.893,250,50,312,62.4,491,98.2,491,98.2,491,98.2,491,98.2
C4-rep2-udp,2,udp,veh-087,500,494,6,98.8,494,103.809,170.042,181.96,193.889,232,46.4,307,61.4,494,98.8,494,98.8,494,98.8,494,98.8
C4-rep2-udp,2,udp,veh-088,500,494,6,98.8,494,111.436,171.737,179.826,183.458,214,42.8,299,59.8,494,98.8,494,98.8,494,98.8,494,98.8
C4-rep2-udp,2,udp,veh-089,500,495,5,99,495,107.319,171.992,181.78,192.212,227,45.4,303,60.6,495,99,495,99,495,99,495,99
C4-rep2-udp,2,udp,veh-090,500,493,7,98.6,493,103.885,171.495,177.772,190.218,226,45.2,312,62.4,493,98.6,493,98.6,493,98.6,493,98.6
C4-rep2-udp,2,udp,veh-091,500,495,5,99,495,111.913,171.789,180.306,185.956,199,39.8,280,56,495,99,495,99,495,99,495,99
C4-rep2-udp,2,udp,veh-092,500,491,9,98.2,491,100.059,169.861,180.081,184.042,241,48.2,318,63.6,491,98.2,491,98.2,491,98.2,491,98.2
C4-rep2-udp,2,udp,veh-093,500,489,11,97.8,489,98.721,170.729,181.91,200.109,251,50.2,306,61.2,489,97.8,489,97.8,489,97.8,489,97.8
C4-rep2-udp,2,udp,veh-094,500,493,7,98.6,493,105.982,171.759,177.914,179.845,230,46,303,60.6,493,98.6,493,98.6,493,98.6,493,98.6
C4-rep2-udp,2,udp,veh-095,500,494,6,98.8,494,109.791,171.739,177.048,179.833,209,41.8,290,58,494,98.8,494,98.8,494,98.8,494,98.8
C4-rep2-udp,2,udp,veh-096,500,495,5,99,495,109.789,171.214,181.813,189.61,217,43.4,295,59,495,99,495,99,495,99,495,99
C4-rep2-udp,2,udp,veh-097,500,495,5,99,495,107.882,171.724,181.74,185.784,217,43.4,291,58.2,495,99,495,99,495,99,495,99
C4-rep2-udp,2,udp,veh-098,500,490,10,98,490,103.878,169.682,177.925,183.632,232,46.4,315,63,490,98,490,98,490,98,490,98
C4-rep2-udp,2,udp,veh-099,500,489,11,97.8,489,101.773,169.843,177.688,188.773,241,48.2,324,64.8,489,97.8,489,97.8,489,97.8,489,97.8
C4-rep2-udp,2,udp,veh-100,500,491,9,98.2,491,102.976,169.871,179.772,197.224,239,47.8,312,62.4,491,98.2,491,98.2,491,98.2,491,98.2
