condition,transport,corrected_signal_class,attempts,accepted,failed,success_rate_pct,rtt_count,rtt_p50_ms,rtt_p95_ms,rtt_p99_ms,rtt_max_ms,deadline_hits_100ms,deadline_hit_rate_100ms_pct,deadline_hits_120ms,deadline_hit_rate_120ms_pct,deadline_hits_400ms,deadline_hit_rate_400ms_pct,deadline_hits_500ms,deadline_hit_rate_500ms_pct,deadline_hits_1000ms,deadline_hit_rate_1000ms_pct,deadline_hits_5000ms,deadline_hit_rate_5000ms_pct
C1,tcp,medium_typical_deployment,1000,1000,0,100,1000,124.844,150.114,160.265,203.317,8,0.8,316,31.6,1000,100,1000,100,1000,100,1000,100
C1,mqtt,medium_typical_deployment,1000,1000,0,100,1000,30.606,41.994,48.248,109.017,998,99.8,1000,100,1000,100,1000,100,1000,100,1000,100
C1,udp,medium_typical_deployment,1000,1000,0,100,1000,27.524,39.752,44.79,69.956,1000,100,1000,100,1000,100,1000,100,1000,100,1000,100
C2,tcp,medium_typical_deployment,1000,1000,0,100,1000,80.166,100.889,114.052,120.519,914,91.4,998,99.8,1000,100,1000,100,1000,100,1000,100
C2,mqtt,medium_typical_deployment,1000,1000,0,100,1000,51.783,63.062,69.857,138.695,998,99.8,998,99.8,1000,100,1000,100,1000,100,1000,100
C2,udp,medium_typical_deployment,1000,1000,0,100,1000,49.808,59.398,64.308,73.341,1000,100,1000,100,1000,100,1000,100,1000,100,1000,100
C3,tcp,medium_typical_deployment,1000,1000,0,100,1000,330.89,399.674,425.808,738.767,0,0,1,0.1,954,95.4,990,99,1000,100,1000,100
C3,mqtt,medium_typical_deployment,1000,1000,0,100,1000,139.678,169.639,461.654,694.157,63,6.3,198,19.8,987,98.7,996,99.6,1000,100,1000,100
C3,udp,medium_typical_deployment,1000,995,5,99.5,995,139.711,171.522,181.726,229.341,50,5,174,17.4,995,99.5,995,99.5,995,99.5,995,99.5
C4,tcp,medium_typical_deployment,100000,100000,0,100,100000,250.041,355.865,607.557,1739.691,4,0.004,117,0.117,97069,97.069,97644,97.644,99947,99.947,100000,100
C4,mqtt,medium_typical_deployment,100000,100000,0,100,100000,158.693,473.816,553.73,6002.047,6819,6.819,15882,15.882,94802,94.802,95585,95.585,99816,99.816,99999,99.999
C4,udp,medium_typical_deployment,100000,98667,1333,98.667,98667,103.712,170.385,179.781,217.846,47102,47.102,61678,61.678,98667,98.667,98667,98.667,98667,98.667,98667,98.667
