direction,transport,payload_kib,tdd_70_20_10_p50_ms,tdd_40_40_20_p50_ms,change_40_vs_70_p50_percent,tdd_70_20_10_p95_ms,tdd_40_40_20_p95_ms,change_40_vs_70_p95_percent,lower_p50_profile,lower_p95_profile
uplink,tcp,1,41.512945,39.967615,-3.723,53.352346,52.850256,-0.941,40/40/20,40/40/20
uplink,tcp,10,45.887976,62.977436,37.242,57.516029,87.638601,52.372,70/20/10,70/20/10
uplink,tcp,100,85.090573,170.916164,100.864,102.546700,268.866588,162.189,70/20/10,70/20/10
uplink,tcp,500,231.045522,609.651687,163.866,258.200277,1149.368138,345.146,70/20/10,70/20/10
uplink,mqtt,1,39.410640,39.220009,-0.484,46.948241,49.225239,4.850,40/40/20,70/20/10
uplink,mqtt,10,45.537355,59.008534,29.583,55.494058,87.707410,58.048,70/20/10,70/20/10
uplink,mqtt,100,89.214633,172.945942,93.854,109.401968,252.015754,130.358,70/20/10,70/20/10
uplink,mqtt,500,238.606913,580.942430,143.473,267.335946,1104.331145,313.087,70/20/10,70/20/10
downlink,tcp,1,36.001066,38.665915,7.402,45.814312,49.444470,7.924,70/20/10,70/20/10
downlink,tcp,10,37.489315,39.606374,5.647,45.937066,51.623959,12.380,70/20/10,70/20/10
downlink,tcp,100,43.857325,51.373424,17.138,82.670513,95.151658,15.097,70/20/10,70/20/10
downlink,tcp,500,77.743862,101.528618,30.594,93.402703,320.890856,243.556,70/20/10,70/20/10
downlink,mqtt,1,29.662090,29.760022,0.330,40.001163,44.642405,11.603,70/20/10,70/20/10
downlink,mqtt,10,33.210230,34.173628,2.901,44.209682,49.777568,12.594,70/20/10,70/20/10
downlink,mqtt,100,44.550598,49.596444,11.326,83.172034,136.385744,63.980,70/20/10,70/20/10
downlink,mqtt,500,80.492912,86.416599,7.359,97.805806,138.167973,41.268,70/20/10,70/20/10
