direction,transport,payload_kib,previous_mg52_p50_ms,gl_x3000_p50_ms,gl_x3000_p50_change_pct,previous_mg52_p95_ms,gl_x3000_p95_ms,gl_x3000_p95_change_pct
uplink,tcp,1,39.496780,39.967615,1.192,51.497298,52.850256,2.627
uplink,tcp,10,173.309577,62.977436,-63.662,269.703780,87.638601,-67.506
uplink,tcp,100,1535.438540,170.916164,-88.869,1873.187716,268.866588,-85.647
uplink,tcp,500,7856.403572,609.651687,-92.240,8498.014998,1149.368138,-86.475
uplink,mqtt,1,39.610765,39.220009,-0.986,50.274236,49.225239,-2.087
uplink,mqtt,10,191.573953,59.008534,-69.198,285.446510,87.707410,-69.274
uplink,mqtt,100,1577.191239,172.945942,-89.035,2159.129891,252.015754,-88.328
uplink,mqtt,500,7647.557419,580.942430,-92.404,9287.828124,1104.331145,-88.110
downlink,tcp,1,29.609896,38.665915,30.584,69.797222,49.444470,-29.160
downlink,tcp,10,31.660380,39.606374,25.098,49.433345,51.623959,4.431
downlink,tcp,100,51.397559,51.373424,-0.047,89.463445,95.151658,6.358
downlink,tcp,500,139.916870,101.528618,-27.436,263.386677,320.890856,21.833
downlink,mqtt,1,21.538104,29.760022,38.174,39.609562,44.642405,12.706
downlink,mqtt,10,29.637612,34.173628,15.305,45.673036,49.777568,8.987
downlink,mqtt,100,59.480176,49.596444,-16.617,97.518829,136.385744,39.856
downlink,mqtt,500,124.310687,86.416599,-30.483,226.787326,138.167973,-39.076
