sequence,payload_bytes,packet_bytes,success,rtt_ms,origin_send_mono_ns,reply_recv_mono_ns,responder_id,responder_recv_mono_ns,responder_send_mono_ns,detail
1,512,512,false,0.000000,0,0,,0,0,operator_timeout_after_stopped_or_skipped_run
2,512,512,false,0.000000,0,0,,0,0,operator_timeout_after_stopped_or_skipped_run
3,512,512,false,0.000000,0,0,,0,0,operator_timeout_after_stopped_or_skipped_run
4,512,512,false,0.000000,0,0,,0,0,operator_timeout_after_stopped_or_skipped_run
5,512,512,false,0.000000,0,0,,0,0,operator_timeout_after_stopped_or_skipped_run
6,512,512,false,0.000000,0,0,,0,0,operator_timeout_after_stopped_or_skipped_run
7,512,512,false,0.000000,0,0,,0,0,operator_timeout_after_stopped_or_skipped_run
8,512,512,false,0.000000,0,0,,0,0,operator_timeout_after_stopped_or_skipped_run
9,512,512,false,0.000000,0,0,,0,0,operator_timeout_after_stopped_or_skipped_run
10,512,512,false,0.000000,0,0,,0,0,operator_timeout_after_stopped_or_skipped_run
11,512,512,false,0.000000,0,0,,0,0,operator_timeout_after_stopped_or_skipped_run
12,512,512,false,0.000000,0,0,,0,0,operator_timeout_after_stopped_or_skipped_run
13,512,512,false,0.000000,0,0,,0,0,operator_timeout_after_stopped_or_skipped_run
14,512,512,false,0.000000,0,0,,0,0,operator_timeout_after_stopped_or_skipped_run
15,512,512,false,0.000000,0,0,,0,0,operator_timeout_after_stopped_or_skipped_run
16,512,512,false,0.000000,0,0,,0,0,operator_timeout_after_stopped_or_skipped_run
17,512,512,false,0.000000,0,0,,0,0,operator_timeout_after_stopped_or_skipped_run
18,512,512,false,0.000000,0,0,,0,0,operator_timeout_after_stopped_or_skipped_run
19,512,512,false,0.000000,0,0,,0,0,operator_timeout_after_stopped_or_skipped_run
20,512,512,false,0.000000,0,0,,0,0,operator_timeout_after_stopped_or_skipped_run
21,512,512,false,0.000000,0,0,,0,0,operator_timeout_after_stopped_or_skipped_run
22,512,512,false,0.000000,0,0,,0,0,operator_timeout_after_stopped_or_skipped_run
23,512,512,false,0.000000,0,0,,0,0,operator_timeout_after_stopped_or_skipped_run
24,512,512,false,0.000000,0,0,,0,0,operator_timeout_after_stopped_or_skipped_run
25,512,512,false,0.000000,0,0,,0,0,operator_timeout_after_stopped_or_skipped_run
26,512,512,false,0.000000,0,0,,0,0,operator_timeout_after_stopped_or_skipped_run
27,512,512,false,0.000000,0,0,,0,0,operator_timeout_after_stopped_or_skipped_run
28,512,512,false,0.000000,0,0,,0,0,operator_timeout_after_stopped_or_skipped_run
29,512,512,false,0.000000,0,0,,0,0,operator_timeout_after_stopped_or_skipped_run
30,512,512,false,0.000000,0,0,,0,0,operator_timeout_after_stopped_or_skipped_run
31,512,512,false,0.000000,0,0,,0,0,operator_timeout_after_stopped_or_skipped_run
32,512,512,false,0.000000,0,0,,0,0,operator_timeout_after_stopped_or_skipped_run
33,512,512,false,0.000000,0,0,,0,0,operator_timeout_after_stopped_or_skipped_run
34,512,512,false,0.000000,0,0,,0,0,operator_timeout_after_stopped_or_skipped_run
35,512,512,false,0.000000,0,0,,0,0,operator_timeout_after_stopped_or_skipped_run
36,512,512,false,0.000000,0,0,,0,0,operator_timeout_after_stopped_or_skipped_run
37,512,512,false,0.000000,0,0,,0,0,operator_timeout_after_stopped_or_skipped_run
38,512,512,false,0.000000,0,0,,0,0,operator_timeout_after_stopped_or_skipped_run
39,512,512,false,0.000000,0,0,,0,0,operator_timeout_after_stopped_or_skipped_run
40,512,512,false,0.000000,0,0,,0,0,operator_timeout_after_stopped_or_skipped_run
41,512,512,false,0.000000,0,0,,0,0,operator_timeout_after_stopped_or_skipped_run
42,512,512,false,0.000000,0,0,,0,0,operator_timeout_after_stopped_or_skipped_run
43,512,512,false,0.000000,0,0,,0,0,operator_timeout_after_stopped_or_skipped_run
44,512,512,false,0.000000,0,0,,0,0,operator_timeout_after_stopped_or_skipped_run
45,512,512,false,0.000000,0,0,,0,0,operator_timeout_after_stopped_or_skipped_run
46,512,512,false,0.000000,0,0,,0,0,operator_timeout_after_stopped_or_skipped_run
47,512,512,false,0.000000,0,0,,0,0,operator_timeout_after_stopped_or_skipped_run
48,512,512,false,0.000000,0,0,,0,0,operator_timeout_after_stopped_or_skipped_run
49,512,512,false,0.000000,0,0,,0,0,operator_timeout_after_stopped_or_skipped_run
50,512,512,false,0.000000,0,0,,0,0,operator_timeout_after_stopped_or_skipped_run
51,512,512,false,0.000000,0,0,,0,0,operator_timeout_after_stopped_or_skipped_run
52,512,512,false,0.000000,0,0,,0,0,operator_timeout_after_stopped_or_skipped_run
53,512,512,false,0.000000,0,0,,0,0,operator_timeout_after_stopped_or_skipped_run
54,512,512,false,0.000000,0,0,,0,0,operator_timeout_after_stopped_or_skipped_run
55,512,512,false,0.000000,0,0,,0,0,operator_timeout_after_stopped_or_skipped_run
56,512,512,false,0.000000,0,0,,0,0,operator_timeout_after_stopped_or_skipped_run
57,512,512,false,0.000000,0,0,,0,0,operator_timeout_after_stopped_or_skipped_run
58,512,512,false,0.000000,0,0,,0,0,operator_timeout_after_stopped_or_skipped_run
59,512,512,false,0.000000,0,0,,0,0,operator_timeout_after_stopped_or_skipped_run
60,512,512,false,0.000000,0,0,,0,0,operator_timeout_after_stopped_or_skipped_run
61,512,512,false,0.000000,0,0,,0,0,operator_timeout_after_stopped_or_skipped_run
62,512,512,false,0.000000,0,0,,0,0,operator_timeout_after_stopped_or_skipped_run
63,512,512,false,0.000000,0,0,,0,0,operator_timeout_after_stopped_or_skipped_run
64,512,512,false,0.000000,0,0,,0,0,operator_timeout_after_stopped_or_skipped_run
65,512,512,false,0.000000,0,0,,0,0,operator_timeout_after_stopped_or_skipped_run
66,512,512,false,0.000000,0,0,,0,0,operator_timeout_after_stopped_or_skipped_run
67,512,512,false,0.000000,0,0,,0,0,operator_timeout_after_stopped_or_skipped_run
68,512,512,false,0.000000,0,0,,0,0,operator_timeout_after_stopped_or_skipped_run
69,512,512,false,0.000000,0,0,,0,0,operator_timeout_after_stopped_or_skipped_run
70,512,512,false,0.000000,0,0,,0,0,operator_timeout_after_stopped_or_skipped_run
71,512,512,false,0.000000,0,0,,0,0,operator_timeout_after_stopped_or_skipped_run
72,512,512,false,0.000000,0,0,,0,0,operator_timeout_after_stopped_or_skipped_run
73,512,512,false,0.000000,0,0,,0,0,operator_timeout_after_stopped_or_skipped_run
74,512,512,false,0.000000,0,0,,0,0,operator_timeout_after_stopped_or_skipped_run
75,512,512,false,0.000000,0,0,,0,0,operator_timeout_after_stopped_or_skipped_run
76,512,512,false,0.000000,0,0,,0,0,operator_timeout_after_stopped_or_skipped_run
77,512,512,false,0.000000,0,0,,0,0,operator_timeout_after_stopped_or_skipped_run
78,512,512,false,0.000000,0,0,,0,0,operator_timeout_after_stopped_or_skipped_run
79,512,512,false,0.000000,0,0,,0,0,operator_timeout_after_stopped_or_skipped_run
80,512,512,false,0.000000,0,0,,0,0,operator_timeout_after_stopped_or_skipped_run
81,512,512,false,0.000000,0,0,,0,0,operator_timeout_after_stopped_or_skipped_run
82,512,512,false,0.000000,0,0,,0,0,operator_timeout_after_stopped_or_skipped_run
83,512,512,false,0.000000,0,0,,0,0,operator_timeout_after_stopped_or_skipped_run
84,512,512,false,0.000000,0,0,,0,0,operator_timeout_after_stopped_or_skipped_run
85,512,512,false,0.000000,0,0,,0,0,operator_timeout_after_stopped_or_skipped_run
86,512,512,false,0.000000,0,0,,0,0,operator_timeout_after_stopped_or_skipped_run
87,512,512,false,0.000000,0,0,,0,0,operator_timeout_after_stopped_or_skipped_run
88,512,512,false,0.000000,0,0,,0,0,operator_timeout_after_stopped_or_skipped_run
89,512,512,false,0.000000,0,0,,0,0,operator_timeout_after_stopped_or_skipped_run
90,512,512,false,0.000000,0,0,,0,0,operator_timeout_after_stopped_or_skipped_run
91,512,512,false,0.000000,0,0,,0,0,operator_timeout_after_stopped_or_skipped_run
92,512,512,false,0.000000,0,0,,0,0,operator_timeout_after_stopped_or_skipped_run
93,512,512,false,0.000000,0,0,,0,0,operator_timeout_after_stopped_or_skipped_run
94,512,512,false,0.000000,0,0,,0,0,operator_timeout_after_stopped_or_skipped_run
95,512,512,false,0.000000,0,0,,0,0,operator_timeout_after_stopped_or_skipped_run
96,512,512,false,0.000000,0,0,,0,0,operator_timeout_after_stopped_or_skipped_run
97,512,512,false,0.000000,0,0,,0,0,operator_timeout_after_stopped_or_skipped_run
98,512,512,false,0.000000,0,0,,0,0,operator_timeout_after_stopped_or_skipped_run
99,512,512,false,0.000000,0,0,,0,0,operator_timeout_after_stopped_or_skipped_run
100,512,512,false,0.000000,0,0,,0,0,operator_timeout_after_stopped_or_skipped_run
101,512,512,false,0.000000,0,0,,0,0,operator_timeout_after_stopped_or_skipped_run
102,512,512,false,0.000000,0,0,,0,0,operator_timeout_after_stopped_or_skipped_run
103,512,512,false,0.000000,0,0,,0,0,operator_timeout_after_stopped_or_skipped_run
104,512,512,false,0.000000,0,0,,0,0,operator_timeout_after_stopped_or_skipped_run
105,512,512,false,0.000000,0,0,,0,0,operator_timeout_after_stopped_or_skipped_run
106,512,512,false,0.000000,0,0,,0,0,operator_timeout_after_stopped_or_skipped_run
107,512,512,false,0.000000,0,0,,0,0,operator_timeout_after_stopped_or_skipped_run
108,512,512,false,0.000000,0,0,,0,0,operator_timeout_after_stopped_or_skipped_run
109,512,512,false,0.000000,0,0,,0,0,operator_timeout_after_stopped_or_skipped_run
110,512,512,false,0.000000,0,0,,0,0,operator_timeout_after_stopped_or_skipped_run
111,512,512,false,0.000000,0,0,,0,0,operator_timeout_after_stopped_or_skipped_run
112,512,512,false,0.000000,0,0,,0,0,operator_timeout_after_stopped_or_skipped_run
113,512,512,false,0.000000,0,0,,0,0,operator_timeout_after_stopped_or_skipped_run
114,512,512,false,0.000000,0,0,,0,0,operator_timeout_after_stopped_or_skipped_run
115,512,512,false,0.000000,0,0,,0,0,operator_timeout_after_stopped_or_skipped_run
116,512,512,false,0.000000,0,0,,0,0,operator_timeout_after_stopped_or_skipped_run
117,512,512,false,0.000000,0,0,,0,0,operator_timeout_after_stopped_or_skipped_run
118,512,512,false,0.000000,0,0,,0,0,operator_timeout_after_stopped_or_skipped_run
119,512,512,false,0.000000,0,0,,0,0,operator_timeout_after_stopped_or_skipped_run
120,512,512,false,0.000000,0,0,,0,0,operator_timeout_after_stopped_or_skipped_run
121,512,512,false,0.000000,0,0,,0,0,operator_timeout_after_stopped_or_skipped_run
122,512,512,false,0.000000,0,0,,0,0,operator_timeout_after_stopped_or_skipped_run
123,512,512,false,0.000000,0,0,,0,0,operator_timeout_after_stopped_or_skipped_run
124,512,512,false,0.000000,0,0,,0,0,operator_timeout_after_stopped_or_skipped_run
125,512,512,false,0.000000,0,0,,0,0,operator_timeout_after_stopped_or_skipped_run
126,512,512,false,0.000000,0,0,,0,0,operator_timeout_after_stopped_or_skipped_run
127,512,512,false,0.000000,0,0,,0,0,operator_timeout_after_stopped_or_skipped_run
128,512,512,false,0.000000,0,0,,0,0,operator_timeout_after_stopped_or_skipped_run
129,512,512,false,0.000000,0,0,,0,0,operator_timeout_after_stopped_or_skipped_run
130,512,512,false,0.000000,0,0,,0,0,operator_timeout_after_stopped_or_skipped_run
131,512,512,false,0.000000,0,0,,0,0,operator_timeout_after_stopped_or_skipped_run
132,512,512,false,0.000000,0,0,,0,0,operator_timeout_after_stopped_or_skipped_run
133,512,512,false,0.000000,0,0,,0,0,operator_timeout_after_stopped_or_skipped_run
134,512,512,false,0.000000,0,0,,0,0,operator_timeout_after_stopped_or_skipped_run
135,512,512,false,0.000000,0,0,,0,0,operator_timeout_after_stopped_or_skipped_run
136,512,512,false,0.000000,0,0,,0,0,operator_timeout_after_stopped_or_skipped_run
137,512,512,false,0.000000,0,0,,0,0,operator_timeout_after_stopped_or_skipped_run
138,512,512,false,0.000000,0,0,,0,0,operator_timeout_after_stopped_or_skipped_run
139,512,512,false,0.000000,0,0,,0,0,operator_timeout_after_stopped_or_skipped_run
140,512,512,false,0.000000,0,0,,0,0,operator_timeout_after_stopped_or_skipped_run
141,512,512,false,0.000000,0,0,,0,0,operator_timeout_after_stopped_or_skipped_run
142,512,512,false,0.000000,0,0,,0,0,operator_timeout_after_stopped_or_skipped_run
143,512,512,false,0.000000,0,0,,0,0,operator_timeout_after_stopped_or_skipped_run
144,512,512,false,0.000000,0,0,,0,0,operator_timeout_after_stopped_or_skipped_run
145,512,512,false,0.000000,0,0,,0,0,operator_timeout_after_stopped_or_skipped_run
146,512,512,false,0.000000,0,0,,0,0,operator_timeout_after_stopped_or_skipped_run
147,512,512,false,0.000000,0,0,,0,0,operator_timeout_after_stopped_or_skipped_run
148,512,512,false,0.000000,0,0,,0,0,operator_timeout_after_stopped_or_skipped_run
149,512,512,false,0.000000,0,0,,0,0,operator_timeout_after_stopped_or_skipped_run
150,512,512,false,0.000000,0,0,,0,0,operator_timeout_after_stopped_or_skipped_run
151,512,512,false,0.000000,0,0,,0,0,operator_timeout_after_stopped_or_skipped_run
152,512,512,false,0.000000,0,0,,0,0,operator_timeout_after_stopped_or_skipped_run
153,512,512,false,0.000000,0,0,,0,0,operator_timeout_after_stopped_or_skipped_run
154,512,512,false,0.000000,0,0,,0,0,operator_timeout_after_stopped_or_skipped_run
155,512,512,false,0.000000,0,0,,0,0,operator_timeout_after_stopped_or_skipped_run
156,512,512,false,0.000000,0,0,,0,0,operator_timeout_after_stopped_or_skipped_run
157,512,512,false,0.000000,0,0,,0,0,operator_timeout_after_stopped_or_skipped_run
158,512,512,false,0.000000,0,0,,0,0,operator_timeout_after_stopped_or_skipped_run
159,512,512,false,0.000000,0,0,,0,0,operator_timeout_after_stopped_or_skipped_run
160,512,512,false,0.000000,0,0,,0,0,operator_timeout_after_stopped_or_skipped_run
161,512,512,false,0.000000,0,0,,0,0,operator_timeout_after_stopped_or_skipped_run
162,512,512,false,0.000000,0,0,,0,0,operator_timeout_after_stopped_or_skipped_run
163,512,512,false,0.000000,0,0,,0,0,operator_timeout_after_stopped_or_skipped_run
164,512,512,false,0.000000,0,0,,0,0,operator_timeout_after_stopped_or_skipped_run
165,512,512,false,0.000000,0,0,,0,0,operator_timeout_after_stopped_or_skipped_run
166,512,512,false,0.000000,0,0,,0,0,operator_timeout_after_stopped_or_skipped_run
167,512,512,false,0.000000,0,0,,0,0,operator_timeout_after_stopped_or_skipped_run
168,512,512,false,0.000000,0,0,,0,0,operator_timeout_after_stopped_or_skipped_run
169,512,512,false,0.000000,0,0,,0,0,operator_timeout_after_stopped_or_skipped_run
170,512,512,false,0.000000,0,0,,0,0,operator_timeout_after_stopped_or_skipped_run
171,512,512,false,0.000000,0,0,,0,0,operator_timeout_after_stopped_or_skipped_run
172,512,512,false,0.000000,0,0,,0,0,operator_timeout_after_stopped_or_skipped_run
173,512,512,false,0.000000,0,0,,0,0,operator_timeout_after_stopped_or_skipped_run
174,512,512,false,0.000000,0,0,,0,0,operator_timeout_after_stopped_or_skipped_run
175,512,512,false,0.000000,0,0,,0,0,operator_timeout_after_stopped_or_skipped_run
176,512,512,false,0.000000,0,0,,0,0,operator_timeout_after_stopped_or_skipped_run
177,512,512,false,0.000000,0,0,,0,0,operator_timeout_after_stopped_or_skipped_run
178,512,512,false,0.000000,0,0,,0,0,operator_timeout_after_stopped_or_skipped_run
179,512,512,false,0.000000,0,0,,0,0,operator_timeout_after_stopped_or_skipped_run
180,512,512,false,0.000000,0,0,,0,0,operator_timeout_after_stopped_or_skipped_run
181,512,512,false,0.000000,0,0,,0,0,operator_timeout_after_stopped_or_skipped_run
182,512,512,false,0.000000,0,0,,0,0,operator_timeout_after_stopped_or_skipped_run
183,512,512,false,0.000000,0,0,,0,0,operator_timeout_after_stopped_or_skipped_run
184,512,512,false,0.000000,0,0,,0,0,operator_timeout_after_stopped_or_skipped_run
185,512,512,false,0.000000,0,0,,0,0,operator_timeout_after_stopped_or_skipped_run
186,512,512,false,0.000000,0,0,,0,0,operator_timeout_after_stopped_or_skipped_run
187,512,512,false,0.000000,0,0,,0,0,operator_timeout_after_stopped_or_skipped_run
188,512,512,false,0.000000,0,0,,0,0,operator_timeout_after_stopped_or_skipped_run
189,512,512,false,0.000000,0,0,,0,0,operator_timeout_after_stopped_or_skipped_run
190,512,512,false,0.000000,0,0,,0,0,operator_timeout_after_stopped_or_skipped_run
191,512,512,false,0.000000,0,0,,0,0,operator_timeout_after_stopped_or_skipped_run
192,512,512,false,0.000000,0,0,,0,0,operator_timeout_after_stopped_or_skipped_run
193,512,512,false,0.000000,0,0,,0,0,operator_timeout_after_stopped_or_skipped_run
194,512,512,false,0.000000,0,0,,0,0,operator_timeout_after_stopped_or_skipped_run
195,512,512,false,0.000000,0,0,,0,0,operator_timeout_after_stopped_or_skipped_run
196,512,512,false,0.000000,0,0,,0,0,operator_timeout_after_stopped_or_skipped_run
197,512,512,false,0.000000,0,0,,0,0,operator_timeout_after_stopped_or_skipped_run
198,512,512,false,0.000000,0,0,,0,0,operator_timeout_after_stopped_or_skipped_run
199,512,512,false,0.000000,0,0,,0,0,operator_timeout_after_stopped_or_skipped_run
200,512,512,false,0.000000,0,0,,0,0,operator_timeout_after_stopped_or_skipped_run
201,512,512,false,0.000000,0,0,,0,0,operator_timeout_after_stopped_or_skipped_run
202,512,512,false,0.000000,0,0,,0,0,operator_timeout_after_stopped_or_skipped_run
203,512,512,false,0.000000,0,0,,0,0,operator_timeout_after_stopped_or_skipped_run
204,512,512,false,0.000000,0,0,,0,0,operator_timeout_after_stopped_or_skipped_run
205,512,512,false,0.000000,0,0,,0,0,operator_timeout_after_stopped_or_skipped_run
206,512,512,false,0.000000,0,0,,0,0,operator_timeout_after_stopped_or_skipped_run
207,512,512,false,0.000000,0,0,,0,0,operator_timeout_after_stopped_or_skipped_run
208,512,512,false,0.000000,0,0,,0,0,operator_timeout_after_stopped_or_skipped_run
209,512,512,false,0.000000,0,0,,0,0,operator_timeout_after_stopped_or_skipped_run
210,512,512,false,0.000000,0,0,,0,0,operator_timeout_after_stopped_or_skipped_run
211,512,512,false,0.000000,0,0,,0,0,operator_timeout_after_stopped_or_skipped_run
212,512,512,false,0.000000,0,0,,0,0,operator_timeout_after_stopped_or_skipped_run
213,512,512,false,0.000000,0,0,,0,0,operator_timeout_after_stopped_or_skipped_run
214,512,512,false,0.000000,0,0,,0,0,operator_timeout_after_stopped_or_skipped_run
215,512,512,false,0.000000,0,0,,0,0,operator_timeout_after_stopped_or_skipped_run
216,512,512,false,0.000000,0,0,,0,0,operator_timeout_after_stopped_or_skipped_run
217,512,512,false,0.000000,0,0,,0,0,operator_timeout_after_stopped_or_skipped_run
218,512,512,false,0.000000,0,0,,0,0,operator_timeout_after_stopped_or_skipped_run
219,512,512,false,0.000000,0,0,,0,0,operator_timeout_after_stopped_or_skipped_run
220,512,512,false,0.000000,0,0,,0,0,operator_timeout_after_stopped_or_skipped_run
221,512,512,false,0.000000,0,0,,0,0,operator_timeout_after_stopped_or_skipped_run
222,512,512,false,0.000000,0,0,,0,0,operator_timeout_after_stopped_or_skipped_run
223,512,512,false,0.000000,0,0,,0,0,operator_timeout_after_stopped_or_skipped_run
224,512,512,false,0.000000,0,0,,0,0,operator_timeout_after_stopped_or_skipped_run
225,512,512,false,0.000000,0,0,,0,0,operator_timeout_after_stopped_or_skipped_run
226,512,512,false,0.000000,0,0,,0,0,operator_timeout_after_stopped_or_skipped_run
227,512,512,false,0.000000,0,0,,0,0,operator_timeout_after_stopped_or_skipped_run
228,512,512,false,0.000000,0,0,,0,0,operator_timeout_after_stopped_or_skipped_run
229,512,512,false,0.000000,0,0,,0,0,operator_timeout_after_stopped_or_skipped_run
230,512,512,false,0.000000,0,0,,0,0,operator_timeout_after_stopped_or_skipped_run
231,512,512,false,0.000000,0,0,,0,0,operator_timeout_after_stopped_or_skipped_run
232,512,512,false,0.000000,0,0,,0,0,operator_timeout_after_stopped_or_skipped_run
233,512,512,false,0.000000,0,0,,0,0,operator_timeout_after_stopped_or_skipped_run
234,512,512,false,0.000000,0,0,,0,0,operator_timeout_after_stopped_or_skipped_run
235,512,512,false,0.000000,0,0,,0,0,operator_timeout_after_stopped_or_skipped_run
236,512,512,false,0.000000,0,0,,0,0,operator_timeout_after_stopped_or_skipped_run
237,512,512,false,0.000000,0,0,,0,0,operator_timeout_after_stopped_or_skipped_run
238,512,512,false,0.000000,0,0,,0,0,operator_timeout_after_stopped_or_skipped_run
239,512,512,false,0.000000,0,0,,0,0,operator_timeout_after_stopped_or_skipped_run
240,512,512,false,0.000000,0,0,,0,0,operator_timeout_after_stopped_or_skipped_run
241,512,512,false,0.000000,0,0,,0,0,operator_timeout_after_stopped_or_skipped_run
242,512,512,false,0.000000,0,0,,0,0,operator_timeout_after_stopped_or_skipped_run
243,512,512,false,0.000000,0,0,,0,0,operator_timeout_after_stopped_or_skipped_run
244,512,512,false,0.000000,0,0,,0,0,operator_timeout_after_stopped_or_skipped_run
245,512,512,false,0.000000,0,0,,0,0,operator_timeout_after_stopped_or_skipped_run
246,512,512,false,0.000000,0,0,,0,0,operator_timeout_after_stopped_or_skipped_run
247,512,512,false,0.000000,0,0,,0,0,operator_timeout_after_stopped_or_skipped_run
248,512,512,false,0.000000,0,0,,0,0,operator_timeout_after_stopped_or_skipped_run
249,512,512,false,0.000000,0,0,,0,0,operator_timeout_after_stopped_or_skipped_run
250,512,512,false,0.000000,0,0,,0,0,operator_timeout_after_stopped_or_skipped_run
251,512,512,false,0.000000,0,0,,0,0,operator_timeout_after_stopped_or_skipped_run
252,512,512,false,0.000000,0,0,,0,0,operator_timeout_after_stopped_or_skipped_run
253,512,512,false,0.000000,0,0,,0,0,operator_timeout_after_stopped_or_skipped_run
254,512,512,false,0.000000,0,0,,0,0,operator_timeout_after_stopped_or_skipped_run
255,512,512,false,0.000000,0,0,,0,0,operator_timeout_after_stopped_or_skipped_run
256,512,512,false,0.000000,0,0,,0,0,operator_timeout_after_stopped_or_skipped_run
257,512,512,false,0.000000,0,0,,0,0,operator_timeout_after_stopped_or_skipped_run
258,512,512,false,0.000000,0,0,,0,0,operator_timeout_after_stopped_or_skipped_run
259,512,512,false,0.000000,0,0,,0,0,operator_timeout_after_stopped_or_skipped_run
260,512,512,false,0.000000,0,0,,0,0,operator_timeout_after_stopped_or_skipped_run
261,512,512,false,0.000000,0,0,,0,0,operator_timeout_after_stopped_or_skipped_run
262,512,512,false,0.000000,0,0,,0,0,operator_timeout_after_stopped_or_skipped_run
263,512,512,false,0.000000,0,0,,0,0,operator_timeout_after_stopped_or_skipped_run
264,512,512,false,0.000000,0,0,,0,0,operator_timeout_after_stopped_or_skipped_run
265,512,512,false,0.000000,0,0,,0,0,operator_timeout_after_stopped_or_skipped_run
266,512,512,false,0.000000,0,0,,0,0,operator_timeout_after_stopped_or_skipped_run
267,512,512,false,0.000000,0,0,,0,0,operator_timeout_after_stopped_or_skipped_run
268,512,512,false,0.000000,0,0,,0,0,operator_timeout_after_stopped_or_skipped_run
269,512,512,false,0.000000,0,0,,0,0,operator_timeout_after_stopped_or_skipped_run
270,512,512,false,0.000000,0,0,,0,0,operator_timeout_after_stopped_or_skipped_run
271,512,512,false,0.000000,0,0,,0,0,operator_timeout_after_stopped_or_skipped_run
272,512,512,false,0.000000,0,0,,0,0,operator_timeout_after_stopped_or_skipped_run
273,512,512,false,0.000000,0,0,,0,0,operator_timeout_after_stopped_or_skipped_run
274,512,512,false,0.000000,0,0,,0,0,operator_timeout_after_stopped_or_skipped_run
275,512,512,false,0.000000,0,0,,0,0,operator_timeout_after_stopped_or_skipped_run
276,512,512,false,0.000000,0,0,,0,0,operator_timeout_after_stopped_or_skipped_run
277,512,512,false,0.000000,0,0,,0,0,operator_timeout_after_stopped_or_skipped_run
278,512,512,false,0.000000,0,0,,0,0,operator_timeout_after_stopped_or_skipped_run
279,512,512,false,0.000000,0,0,,0,0,operator_timeout_after_stopped_or_skipped_run
280,512,512,false,0.000000,0,0,,0,0,operator_timeout_after_stopped_or_skipped_run
281,512,512,false,0.000000,0,0,,0,0,operator_timeout_after_stopped_or_skipped_run
282,512,512,false,0.000000,0,0,,0,0,operator_timeout_after_stopped_or_skipped_run
283,512,512,false,0.000000,0,0,,0,0,operator_timeout_after_stopped_or_skipped_run
284,512,512,false,0.000000,0,0,,0,0,operator_timeout_after_stopped_or_skipped_run
285,512,512,false,0.000000,0,0,,0,0,operator_timeout_after_stopped_or_skipped_run
286,512,512,false,0.000000,0,0,,0,0,operator_timeout_after_stopped_or_skipped_run
287,512,512,false,0.000000,0,0,,0,0,operator_timeout_after_stopped_or_skipped_run
288,512,512,false,0.000000,0,0,,0,0,operator_timeout_after_stopped_or_skipped_run
289,512,512,false,0.000000,0,0,,0,0,operator_timeout_after_stopped_or_skipped_run
290,512,512,false,0.000000,0,0,,0,0,operator_timeout_after_stopped_or_skipped_run
291,512,512,false,0.000000,0,0,,0,0,operator_timeout_after_stopped_or_skipped_run
292,512,512,false,0.000000,0,0,,0,0,operator_timeout_after_stopped_or_skipped_run
293,512,512,false,0.000000,0,0,,0,0,operator_timeout_after_stopped_or_skipped_run
294,512,512,false,0.000000,0,0,,0,0,operator_timeout_after_stopped_or_skipped_run
295,512,512,false,0.000000,0,0,,0,0,operator_timeout_after_stopped_or_skipped_run
296,512,512,false,0.000000,0,0,,0,0,operator_timeout_after_stopped_or_skipped_run
297,512,512,false,0.000000,0,0,,0,0,operator_timeout_after_stopped_or_skipped_run
298,512,512,false,0.000000,0,0,,0,0,operator_timeout_after_stopped_or_skipped_run
299,512,512,false,0.000000,0,0,,0,0,operator_timeout_after_stopped_or_skipped_run
300,512,512,false,0.000000,0,0,,0,0,operator_timeout_after_stopped_or_skipped_run
301,512,512,false,0.000000,0,0,,0,0,operator_timeout_after_stopped_or_skipped_run
302,512,512,false,0.000000,0,0,,0,0,operator_timeout_after_stopped_or_skipped_run
303,512,512,false,0.000000,0,0,,0,0,operator_timeout_after_stopped_or_skipped_run
304,512,512,false,0.000000,0,0,,0,0,operator_timeout_after_stopped_or_skipped_run
305,512,512,false,0.000000,0,0,,0,0,operator_timeout_after_stopped_or_skipped_run
306,512,512,false,0.000000,0,0,,0,0,operator_timeout_after_stopped_or_skipped_run
307,512,512,false,0.000000,0,0,,0,0,operator_timeout_after_stopped_or_skipped_run
308,512,512,false,0.000000,0,0,,0,0,operator_timeout_after_stopped_or_skipped_run
309,512,512,false,0.000000,0,0,,0,0,operator_timeout_after_stopped_or_skipped_run
310,512,512,false,0.000000,0,0,,0,0,operator_timeout_after_stopped_or_skipped_run
311,512,512,false,0.000000,0,0,,0,0,operator_timeout_after_stopped_or_skipped_run
312,512,512,false,0.000000,0,0,,0,0,operator_timeout_after_stopped_or_skipped_run
313,512,512,false,0.000000,0,0,,0,0,operator_timeout_after_stopped_or_skipped_run
314,512,512,false,0.000000,0,0,,0,0,operator_timeout_after_stopped_or_skipped_run
315,512,512,false,0.000000,0,0,,0,0,operator_timeout_after_stopped_or_skipped_run
316,512,512,false,0.000000,0,0,,0,0,operator_timeout_after_stopped_or_skipped_run
317,512,512,false,0.000000,0,0,,0,0,operator_timeout_after_stopped_or_skipped_run
318,512,512,false,0.000000,0,0,,0,0,operator_timeout_after_stopped_or_skipped_run
319,512,512,false,0.000000,0,0,,0,0,operator_timeout_after_stopped_or_skipped_run
320,512,512,false,0.000000,0,0,,0,0,operator_timeout_after_stopped_or_skipped_run
321,512,512,false,0.000000,0,0,,0,0,operator_timeout_after_stopped_or_skipped_run
322,512,512,false,0.000000,0,0,,0,0,operator_timeout_after_stopped_or_skipped_run
323,512,512,false,0.000000,0,0,,0,0,operator_timeout_after_stopped_or_skipped_run
324,512,512,false,0.000000,0,0,,0,0,operator_timeout_after_stopped_or_skipped_run
325,512,512,false,0.000000,0,0,,0,0,operator_timeout_after_stopped_or_skipped_run
326,512,512,false,0.000000,0,0,,0,0,operator_timeout_after_stopped_or_skipped_run
327,512,512,false,0.000000,0,0,,0,0,operator_timeout_after_stopped_or_skipped_run
328,512,512,false,0.000000,0,0,,0,0,operator_timeout_after_stopped_or_skipped_run
329,512,512,false,0.000000,0,0,,0,0,operator_timeout_after_stopped_or_skipped_run
330,512,512,false,0.000000,0,0,,0,0,operator_timeout_after_stopped_or_skipped_run
331,512,512,false,0.000000,0,0,,0,0,operator_timeout_after_stopped_or_skipped_run
332,512,512,false,0.000000,0,0,,0,0,operator_timeout_after_stopped_or_skipped_run
333,512,512,false,0.000000,0,0,,0,0,operator_timeout_after_stopped_or_skipped_run
334,512,512,false,0.000000,0,0,,0,0,operator_timeout_after_stopped_or_skipped_run
335,512,512,false,0.000000,0,0,,0,0,operator_timeout_after_stopped_or_skipped_run
336,512,512,false,0.000000,0,0,,0,0,operator_timeout_after_stopped_or_skipped_run
337,512,512,false,0.000000,0,0,,0,0,operator_timeout_after_stopped_or_skipped_run
338,512,512,false,0.000000,0,0,,0,0,operator_timeout_after_stopped_or_skipped_run
339,512,512,false,0.000000,0,0,,0,0,operator_timeout_after_stopped_or_skipped_run
340,512,512,false,0.000000,0,0,,0,0,operator_timeout_after_stopped_or_skipped_run
341,512,512,false,0.000000,0,0,,0,0,operator_timeout_after_stopped_or_skipped_run
342,512,512,false,0.000000,0,0,,0,0,operator_timeout_after_stopped_or_skipped_run
343,512,512,false,0.000000,0,0,,0,0,operator_timeout_after_stopped_or_skipped_run
344,512,512,false,0.000000,0,0,,0,0,operator_timeout_after_stopped_or_skipped_run
345,512,512,false,0.000000,0,0,,0,0,operator_timeout_after_stopped_or_skipped_run
346,512,512,false,0.000000,0,0,,0,0,operator_timeout_after_stopped_or_skipped_run
347,512,512,false,0.000000,0,0,,0,0,operator_timeout_after_stopped_or_skipped_run
348,512,512,false,0.000000,0,0,,0,0,operator_timeout_after_stopped_or_skipped_run
349,512,512,false,0.000000,0,0,,0,0,operator_timeout_after_stopped_or_skipped_run
350,512,512,false,0.000000,0,0,,0,0,operator_timeout_after_stopped_or_skipped_run
351,512,512,false,0.000000,0,0,,0,0,operator_timeout_after_stopped_or_skipped_run
352,512,512,false,0.000000,0,0,,0,0,operator_timeout_after_stopped_or_skipped_run
353,512,512,false,0.000000,0,0,,0,0,operator_timeout_after_stopped_or_skipped_run
354,512,512,false,0.000000,0,0,,0,0,operator_timeout_after_stopped_or_skipped_run
355,512,512,false,0.000000,0,0,,0,0,operator_timeout_after_stopped_or_skipped_run
356,512,512,false,0.000000,0,0,,0,0,operator_timeout_after_stopped_or_skipped_run
357,512,512,false,0.000000,0,0,,0,0,operator_timeout_after_stopped_or_skipped_run
358,512,512,false,0.000000,0,0,,0,0,operator_timeout_after_stopped_or_skipped_run
359,512,512,false,0.000000,0,0,,0,0,operator_timeout_after_stopped_or_skipped_run
360,512,512,false,0.000000,0,0,,0,0,operator_timeout_after_stopped_or_skipped_run
361,512,512,false,0.000000,0,0,,0,0,operator_timeout_after_stopped_or_skipped_run
362,512,512,false,0.000000,0,0,,0,0,operator_timeout_after_stopped_or_skipped_run
363,512,512,false,0.000000,0,0,,0,0,operator_timeout_after_stopped_or_skipped_run
364,512,512,false,0.000000,0,0,,0,0,operator_timeout_after_stopped_or_skipped_run
365,512,512,false,0.000000,0,0,,0,0,operator_timeout_after_stopped_or_skipped_run
366,512,512,false,0.000000,0,0,,0,0,operator_timeout_after_stopped_or_skipped_run
367,512,512,false,0.000000,0,0,,0,0,operator_timeout_after_stopped_or_skipped_run
368,512,512,false,0.000000,0,0,,0,0,operator_timeout_after_stopped_or_skipped_run
369,512,512,false,0.000000,0,0,,0,0,operator_timeout_after_stopped_or_skipped_run
370,512,512,false,0.000000,0,0,,0,0,operator_timeout_after_stopped_or_skipped_run
371,512,512,false,0.000000,0,0,,0,0,operator_timeout_after_stopped_or_skipped_run
372,512,512,false,0.000000,0,0,,0,0,operator_timeout_after_stopped_or_skipped_run
373,512,512,false,0.000000,0,0,,0,0,operator_timeout_after_stopped_or_skipped_run
374,512,512,false,0.000000,0,0,,0,0,operator_timeout_after_stopped_or_skipped_run
375,512,512,false,0.000000,0,0,,0,0,operator_timeout_after_stopped_or_skipped_run
376,512,512,false,0.000000,0,0,,0,0,operator_timeout_after_stopped_or_skipped_run
377,512,512,false,0.000000,0,0,,0,0,operator_timeout_after_stopped_or_skipped_run
378,512,512,false,0.000000,0,0,,0,0,operator_timeout_after_stopped_or_skipped_run
379,512,512,false,0.000000,0,0,,0,0,operator_timeout_after_stopped_or_skipped_run
380,512,512,false,0.000000,0,0,,0,0,operator_timeout_after_stopped_or_skipped_run
381,512,512,false,0.000000,0,0,,0,0,operator_timeout_after_stopped_or_skipped_run
382,512,512,false,0.000000,0,0,,0,0,operator_timeout_after_stopped_or_skipped_run
383,512,512,false,0.000000,0,0,,0,0,operator_timeout_after_stopped_or_skipped_run
384,512,512,false,0.000000,0,0,,0,0,operator_timeout_after_stopped_or_skipped_run
385,512,512,false,0.000000,0,0,,0,0,operator_timeout_after_stopped_or_skipped_run
386,512,512,false,0.000000,0,0,,0,0,operator_timeout_after_stopped_or_skipped_run
387,512,512,false,0.000000,0,0,,0,0,operator_timeout_after_stopped_or_skipped_run
388,512,512,false,0.000000,0,0,,0,0,operator_timeout_after_stopped_or_skipped_run
389,512,512,false,0.000000,0,0,,0,0,operator_timeout_after_stopped_or_skipped_run
390,512,512,false,0.000000,0,0,,0,0,operator_timeout_after_stopped_or_skipped_run
391,512,512,false,0.000000,0,0,,0,0,operator_timeout_after_stopped_or_skipped_run
392,512,512,false,0.000000,0,0,,0,0,operator_timeout_after_stopped_or_skipped_run
393,512,512,false,0.000000,0,0,,0,0,operator_timeout_after_stopped_or_skipped_run
394,512,512,false,0.000000,0,0,,0,0,operator_timeout_after_stopped_or_skipped_run
395,512,512,false,0.000000,0,0,,0,0,operator_timeout_after_stopped_or_skipped_run
396,512,512,false,0.000000,0,0,,0,0,operator_timeout_after_stopped_or_skipped_run
397,512,512,false,0.000000,0,0,,0,0,operator_timeout_after_stopped_or_skipped_run
398,512,512,false,0.000000,0,0,,0,0,operator_timeout_after_stopped_or_skipped_run
399,512,512,false,0.000000,0,0,,0,0,operator_timeout_after_stopped_or_skipped_run
400,512,512,false,0.000000,0,0,,0,0,operator_timeout_after_stopped_or_skipped_run
401,512,512,false,0.000000,0,0,,0,0,operator_timeout_after_stopped_or_skipped_run
402,512,512,false,0.000000,0,0,,0,0,operator_timeout_after_stopped_or_skipped_run
403,512,512,false,0.000000,0,0,,0,0,operator_timeout_after_stopped_or_skipped_run
404,512,512,false,0.000000,0,0,,0,0,operator_timeout_after_stopped_or_skipped_run
405,512,512,false,0.000000,0,0,,0,0,operator_timeout_after_stopped_or_skipped_run
406,512,512,false,0.000000,0,0,,0,0,operator_timeout_after_stopped_or_skipped_run
407,512,512,false,0.000000,0,0,,0,0,operator_timeout_after_stopped_or_skipped_run
408,512,512,false,0.000000,0,0,,0,0,operator_timeout_after_stopped_or_skipped_run
409,512,512,false,0.000000,0,0,,0,0,operator_timeout_after_stopped_or_skipped_run
410,512,512,false,0.000000,0,0,,0,0,operator_timeout_after_stopped_or_skipped_run
411,512,512,false,0.000000,0,0,,0,0,operator_timeout_after_stopped_or_skipped_run
412,512,512,false,0.000000,0,0,,0,0,operator_timeout_after_stopped_or_skipped_run
413,512,512,false,0.000000,0,0,,0,0,operator_timeout_after_stopped_or_skipped_run
414,512,512,false,0.000000,0,0,,0,0,operator_timeout_after_stopped_or_skipped_run
415,512,512,false,0.000000,0,0,,0,0,operator_timeout_after_stopped_or_skipped_run
416,512,512,false,0.000000,0,0,,0,0,operator_timeout_after_stopped_or_skipped_run
417,512,512,false,0.000000,0,0,,0,0,operator_timeout_after_stopped_or_skipped_run
418,512,512,false,0.000000,0,0,,0,0,operator_timeout_after_stopped_or_skipped_run
419,512,512,false,0.000000,0,0,,0,0,operator_timeout_after_stopped_or_skipped_run
420,512,512,false,0.000000,0,0,,0,0,operator_timeout_after_stopped_or_skipped_run
421,512,512,false,0.000000,0,0,,0,0,operator_timeout_after_stopped_or_skipped_run
422,512,512,false,0.000000,0,0,,0,0,operator_timeout_after_stopped_or_skipped_run
423,512,512,false,0.000000,0,0,,0,0,operator_timeout_after_stopped_or_skipped_run
424,512,512,false,0.000000,0,0,,0,0,operator_timeout_after_stopped_or_skipped_run
425,512,512,false,0.000000,0,0,,0,0,operator_timeout_after_stopped_or_skipped_run
426,512,512,false,0.000000,0,0,,0,0,operator_timeout_after_stopped_or_skipped_run
427,512,512,false,0.000000,0,0,,0,0,operator_timeout_after_stopped_or_skipped_run
428,512,512,false,0.000000,0,0,,0,0,operator_timeout_after_stopped_or_skipped_run
429,512,512,false,0.000000,0,0,,0,0,operator_timeout_after_stopped_or_skipped_run
430,512,512,false,0.000000,0,0,,0,0,operator_timeout_after_stopped_or_skipped_run
431,512,512,false,0.000000,0,0,,0,0,operator_timeout_after_stopped_or_skipped_run
432,512,512,false,0.000000,0,0,,0,0,operator_timeout_after_stopped_or_skipped_run
433,512,512,false,0.000000,0,0,,0,0,operator_timeout_after_stopped_or_skipped_run
434,512,512,false,0.000000,0,0,,0,0,operator_timeout_after_stopped_or_skipped_run
435,512,512,false,0.000000,0,0,,0,0,operator_timeout_after_stopped_or_skipped_run
436,512,512,false,0.000000,0,0,,0,0,operator_timeout_after_stopped_or_skipped_run
437,512,512,false,0.000000,0,0,,0,0,operator_timeout_after_stopped_or_skipped_run
438,512,512,false,0.000000,0,0,,0,0,operator_timeout_after_stopped_or_skipped_run
439,512,512,false,0.000000,0,0,,0,0,operator_timeout_after_stopped_or_skipped_run
440,512,512,false,0.000000,0,0,,0,0,operator_timeout_after_stopped_or_skipped_run
441,512,512,false,0.000000,0,0,,0,0,operator_timeout_after_stopped_or_skipped_run
442,512,512,false,0.000000,0,0,,0,0,operator_timeout_after_stopped_or_skipped_run
443,512,512,false,0.000000,0,0,,0,0,operator_timeout_after_stopped_or_skipped_run
444,512,512,false,0.000000,0,0,,0,0,operator_timeout_after_stopped_or_skipped_run
445,512,512,false,0.000000,0,0,,0,0,operator_timeout_after_stopped_or_skipped_run
446,512,512,false,0.000000,0,0,,0,0,operator_timeout_after_stopped_or_skipped_run
447,512,512,false,0.000000,0,0,,0,0,operator_timeout_after_stopped_or_skipped_run
448,512,512,false,0.000000,0,0,,0,0,operator_timeout_after_stopped_or_skipped_run
449,512,512,false,0.000000,0,0,,0,0,operator_timeout_after_stopped_or_skipped_run
450,512,512,false,0.000000,0,0,,0,0,operator_timeout_after_stopped_or_skipped_run
451,512,512,false,0.000000,0,0,,0,0,operator_timeout_after_stopped_or_skipped_run
452,512,512,false,0.000000,0,0,,0,0,operator_timeout_after_stopped_or_skipped_run
453,512,512,false,0.000000,0,0,,0,0,operator_timeout_after_stopped_or_skipped_run
454,512,512,false,0.000000,0,0,,0,0,operator_timeout_after_stopped_or_skipped_run
455,512,512,false,0.000000,0,0,,0,0,operator_timeout_after_stopped_or_skipped_run
456,512,512,false,0.000000,0,0,,0,0,operator_timeout_after_stopped_or_skipped_run
457,512,512,false,0.000000,0,0,,0,0,operator_timeout_after_stopped_or_skipped_run
458,512,512,false,0.000000,0,0,,0,0,operator_timeout_after_stopped_or_skipped_run
459,512,512,false,0.000000,0,0,,0,0,operator_timeout_after_stopped_or_skipped_run
460,512,512,false,0.000000,0,0,,0,0,operator_timeout_after_stopped_or_skipped_run
461,512,512,false,0.000000,0,0,,0,0,operator_timeout_after_stopped_or_skipped_run
462,512,512,false,0.000000,0,0,,0,0,operator_timeout_after_stopped_or_skipped_run
463,512,512,false,0.000000,0,0,,0,0,operator_timeout_after_stopped_or_skipped_run
464,512,512,false,0.000000,0,0,,0,0,operator_timeout_after_stopped_or_skipped_run
465,512,512,false,0.000000,0,0,,0,0,operator_timeout_after_stopped_or_skipped_run
466,512,512,false,0.000000,0,0,,0,0,operator_timeout_after_stopped_or_skipped_run
467,512,512,false,0.000000,0,0,,0,0,operator_timeout_after_stopped_or_skipped_run
468,512,512,false,0.000000,0,0,,0,0,operator_timeout_after_stopped_or_skipped_run
469,512,512,false,0.000000,0,0,,0,0,operator_timeout_after_stopped_or_skipped_run
470,512,512,false,0.000000,0,0,,0,0,operator_timeout_after_stopped_or_skipped_run
471,512,512,false,0.000000,0,0,,0,0,operator_timeout_after_stopped_or_skipped_run
472,512,512,false,0.000000,0,0,,0,0,operator_timeout_after_stopped_or_skipped_run
473,512,512,false,0.000000,0,0,,0,0,operator_timeout_after_stopped_or_skipped_run
474,512,512,false,0.000000,0,0,,0,0,operator_timeout_after_stopped_or_skipped_run
475,512,512,false,0.000000,0,0,,0,0,operator_timeout_after_stopped_or_skipped_run
476,512,512,false,0.000000,0,0,,0,0,operator_timeout_after_stopped_or_skipped_run
477,512,512,false,0.000000,0,0,,0,0,operator_timeout_after_stopped_or_skipped_run
478,512,512,false,0.000000,0,0,,0,0,operator_timeout_after_stopped_or_skipped_run
479,512,512,false,0.000000,0,0,,0,0,operator_timeout_after_stopped_or_skipped_run
480,512,512,false,0.000000,0,0,,0,0,operator_timeout_after_stopped_or_skipped_run
481,512,512,false,0.000000,0,0,,0,0,operator_timeout_after_stopped_or_skipped_run
482,512,512,false,0.000000,0,0,,0,0,operator_timeout_after_stopped_or_skipped_run
483,512,512,false,0.000000,0,0,,0,0,operator_timeout_after_stopped_or_skipped_run
484,512,512,false,0.000000,0,0,,0,0,operator_timeout_after_stopped_or_skipped_run
485,512,512,false,0.000000,0,0,,0,0,operator_timeout_after_stopped_or_skipped_run
486,512,512,false,0.000000,0,0,,0,0,operator_timeout_after_stopped_or_skipped_run
487,512,512,false,0.000000,0,0,,0,0,operator_timeout_after_stopped_or_skipped_run
488,512,512,false,0.000000,0,0,,0,0,operator_timeout_after_stopped_or_skipped_run
489,512,512,false,0.000000,0,0,,0,0,operator_timeout_after_stopped_or_skipped_run
490,512,512,false,0.000000,0,0,,0,0,operator_timeout_after_stopped_or_skipped_run
491,512,512,false,0.000000,0,0,,0,0,operator_timeout_after_stopped_or_skipped_run
492,512,512,false,0.000000,0,0,,0,0,operator_timeout_after_stopped_or_skipped_run
493,512,512,false,0.000000,0,0,,0,0,operator_timeout_after_stopped_or_skipped_run
494,512,512,false,0.000000,0,0,,0,0,operator_timeout_after_stopped_or_skipped_run
495,512,512,false,0.000000,0,0,,0,0,operator_timeout_after_stopped_or_skipped_run
496,512,512,false,0.000000,0,0,,0,0,operator_timeout_after_stopped_or_skipped_run
497,512,512,false,0.000000,0,0,,0,0,operator_timeout_after_stopped_or_skipped_run
498,512,512,false,0.000000,0,0,,0,0,operator_timeout_after_stopped_or_skipped_run
499,512,512,false,0.000000,0,0,,0,0,operator_timeout_after_stopped_or_skipped_run
500,512,512,false,0.000000,0,0,,0,0,operator_timeout_after_stopped_or_skipped_run
501,512,512,false,0.000000,0,0,,0,0,operator_timeout_after_stopped_or_skipped_run
502,512,512,false,0.000000,0,0,,0,0,operator_timeout_after_stopped_or_skipped_run
503,512,512,false,0.000000,0,0,,0,0,operator_timeout_after_stopped_or_skipped_run
504,512,512,false,0.000000,0,0,,0,0,operator_timeout_after_stopped_or_skipped_run
505,512,512,false,0.000000,0,0,,0,0,operator_timeout_after_stopped_or_skipped_run
506,512,512,false,0.000000,0,0,,0,0,operator_timeout_after_stopped_or_skipped_run
507,512,512,false,0.000000,0,0,,0,0,operator_timeout_after_stopped_or_skipped_run
508,512,512,false,0.000000,0,0,,0,0,operator_timeout_after_stopped_or_skipped_run
509,512,512,false,0.000000,0,0,,0,0,operator_timeout_after_stopped_or_skipped_run
510,512,512,false,0.000000,0,0,,0,0,operator_timeout_after_stopped_or_skipped_run
511,512,512,false,0.000000,0,0,,0,0,operator_timeout_after_stopped_or_skipped_run
512,512,512,false,0.000000,0,0,,0,0,operator_timeout_after_stopped_or_skipped_run
513,512,512,false,0.000000,0,0,,0,0,operator_timeout_after_stopped_or_skipped_run
514,512,512,false,0.000000,0,0,,0,0,operator_timeout_after_stopped_or_skipped_run
515,512,512,false,0.000000,0,0,,0,0,operator_timeout_after_stopped_or_skipped_run
516,512,512,false,0.000000,0,0,,0,0,operator_timeout_after_stopped_or_skipped_run
517,512,512,false,0.000000,0,0,,0,0,operator_timeout_after_stopped_or_skipped_run
518,512,512,false,0.000000,0,0,,0,0,operator_timeout_after_stopped_or_skipped_run
519,512,512,false,0.000000,0,0,,0,0,operator_timeout_after_stopped_or_skipped_run
520,512,512,false,0.000000,0,0,,0,0,operator_timeout_after_stopped_or_skipped_run
521,512,512,false,0.000000,0,0,,0,0,operator_timeout_after_stopped_or_skipped_run
522,512,512,false,0.000000,0,0,,0,0,operator_timeout_after_stopped_or_skipped_run
523,512,512,false,0.000000,0,0,,0,0,operator_timeout_after_stopped_or_skipped_run
524,512,512,false,0.000000,0,0,,0,0,operator_timeout_after_stopped_or_skipped_run
525,512,512,false,0.000000,0,0,,0,0,operator_timeout_after_stopped_or_skipped_run
526,512,512,false,0.000000,0,0,,0,0,operator_timeout_after_stopped_or_skipped_run
527,512,512,false,0.000000,0,0,,0,0,operator_timeout_after_stopped_or_skipped_run
528,512,512,false,0.000000,0,0,,0,0,operator_timeout_after_stopped_or_skipped_run
529,512,512,false,0.000000,0,0,,0,0,operator_timeout_after_stopped_or_skipped_run
530,512,512,false,0.000000,0,0,,0,0,operator_timeout_after_stopped_or_skipped_run
531,512,512,false,0.000000,0,0,,0,0,operator_timeout_after_stopped_or_skipped_run
532,512,512,false,0.000000,0,0,,0,0,operator_timeout_after_stopped_or_skipped_run
533,512,512,false,0.000000,0,0,,0,0,operator_timeout_after_stopped_or_skipped_run
534,512,512,false,0.000000,0,0,,0,0,operator_timeout_after_stopped_or_skipped_run
535,512,512,false,0.000000,0,0,,0,0,operator_timeout_after_stopped_or_skipped_run
536,512,512,false,0.000000,0,0,,0,0,operator_timeout_after_stopped_or_skipped_run
537,512,512,false,0.000000,0,0,,0,0,operator_timeout_after_stopped_or_skipped_run
538,512,512,false,0.000000,0,0,,0,0,operator_timeout_after_stopped_or_skipped_run
539,512,512,false,0.000000,0,0,,0,0,operator_timeout_after_stopped_or_skipped_run
540,512,512,false,0.000000,0,0,,0,0,operator_timeout_after_stopped_or_skipped_run
541,512,512,false,0.000000,0,0,,0,0,operator_timeout_after_stopped_or_skipped_run
542,512,512,false,0.000000,0,0,,0,0,operator_timeout_after_stopped_or_skipped_run
543,512,512,false,0.000000,0,0,,0,0,operator_timeout_after_stopped_or_skipped_run
544,512,512,false,0.000000,0,0,,0,0,operator_timeout_after_stopped_or_skipped_run
545,512,512,false,0.000000,0,0,,0,0,operator_timeout_after_stopped_or_skipped_run
546,512,512,false,0.000000,0,0,,0,0,operator_timeout_after_stopped_or_skipped_run
547,512,512,false,0.000000,0,0,,0,0,operator_timeout_after_stopped_or_skipped_run
548,512,512,false,0.000000,0,0,,0,0,operator_timeout_after_stopped_or_skipped_run
549,512,512,false,0.000000,0,0,,0,0,operator_timeout_after_stopped_or_skipped_run
550,512,512,false,0.000000,0,0,,0,0,operator_timeout_after_stopped_or_skipped_run
551,512,512,false,0.000000,0,0,,0,0,operator_timeout_after_stopped_or_skipped_run
552,512,512,false,0.000000,0,0,,0,0,operator_timeout_after_stopped_or_skipped_run
553,512,512,false,0.000000,0,0,,0,0,operator_timeout_after_stopped_or_skipped_run
554,512,512,false,0.000000,0,0,,0,0,operator_timeout_after_stopped_or_skipped_run
555,512,512,false,0.000000,0,0,,0,0,operator_timeout_after_stopped_or_skipped_run
556,512,512,false,0.000000,0,0,,0,0,operator_timeout_after_stopped_or_skipped_run
557,512,512,false,0.000000,0,0,,0,0,operator_timeout_after_stopped_or_skipped_run
558,512,512,false,0.000000,0,0,,0,0,operator_timeout_after_stopped_or_skipped_run
559,512,512,false,0.000000,0,0,,0,0,operator_timeout_after_stopped_or_skipped_run
560,512,512,false,0.000000,0,0,,0,0,operator_timeout_after_stopped_or_skipped_run
561,512,512,false,0.000000,0,0,,0,0,operator_timeout_after_stopped_or_skipped_run
562,512,512,false,0.000000,0,0,,0,0,operator_timeout_after_stopped_or_skipped_run
563,512,512,false,0.000000,0,0,,0,0,operator_timeout_after_stopped_or_skipped_run
564,512,512,false,0.000000,0,0,,0,0,operator_timeout_after_stopped_or_skipped_run
565,512,512,false,0.000000,0,0,,0,0,operator_timeout_after_stopped_or_skipped_run
566,512,512,false,0.000000,0,0,,0,0,operator_timeout_after_stopped_or_skipped_run
567,512,512,false,0.000000,0,0,,0,0,operator_timeout_after_stopped_or_skipped_run
568,512,512,false,0.000000,0,0,,0,0,operator_timeout_after_stopped_or_skipped_run
569,512,512,false,0.000000,0,0,,0,0,operator_timeout_after_stopped_or_skipped_run
570,512,512,false,0.000000,0,0,,0,0,operator_timeout_after_stopped_or_skipped_run
571,512,512,false,0.000000,0,0,,0,0,operator_timeout_after_stopped_or_skipped_run
572,512,512,false,0.000000,0,0,,0,0,operator_timeout_after_stopped_or_skipped_run
573,512,512,false,0.000000,0,0,,0,0,operator_timeout_after_stopped_or_skipped_run
574,512,512,false,0.000000,0,0,,0,0,operator_timeout_after_stopped_or_skipped_run
575,512,512,false,0.000000,0,0,,0,0,operator_timeout_after_stopped_or_skipped_run
576,512,512,false,0.000000,0,0,,0,0,operator_timeout_after_stopped_or_skipped_run
577,512,512,false,0.000000,0,0,,0,0,operator_timeout_after_stopped_or_skipped_run
578,512,512,false,0.000000,0,0,,0,0,operator_timeout_after_stopped_or_skipped_run
579,512,512,false,0.000000,0,0,,0,0,operator_timeout_after_stopped_or_skipped_run
580,512,512,false,0.000000,0,0,,0,0,operator_timeout_after_stopped_or_skipped_run
581,512,512,false,0.000000,0,0,,0,0,operator_timeout_after_stopped_or_skipped_run
582,512,512,false,0.000000,0,0,,0,0,operator_timeout_after_stopped_or_skipped_run
583,512,512,false,0.000000,0,0,,0,0,operator_timeout_after_stopped_or_skipped_run
584,512,512,false,0.000000,0,0,,0,0,operator_timeout_after_stopped_or_skipped_run
585,512,512,false,0.000000,0,0,,0,0,operator_timeout_after_stopped_or_skipped_run
586,512,512,false,0.000000,0,0,,0,0,operator_timeout_after_stopped_or_skipped_run
587,512,512,false,0.000000,0,0,,0,0,operator_timeout_after_stopped_or_skipped_run
588,512,512,false,0.000000,0,0,,0,0,operator_timeout_after_stopped_or_skipped_run
589,512,512,false,0.000000,0,0,,0,0,operator_timeout_after_stopped_or_skipped_run
590,512,512,false,0.000000,0,0,,0,0,operator_timeout_after_stopped_or_skipped_run
591,512,512,false,0.000000,0,0,,0,0,operator_timeout_after_stopped_or_skipped_run
592,512,512,false,0.000000,0,0,,0,0,operator_timeout_after_stopped_or_skipped_run
593,512,512,false,0.000000,0,0,,0,0,operator_timeout_after_stopped_or_skipped_run
594,512,512,false,0.000000,0,0,,0,0,operator_timeout_after_stopped_or_skipped_run
595,512,512,false,0.000000,0,0,,0,0,operator_timeout_after_stopped_or_skipped_run
596,512,512,false,0.000000,0,0,,0,0,operator_timeout_after_stopped_or_skipped_run
597,512,512,false,0.000000,0,0,,0,0,operator_timeout_after_stopped_or_skipped_run
598,512,512,false,0.000000,0,0,,0,0,operator_timeout_after_stopped_or_skipped_run
599,512,512,false,0.000000,0,0,,0,0,operator_timeout_after_stopped_or_skipped_run
600,512,512,false,0.000000,0,0,,0,0,operator_timeout_after_stopped_or_skipped_run
601,512,512,false,0.000000,0,0,,0,0,operator_timeout_after_stopped_or_skipped_run
602,512,512,false,0.000000,0,0,,0,0,operator_timeout_after_stopped_or_skipped_run
603,512,512,false,0.000000,0,0,,0,0,operator_timeout_after_stopped_or_skipped_run
604,512,512,false,0.000000,0,0,,0,0,operator_timeout_after_stopped_or_skipped_run
605,512,512,false,0.000000,0,0,,0,0,operator_timeout_after_stopped_or_skipped_run
606,512,512,false,0.000000,0,0,,0,0,operator_timeout_after_stopped_or_skipped_run
607,512,512,false,0.000000,0,0,,0,0,operator_timeout_after_stopped_or_skipped_run
608,512,512,false,0.000000,0,0,,0,0,operator_timeout_after_stopped_or_skipped_run
609,512,512,false,0.000000,0,0,,0,0,operator_timeout_after_stopped_or_skipped_run
610,512,512,false,0.000000,0,0,,0,0,operator_timeout_after_stopped_or_skipped_run
611,512,512,false,0.000000,0,0,,0,0,operator_timeout_after_stopped_or_skipped_run
612,512,512,false,0.000000,0,0,,0,0,operator_timeout_after_stopped_or_skipped_run
613,512,512,false,0.000000,0,0,,0,0,operator_timeout_after_stopped_or_skipped_run
614,512,512,false,0.000000,0,0,,0,0,operator_timeout_after_stopped_or_skipped_run
615,512,512,false,0.000000,0,0,,0,0,operator_timeout_after_stopped_or_skipped_run
616,512,512,false,0.000000,0,0,,0,0,operator_timeout_after_stopped_or_skipped_run
617,512,512,false,0.000000,0,0,,0,0,operator_timeout_after_stopped_or_skipped_run
618,512,512,false,0.000000,0,0,,0,0,operator_timeout_after_stopped_or_skipped_run
619,512,512,false,0.000000,0,0,,0,0,operator_timeout_after_stopped_or_skipped_run
620,512,512,false,0.000000,0,0,,0,0,operator_timeout_after_stopped_or_skipped_run
621,512,512,false,0.000000,0,0,,0,0,operator_timeout_after_stopped_or_skipped_run
622,512,512,false,0.000000,0,0,,0,0,operator_timeout_after_stopped_or_skipped_run
623,512,512,false,0.000000,0,0,,0,0,operator_timeout_after_stopped_or_skipped_run
624,512,512,false,0.000000,0,0,,0,0,operator_timeout_after_stopped_or_skipped_run
625,512,512,false,0.000000,0,0,,0,0,operator_timeout_after_stopped_or_skipped_run
626,512,512,false,0.000000,0,0,,0,0,operator_timeout_after_stopped_or_skipped_run
627,512,512,false,0.000000,0,0,,0,0,operator_timeout_after_stopped_or_skipped_run
628,512,512,false,0.000000,0,0,,0,0,operator_timeout_after_stopped_or_skipped_run
629,512,512,false,0.000000,0,0,,0,0,operator_timeout_after_stopped_or_skipped_run
630,512,512,false,0.000000,0,0,,0,0,operator_timeout_after_stopped_or_skipped_run
631,512,512,false,0.000000,0,0,,0,0,operator_timeout_after_stopped_or_skipped_run
632,512,512,false,0.000000,0,0,,0,0,operator_timeout_after_stopped_or_skipped_run
633,512,512,false,0.000000,0,0,,0,0,operator_timeout_after_stopped_or_skipped_run
634,512,512,false,0.000000,0,0,,0,0,operator_timeout_after_stopped_or_skipped_run
635,512,512,false,0.000000,0,0,,0,0,operator_timeout_after_stopped_or_skipped_run
636,512,512,false,0.000000,0,0,,0,0,operator_timeout_after_stopped_or_skipped_run
637,512,512,false,0.000000,0,0,,0,0,operator_timeout_after_stopped_or_skipped_run
638,512,512,false,0.000000,0,0,,0,0,operator_timeout_after_stopped_or_skipped_run
639,512,512,false,0.000000,0,0,,0,0,operator_timeout_after_stopped_or_skipped_run
640,512,512,false,0.000000,0,0,,0,0,operator_timeout_after_stopped_or_skipped_run
641,512,512,false,0.000000,0,0,,0,0,operator_timeout_after_stopped_or_skipped_run
642,512,512,false,0.000000,0,0,,0,0,operator_timeout_after_stopped_or_skipped_run
643,512,512,false,0.000000,0,0,,0,0,operator_timeout_after_stopped_or_skipped_run
644,512,512,false,0.000000,0,0,,0,0,operator_timeout_after_stopped_or_skipped_run
645,512,512,false,0.000000,0,0,,0,0,operator_timeout_after_stopped_or_skipped_run
646,512,512,false,0.000000,0,0,,0,0,operator_timeout_after_stopped_or_skipped_run
647,512,512,false,0.000000,0,0,,0,0,operator_timeout_after_stopped_or_skipped_run
648,512,512,false,0.000000,0,0,,0,0,operator_timeout_after_stopped_or_skipped_run
649,512,512,false,0.000000,0,0,,0,0,operator_timeout_after_stopped_or_skipped_run
650,512,512,false,0.000000,0,0,,0,0,operator_timeout_after_stopped_or_skipped_run
651,512,512,false,0.000000,0,0,,0,0,operator_timeout_after_stopped_or_skipped_run
652,512,512,false,0.000000,0,0,,0,0,operator_timeout_after_stopped_or_skipped_run
653,512,512,false,0.000000,0,0,,0,0,operator_timeout_after_stopped_or_skipped_run
654,512,512,false,0.000000,0,0,,0,0,operator_timeout_after_stopped_or_skipped_run
655,512,512,false,0.000000,0,0,,0,0,operator_timeout_after_stopped_or_skipped_run
656,512,512,false,0.000000,0,0,,0,0,operator_timeout_after_stopped_or_skipped_run
657,512,512,false,0.000000,0,0,,0,0,operator_timeout_after_stopped_or_skipped_run
658,512,512,false,0.000000,0,0,,0,0,operator_timeout_after_stopped_or_skipped_run
659,512,512,false,0.000000,0,0,,0,0,operator_timeout_after_stopped_or_skipped_run
660,512,512,false,0.000000,0,0,,0,0,operator_timeout_after_stopped_or_skipped_run
661,512,512,false,0.000000,0,0,,0,0,operator_timeout_after_stopped_or_skipped_run
662,512,512,false,0.000000,0,0,,0,0,operator_timeout_after_stopped_or_skipped_run
663,512,512,false,0.000000,0,0,,0,0,operator_timeout_after_stopped_or_skipped_run
664,512,512,false,0.000000,0,0,,0,0,operator_timeout_after_stopped_or_skipped_run
665,512,512,false,0.000000,0,0,,0,0,operator_timeout_after_stopped_or_skipped_run
666,512,512,false,0.000000,0,0,,0,0,operator_timeout_after_stopped_or_skipped_run
667,512,512,false,0.000000,0,0,,0,0,operator_timeout_after_stopped_or_skipped_run
668,512,512,false,0.000000,0,0,,0,0,operator_timeout_after_stopped_or_skipped_run
669,512,512,false,0.000000,0,0,,0,0,operator_timeout_after_stopped_or_skipped_run
670,512,512,false,0.000000,0,0,,0,0,operator_timeout_after_stopped_or_skipped_run
671,512,512,false,0.000000,0,0,,0,0,operator_timeout_after_stopped_or_skipped_run
672,512,512,false,0.000000,0,0,,0,0,operator_timeout_after_stopped_or_skipped_run
673,512,512,false,0.000000,0,0,,0,0,operator_timeout_after_stopped_or_skipped_run
674,512,512,false,0.000000,0,0,,0,0,operator_timeout_after_stopped_or_skipped_run
675,512,512,false,0.000000,0,0,,0,0,operator_timeout_after_stopped_or_skipped_run
676,512,512,false,0.000000,0,0,,0,0,operator_timeout_after_stopped_or_skipped_run
677,512,512,false,0.000000,0,0,,0,0,operator_timeout_after_stopped_or_skipped_run
678,512,512,false,0.000000,0,0,,0,0,operator_timeout_after_stopped_or_skipped_run
679,512,512,false,0.000000,0,0,,0,0,operator_timeout_after_stopped_or_skipped_run
680,512,512,false,0.000000,0,0,,0,0,operator_timeout_after_stopped_or_skipped_run
681,512,512,false,0.000000,0,0,,0,0,operator_timeout_after_stopped_or_skipped_run
682,512,512,false,0.000000,0,0,,0,0,operator_timeout_after_stopped_or_skipped_run
683,512,512,false,0.000000,0,0,,0,0,operator_timeout_after_stopped_or_skipped_run
684,512,512,false,0.000000,0,0,,0,0,operator_timeout_after_stopped_or_skipped_run
685,512,512,false,0.000000,0,0,,0,0,operator_timeout_after_stopped_or_skipped_run
686,512,512,false,0.000000,0,0,,0,0,operator_timeout_after_stopped_or_skipped_run
687,512,512,false,0.000000,0,0,,0,0,operator_timeout_after_stopped_or_skipped_run
688,512,512,false,0.000000,0,0,,0,0,operator_timeout_after_stopped_or_skipped_run
689,512,512,false,0.000000,0,0,,0,0,operator_timeout_after_stopped_or_skipped_run
690,512,512,false,0.000000,0,0,,0,0,operator_timeout_after_stopped_or_skipped_run
691,512,512,false,0.000000,0,0,,0,0,operator_timeout_after_stopped_or_skipped_run
692,512,512,false,0.000000,0,0,,0,0,operator_timeout_after_stopped_or_skipped_run
693,512,512,false,0.000000,0,0,,0,0,operator_timeout_after_stopped_or_skipped_run
694,512,512,false,0.000000,0,0,,0,0,operator_timeout_after_stopped_or_skipped_run
695,512,512,false,0.000000,0,0,,0,0,operator_timeout_after_stopped_or_skipped_run
696,512,512,false,0.000000,0,0,,0,0,operator_timeout_after_stopped_or_skipped_run
697,512,512,false,0.000000,0,0,,0,0,operator_timeout_after_stopped_or_skipped_run
698,512,512,false,0.000000,0,0,,0,0,operator_timeout_after_stopped_or_skipped_run
699,512,512,false,0.000000,0,0,,0,0,operator_timeout_after_stopped_or_skipped_run
700,512,512,false,0.000000,0,0,,0,0,operator_timeout_after_stopped_or_skipped_run
701,512,512,false,0.000000,0,0,,0,0,operator_timeout_after_stopped_or_skipped_run
702,512,512,false,0.000000,0,0,,0,0,operator_timeout_after_stopped_or_skipped_run
703,512,512,false,0.000000,0,0,,0,0,operator_timeout_after_stopped_or_skipped_run
704,512,512,false,0.000000,0,0,,0,0,operator_timeout_after_stopped_or_skipped_run
705,512,512,false,0.000000,0,0,,0,0,operator_timeout_after_stopped_or_skipped_run
706,512,512,false,0.000000,0,0,,0,0,operator_timeout_after_stopped_or_skipped_run
707,512,512,false,0.000000,0,0,,0,0,operator_timeout_after_stopped_or_skipped_run
708,512,512,false,0.000000,0,0,,0,0,operator_timeout_after_stopped_or_skipped_run
709,512,512,false,0.000000,0,0,,0,0,operator_timeout_after_stopped_or_skipped_run
710,512,512,false,0.000000,0,0,,0,0,operator_timeout_after_stopped_or_skipped_run
711,512,512,false,0.000000,0,0,,0,0,operator_timeout_after_stopped_or_skipped_run
712,512,512,false,0.000000,0,0,,0,0,operator_timeout_after_stopped_or_skipped_run
713,512,512,false,0.000000,0,0,,0,0,operator_timeout_after_stopped_or_skipped_run
714,512,512,false,0.000000,0,0,,0,0,operator_timeout_after_stopped_or_skipped_run
715,512,512,false,0.000000,0,0,,0,0,operator_timeout_after_stopped_or_skipped_run
716,512,512,false,0.000000,0,0,,0,0,operator_timeout_after_stopped_or_skipped_run
717,512,512,false,0.000000,0,0,,0,0,operator_timeout_after_stopped_or_skipped_run
718,512,512,false,0.000000,0,0,,0,0,operator_timeout_after_stopped_or_skipped_run
719,512,512,false,0.000000,0,0,,0,0,operator_timeout_after_stopped_or_skipped_run
720,512,512,false,0.000000,0,0,,0,0,operator_timeout_after_stopped_or_skipped_run
721,512,512,false,0.000000,0,0,,0,0,operator_timeout_after_stopped_or_skipped_run
722,512,512,false,0.000000,0,0,,0,0,operator_timeout_after_stopped_or_skipped_run
723,512,512,false,0.000000,0,0,,0,0,operator_timeout_after_stopped_or_skipped_run
724,512,512,false,0.000000,0,0,,0,0,operator_timeout_after_stopped_or_skipped_run
725,512,512,false,0.000000,0,0,,0,0,operator_timeout_after_stopped_or_skipped_run
726,512,512,false,0.000000,0,0,,0,0,operator_timeout_after_stopped_or_skipped_run
727,512,512,false,0.000000,0,0,,0,0,operator_timeout_after_stopped_or_skipped_run
728,512,512,false,0.000000,0,0,,0,0,operator_timeout_after_stopped_or_skipped_run
729,512,512,false,0.000000,0,0,,0,0,operator_timeout_after_stopped_or_skipped_run
730,512,512,false,0.000000,0,0,,0,0,operator_timeout_after_stopped_or_skipped_run
731,512,512,false,0.000000,0,0,,0,0,operator_timeout_after_stopped_or_skipped_run
732,512,512,false,0.000000,0,0,,0,0,operator_timeout_after_stopped_or_skipped_run
733,512,512,false,0.000000,0,0,,0,0,operator_timeout_after_stopped_or_skipped_run
734,512,512,false,0.000000,0,0,,0,0,operator_timeout_after_stopped_or_skipped_run
735,512,512,false,0.000000,0,0,,0,0,operator_timeout_after_stopped_or_skipped_run
736,512,512,false,0.000000,0,0,,0,0,operator_timeout_after_stopped_or_skipped_run
737,512,512,false,0.000000,0,0,,0,0,operator_timeout_after_stopped_or_skipped_run
738,512,512,false,0.000000,0,0,,0,0,operator_timeout_after_stopped_or_skipped_run
739,512,512,false,0.000000,0,0,,0,0,operator_timeout_after_stopped_or_skipped_run
740,512,512,false,0.000000,0,0,,0,0,operator_timeout_after_stopped_or_skipped_run
741,512,512,false,0.000000,0,0,,0,0,operator_timeout_after_stopped_or_skipped_run
742,512,512,false,0.000000,0,0,,0,0,operator_timeout_after_stopped_or_skipped_run
743,512,512,false,0.000000,0,0,,0,0,operator_timeout_after_stopped_or_skipped_run
744,512,512,false,0.000000,0,0,,0,0,operator_timeout_after_stopped_or_skipped_run
745,512,512,false,0.000000,0,0,,0,0,operator_timeout_after_stopped_or_skipped_run
746,512,512,false,0.000000,0,0,,0,0,operator_timeout_after_stopped_or_skipped_run
747,512,512,false,0.000000,0,0,,0,0,operator_timeout_after_stopped_or_skipped_run
748,512,512,false,0.000000,0,0,,0,0,operator_timeout_after_stopped_or_skipped_run
749,512,512,false,0.000000,0,0,,0,0,operator_timeout_after_stopped_or_skipped_run
750,512,512,false,0.000000,0,0,,0,0,operator_timeout_after_stopped_or_skipped_run
751,512,512,false,0.000000,0,0,,0,0,operator_timeout_after_stopped_or_skipped_run
752,512,512,false,0.000000,0,0,,0,0,operator_timeout_after_stopped_or_skipped_run
753,512,512,false,0.000000,0,0,,0,0,operator_timeout_after_stopped_or_skipped_run
754,512,512,false,0.000000,0,0,,0,0,operator_timeout_after_stopped_or_skipped_run
755,512,512,false,0.000000,0,0,,0,0,operator_timeout_after_stopped_or_skipped_run
756,512,512,false,0.000000,0,0,,0,0,operator_timeout_after_stopped_or_skipped_run
757,512,512,false,0.000000,0,0,,0,0,operator_timeout_after_stopped_or_skipped_run
758,512,512,false,0.000000,0,0,,0,0,operator_timeout_after_stopped_or_skipped_run
759,512,512,false,0.000000,0,0,,0,0,operator_timeout_after_stopped_or_skipped_run
760,512,512,false,0.000000,0,0,,0,0,operator_timeout_after_stopped_or_skipped_run
761,512,512,false,0.000000,0,0,,0,0,operator_timeout_after_stopped_or_skipped_run
762,512,512,false,0.000000,0,0,,0,0,operator_timeout_after_stopped_or_skipped_run
763,512,512,false,0.000000,0,0,,0,0,operator_timeout_after_stopped_or_skipped_run
764,512,512,false,0.000000,0,0,,0,0,operator_timeout_after_stopped_or_skipped_run
765,512,512,false,0.000000,0,0,,0,0,operator_timeout_after_stopped_or_skipped_run
766,512,512,false,0.000000,0,0,,0,0,operator_timeout_after_stopped_or_skipped_run
767,512,512,false,0.000000,0,0,,0,0,operator_timeout_after_stopped_or_skipped_run
768,512,512,false,0.000000,0,0,,0,0,operator_timeout_after_stopped_or_skipped_run
769,512,512,false,0.000000,0,0,,0,0,operator_timeout_after_stopped_or_skipped_run
770,512,512,false,0.000000,0,0,,0,0,operator_timeout_after_stopped_or_skipped_run
771,512,512,false,0.000000,0,0,,0,0,operator_timeout_after_stopped_or_skipped_run
772,512,512,false,0.000000,0,0,,0,0,operator_timeout_after_stopped_or_skipped_run
773,512,512,false,0.000000,0,0,,0,0,operator_timeout_after_stopped_or_skipped_run
774,512,512,false,0.000000,0,0,,0,0,operator_timeout_after_stopped_or_skipped_run
775,512,512,false,0.000000,0,0,,0,0,operator_timeout_after_stopped_or_skipped_run
776,512,512,false,0.000000,0,0,,0,0,operator_timeout_after_stopped_or_skipped_run
777,512,512,false,0.000000,0,0,,0,0,operator_timeout_after_stopped_or_skipped_run
778,512,512,false,0.000000,0,0,,0,0,operator_timeout_after_stopped_or_skipped_run
779,512,512,false,0.000000,0,0,,0,0,operator_timeout_after_stopped_or_skipped_run
780,512,512,false,0.000000,0,0,,0,0,operator_timeout_after_stopped_or_skipped_run
781,512,512,false,0.000000,0,0,,0,0,operator_timeout_after_stopped_or_skipped_run
782,512,512,false,0.000000,0,0,,0,0,operator_timeout_after_stopped_or_skipped_run
783,512,512,false,0.000000,0,0,,0,0,operator_timeout_after_stopped_or_skipped_run
784,512,512,false,0.000000,0,0,,0,0,operator_timeout_after_stopped_or_skipped_run
785,512,512,false,0.000000,0,0,,0,0,operator_timeout_after_stopped_or_skipped_run
786,512,512,false,0.000000,0,0,,0,0,operator_timeout_after_stopped_or_skipped_run
787,512,512,false,0.000000,0,0,,0,0,operator_timeout_after_stopped_or_skipped_run
788,512,512,false,0.000000,0,0,,0,0,operator_timeout_after_stopped_or_skipped_run
789,512,512,false,0.000000,0,0,,0,0,operator_timeout_after_stopped_or_skipped_run
790,512,512,false,0.000000,0,0,,0,0,operator_timeout_after_stopped_or_skipped_run
791,512,512,false,0.000000,0,0,,0,0,operator_timeout_after_stopped_or_skipped_run
792,512,512,false,0.000000,0,0,,0,0,operator_timeout_after_stopped_or_skipped_run
793,512,512,false,0.000000,0,0,,0,0,operator_timeout_after_stopped_or_skipped_run
794,512,512,false,0.000000,0,0,,0,0,operator_timeout_after_stopped_or_skipped_run
795,512,512,false,0.000000,0,0,,0,0,operator_timeout_after_stopped_or_skipped_run
796,512,512,false,0.000000,0,0,,0,0,operator_timeout_after_stopped_or_skipped_run
797,512,512,false,0.000000,0,0,,0,0,operator_timeout_after_stopped_or_skipped_run
798,512,512,false,0.000000,0,0,,0,0,operator_timeout_after_stopped_or_skipped_run
799,512,512,false,0.000000,0,0,,0,0,operator_timeout_after_stopped_or_skipped_run
800,512,512,false,0.000000,0,0,,0,0,operator_timeout_after_stopped_or_skipped_run
801,512,512,false,0.000000,0,0,,0,0,operator_timeout_after_stopped_or_skipped_run
802,512,512,false,0.000000,0,0,,0,0,operator_timeout_after_stopped_or_skipped_run
803,512,512,false,0.000000,0,0,,0,0,operator_timeout_after_stopped_or_skipped_run
804,512,512,false,0.000000,0,0,,0,0,operator_timeout_after_stopped_or_skipped_run
805,512,512,false,0.000000,0,0,,0,0,operator_timeout_after_stopped_or_skipped_run
806,512,512,false,0.000000,0,0,,0,0,operator_timeout_after_stopped_or_skipped_run
807,512,512,false,0.000000,0,0,,0,0,operator_timeout_after_stopped_or_skipped_run
808,512,512,false,0.000000,0,0,,0,0,operator_timeout_after_stopped_or_skipped_run
809,512,512,false,0.000000,0,0,,0,0,operator_timeout_after_stopped_or_skipped_run
810,512,512,false,0.000000,0,0,,0,0,operator_timeout_after_stopped_or_skipped_run
811,512,512,false,0.000000,0,0,,0,0,operator_timeout_after_stopped_or_skipped_run
812,512,512,false,0.000000,0,0,,0,0,operator_timeout_after_stopped_or_skipped_run
813,512,512,false,0.000000,0,0,,0,0,operator_timeout_after_stopped_or_skipped_run
814,512,512,false,0.000000,0,0,,0,0,operator_timeout_after_stopped_or_skipped_run
815,512,512,false,0.000000,0,0,,0,0,operator_timeout_after_stopped_or_skipped_run
816,512,512,false,0.000000,0,0,,0,0,operator_timeout_after_stopped_or_skipped_run
817,512,512,false,0.000000,0,0,,0,0,operator_timeout_after_stopped_or_skipped_run
818,512,512,false,0.000000,0,0,,0,0,operator_timeout_after_stopped_or_skipped_run
819,512,512,false,0.000000,0,0,,0,0,operator_timeout_after_stopped_or_skipped_run
820,512,512,false,0.000000,0,0,,0,0,operator_timeout_after_stopped_or_skipped_run
821,512,512,false,0.000000,0,0,,0,0,operator_timeout_after_stopped_or_skipped_run
822,512,512,false,0.000000,0,0,,0,0,operator_timeout_after_stopped_or_skipped_run
823,512,512,false,0.000000,0,0,,0,0,operator_timeout_after_stopped_or_skipped_run
824,512,512,false,0.000000,0,0,,0,0,operator_timeout_after_stopped_or_skipped_run
825,512,512,false,0.000000,0,0,,0,0,operator_timeout_after_stopped_or_skipped_run
826,512,512,false,0.000000,0,0,,0,0,operator_timeout_after_stopped_or_skipped_run
827,512,512,false,0.000000,0,0,,0,0,operator_timeout_after_stopped_or_skipped_run
828,512,512,false,0.000000,0,0,,0,0,operator_timeout_after_stopped_or_skipped_run
829,512,512,false,0.000000,0,0,,0,0,operator_timeout_after_stopped_or_skipped_run
830,512,512,false,0.000000,0,0,,0,0,operator_timeout_after_stopped_or_skipped_run
831,512,512,false,0.000000,0,0,,0,0,operator_timeout_after_stopped_or_skipped_run
832,512,512,false,0.000000,0,0,,0,0,operator_timeout_after_stopped_or_skipped_run
833,512,512,false,0.000000,0,0,,0,0,operator_timeout_after_stopped_or_skipped_run
834,512,512,false,0.000000,0,0,,0,0,operator_timeout_after_stopped_or_skipped_run
835,512,512,false,0.000000,0,0,,0,0,operator_timeout_after_stopped_or_skipped_run
836,512,512,false,0.000000,0,0,,0,0,operator_timeout_after_stopped_or_skipped_run
837,512,512,false,0.000000,0,0,,0,0,operator_timeout_after_stopped_or_skipped_run
838,512,512,false,0.000000,0,0,,0,0,operator_timeout_after_stopped_or_skipped_run
839,512,512,false,0.000000,0,0,,0,0,operator_timeout_after_stopped_or_skipped_run
840,512,512,false,0.000000,0,0,,0,0,operator_timeout_after_stopped_or_skipped_run
841,512,512,false,0.000000,0,0,,0,0,operator_timeout_after_stopped_or_skipped_run
842,512,512,false,0.000000,0,0,,0,0,operator_timeout_after_stopped_or_skipped_run
843,512,512,false,0.000000,0,0,,0,0,operator_timeout_after_stopped_or_skipped_run
844,512,512,false,0.000000,0,0,,0,0,operator_timeout_after_stopped_or_skipped_run
845,512,512,false,0.000000,0,0,,0,0,operator_timeout_after_stopped_or_skipped_run
846,512,512,false,0.000000,0,0,,0,0,operator_timeout_after_stopped_or_skipped_run
847,512,512,false,0.000000,0,0,,0,0,operator_timeout_after_stopped_or_skipped_run
848,512,512,false,0.000000,0,0,,0,0,operator_timeout_after_stopped_or_skipped_run
849,512,512,false,0.000000,0,0,,0,0,operator_timeout_after_stopped_or_skipped_run
850,512,512,false,0.000000,0,0,,0,0,operator_timeout_after_stopped_or_skipped_run
851,512,512,false,0.000000,0,0,,0,0,operator_timeout_after_stopped_or_skipped_run
852,512,512,false,0.000000,0,0,,0,0,operator_timeout_after_stopped_or_skipped_run
853,512,512,false,0.000000,0,0,,0,0,operator_timeout_after_stopped_or_skipped_run
854,512,512,false,0.000000,0,0,,0,0,operator_timeout_after_stopped_or_skipped_run
855,512,512,false,0.000000,0,0,,0,0,operator_timeout_after_stopped_or_skipped_run
856,512,512,false,0.000000,0,0,,0,0,operator_timeout_after_stopped_or_skipped_run
857,512,512,false,0.000000,0,0,,0,0,operator_timeout_after_stopped_or_skipped_run
858,512,512,false,0.000000,0,0,,0,0,operator_timeout_after_stopped_or_skipped_run
859,512,512,false,0.000000,0,0,,0,0,operator_timeout_after_stopped_or_skipped_run
860,512,512,false,0.000000,0,0,,0,0,operator_timeout_after_stopped_or_skipped_run
861,512,512,false,0.000000,0,0,,0,0,operator_timeout_after_stopped_or_skipped_run
862,512,512,false,0.000000,0,0,,0,0,operator_timeout_after_stopped_or_skipped_run
863,512,512,false,0.000000,0,0,,0,0,operator_timeout_after_stopped_or_skipped_run
864,512,512,false,0.000000,0,0,,0,0,operator_timeout_after_stopped_or_skipped_run
865,512,512,false,0.000000,0,0,,0,0,operator_timeout_after_stopped_or_skipped_run
866,512,512,false,0.000000,0,0,,0,0,operator_timeout_after_stopped_or_skipped_run
867,512,512,false,0.000000,0,0,,0,0,operator_timeout_after_stopped_or_skipped_run
868,512,512,false,0.000000,0,0,,0,0,operator_timeout_after_stopped_or_skipped_run
869,512,512,false,0.000000,0,0,,0,0,operator_timeout_after_stopped_or_skipped_run
870,512,512,false,0.000000,0,0,,0,0,operator_timeout_after_stopped_or_skipped_run
871,512,512,false,0.000000,0,0,,0,0,operator_timeout_after_stopped_or_skipped_run
872,512,512,false,0.000000,0,0,,0,0,operator_timeout_after_stopped_or_skipped_run
873,512,512,false,0.000000,0,0,,0,0,operator_timeout_after_stopped_or_skipped_run
874,512,512,false,0.000000,0,0,,0,0,operator_timeout_after_stopped_or_skipped_run
875,512,512,false,0.000000,0,0,,0,0,operator_timeout_after_stopped_or_skipped_run
876,512,512,false,0.000000,0,0,,0,0,operator_timeout_after_stopped_or_skipped_run
877,512,512,false,0.000000,0,0,,0,0,operator_timeout_after_stopped_or_skipped_run
878,512,512,false,0.000000,0,0,,0,0,operator_timeout_after_stopped_or_skipped_run
879,512,512,false,0.000000,0,0,,0,0,operator_timeout_after_stopped_or_skipped_run
880,512,512,false,0.000000,0,0,,0,0,operator_timeout_after_stopped_or_skipped_run
881,512,512,false,0.000000,0,0,,0,0,operator_timeout_after_stopped_or_skipped_run
882,512,512,false,0.000000,0,0,,0,0,operator_timeout_after_stopped_or_skipped_run
883,512,512,false,0.000000,0,0,,0,0,operator_timeout_after_stopped_or_skipped_run
884,512,512,false,0.000000,0,0,,0,0,operator_timeout_after_stopped_or_skipped_run
885,512,512,false,0.000000,0,0,,0,0,operator_timeout_after_stopped_or_skipped_run
886,512,512,false,0.000000,0,0,,0,0,operator_timeout_after_stopped_or_skipped_run
887,512,512,false,0.000000,0,0,,0,0,operator_timeout_after_stopped_or_skipped_run
888,512,512,false,0.000000,0,0,,0,0,operator_timeout_after_stopped_or_skipped_run
889,512,512,false,0.000000,0,0,,0,0,operator_timeout_after_stopped_or_skipped_run
890,512,512,false,0.000000,0,0,,0,0,operator_timeout_after_stopped_or_skipped_run
891,512,512,false,0.000000,0,0,,0,0,operator_timeout_after_stopped_or_skipped_run
892,512,512,false,0.000000,0,0,,0,0,operator_timeout_after_stopped_or_skipped_run
893,512,512,false,0.000000,0,0,,0,0,operator_timeout_after_stopped_or_skipped_run
894,512,512,false,0.000000,0,0,,0,0,operator_timeout_after_stopped_or_skipped_run
895,512,512,false,0.000000,0,0,,0,0,operator_timeout_after_stopped_or_skipped_run
896,512,512,false,0.000000,0,0,,0,0,operator_timeout_after_stopped_or_skipped_run
897,512,512,false,0.000000,0,0,,0,0,operator_timeout_after_stopped_or_skipped_run
898,512,512,false,0.000000,0,0,,0,0,operator_timeout_after_stopped_or_skipped_run
899,512,512,false,0.000000,0,0,,0,0,operator_timeout_after_stopped_or_skipped_run
900,512,512,false,0.000000,0,0,,0,0,operator_timeout_after_stopped_or_skipped_run
901,512,512,false,0.000000,0,0,,0,0,operator_timeout_after_stopped_or_skipped_run
902,512,512,false,0.000000,0,0,,0,0,operator_timeout_after_stopped_or_skipped_run
903,512,512,false,0.000000,0,0,,0,0,operator_timeout_after_stopped_or_skipped_run
904,512,512,false,0.000000,0,0,,0,0,operator_timeout_after_stopped_or_skipped_run
905,512,512,false,0.000000,0,0,,0,0,operator_timeout_after_stopped_or_skipped_run
906,512,512,false,0.000000,0,0,,0,0,operator_timeout_after_stopped_or_skipped_run
907,512,512,false,0.000000,0,0,,0,0,operator_timeout_after_stopped_or_skipped_run
908,512,512,false,0.000000,0,0,,0,0,operator_timeout_after_stopped_or_skipped_run
909,512,512,false,0.000000,0,0,,0,0,operator_timeout_after_stopped_or_skipped_run
910,512,512,false,0.000000,0,0,,0,0,operator_timeout_after_stopped_or_skipped_run
911,512,512,false,0.000000,0,0,,0,0,operator_timeout_after_stopped_or_skipped_run
912,512,512,false,0.000000,0,0,,0,0,operator_timeout_after_stopped_or_skipped_run
913,512,512,false,0.000000,0,0,,0,0,operator_timeout_after_stopped_or_skipped_run
914,512,512,false,0.000000,0,0,,0,0,operator_timeout_after_stopped_or_skipped_run
915,512,512,false,0.000000,0,0,,0,0,operator_timeout_after_stopped_or_skipped_run
916,512,512,false,0.000000,0,0,,0,0,operator_timeout_after_stopped_or_skipped_run
917,512,512,false,0.000000,0,0,,0,0,operator_timeout_after_stopped_or_skipped_run
918,512,512,false,0.000000,0,0,,0,0,operator_timeout_after_stopped_or_skipped_run
919,512,512,false,0.000000,0,0,,0,0,operator_timeout_after_stopped_or_skipped_run
920,512,512,false,0.000000,0,0,,0,0,operator_timeout_after_stopped_or_skipped_run
921,512,512,false,0.000000,0,0,,0,0,operator_timeout_after_stopped_or_skipped_run
922,512,512,false,0.000000,0,0,,0,0,operator_timeout_after_stopped_or_skipped_run
923,512,512,false,0.000000,0,0,,0,0,operator_timeout_after_stopped_or_skipped_run
924,512,512,false,0.000000,0,0,,0,0,operator_timeout_after_stopped_or_skipped_run
925,512,512,false,0.000000,0,0,,0,0,operator_timeout_after_stopped_or_skipped_run
926,512,512,false,0.000000,0,0,,0,0,operator_timeout_after_stopped_or_skipped_run
927,512,512,false,0.000000,0,0,,0,0,operator_timeout_after_stopped_or_skipped_run
928,512,512,false,0.000000,0,0,,0,0,operator_timeout_after_stopped_or_skipped_run
929,512,512,false,0.000000,0,0,,0,0,operator_timeout_after_stopped_or_skipped_run
930,512,512,false,0.000000,0,0,,0,0,operator_timeout_after_stopped_or_skipped_run
931,512,512,false,0.000000,0,0,,0,0,operator_timeout_after_stopped_or_skipped_run
932,512,512,false,0.000000,0,0,,0,0,operator_timeout_after_stopped_or_skipped_run
933,512,512,false,0.000000,0,0,,0,0,operator_timeout_after_stopped_or_skipped_run
934,512,512,false,0.000000,0,0,,0,0,operator_timeout_after_stopped_or_skipped_run
935,512,512,false,0.000000,0,0,,0,0,operator_timeout_after_stopped_or_skipped_run
936,512,512,false,0.000000,0,0,,0,0,operator_timeout_after_stopped_or_skipped_run
937,512,512,false,0.000000,0,0,,0,0,operator_timeout_after_stopped_or_skipped_run
938,512,512,false,0.000000,0,0,,0,0,operator_timeout_after_stopped_or_skipped_run
939,512,512,false,0.000000,0,0,,0,0,operator_timeout_after_stopped_or_skipped_run
940,512,512,false,0.000000,0,0,,0,0,operator_timeout_after_stopped_or_skipped_run
941,512,512,false,0.000000,0,0,,0,0,operator_timeout_after_stopped_or_skipped_run
942,512,512,false,0.000000,0,0,,0,0,operator_timeout_after_stopped_or_skipped_run
943,512,512,false,0.000000,0,0,,0,0,operator_timeout_after_stopped_or_skipped_run
944,512,512,false,0.000000,0,0,,0,0,operator_timeout_after_stopped_or_skipped_run
945,512,512,false,0.000000,0,0,,0,0,operator_timeout_after_stopped_or_skipped_run
946,512,512,false,0.000000,0,0,,0,0,operator_timeout_after_stopped_or_skipped_run
947,512,512,false,0.000000,0,0,,0,0,operator_timeout_after_stopped_or_skipped_run
948,512,512,false,0.000000,0,0,,0,0,operator_timeout_after_stopped_or_skipped_run
949,512,512,false,0.000000,0,0,,0,0,operator_timeout_after_stopped_or_skipped_run
950,512,512,false,0.000000,0,0,,0,0,operator_timeout_after_stopped_or_skipped_run
951,512,512,false,0.000000,0,0,,0,0,operator_timeout_after_stopped_or_skipped_run
952,512,512,false,0.000000,0,0,,0,0,operator_timeout_after_stopped_or_skipped_run
953,512,512,false,0.000000,0,0,,0,0,operator_timeout_after_stopped_or_skipped_run
954,512,512,false,0.000000,0,0,,0,0,operator_timeout_after_stopped_or_skipped_run
955,512,512,false,0.000000,0,0,,0,0,operator_timeout_after_stopped_or_skipped_run
956,512,512,false,0.000000,0,0,,0,0,operator_timeout_after_stopped_or_skipped_run
957,512,512,false,0.000000,0,0,,0,0,operator_timeout_after_stopped_or_skipped_run
958,512,512,false,0.000000,0,0,,0,0,operator_timeout_after_stopped_or_skipped_run
959,512,512,false,0.000000,0,0,,0,0,operator_timeout_after_stopped_or_skipped_run
960,512,512,false,0.000000,0,0,,0,0,operator_timeout_after_stopped_or_skipped_run
961,512,512,false,0.000000,0,0,,0,0,operator_timeout_after_stopped_or_skipped_run
962,512,512,false,0.000000,0,0,,0,0,operator_timeout_after_stopped_or_skipped_run
963,512,512,false,0.000000,0,0,,0,0,operator_timeout_after_stopped_or_skipped_run
964,512,512,false,0.000000,0,0,,0,0,operator_timeout_after_stopped_or_skipped_run
965,512,512,false,0.000000,0,0,,0,0,operator_timeout_after_stopped_or_skipped_run
966,512,512,false,0.000000,0,0,,0,0,operator_timeout_after_stopped_or_skipped_run
967,512,512,false,0.000000,0,0,,0,0,operator_timeout_after_stopped_or_skipped_run
968,512,512,false,0.000000,0,0,,0,0,operator_timeout_after_stopped_or_skipped_run
969,512,512,false,0.000000,0,0,,0,0,operator_timeout_after_stopped_or_skipped_run
970,512,512,false,0.000000,0,0,,0,0,operator_timeout_after_stopped_or_skipped_run
971,512,512,false,0.000000,0,0,,0,0,operator_timeout_after_stopped_or_skipped_run
972,512,512,false,0.000000,0,0,,0,0,operator_timeout_after_stopped_or_skipped_run
973,512,512,false,0.000000,0,0,,0,0,operator_timeout_after_stopped_or_skipped_run
974,512,512,false,0.000000,0,0,,0,0,operator_timeout_after_stopped_or_skipped_run
975,512,512,false,0.000000,0,0,,0,0,operator_timeout_after_stopped_or_skipped_run
976,512,512,false,0.000000,0,0,,0,0,operator_timeout_after_stopped_or_skipped_run
977,512,512,false,0.000000,0,0,,0,0,operator_timeout_after_stopped_or_skipped_run
978,512,512,false,0.000000,0,0,,0,0,operator_timeout_after_stopped_or_skipped_run
979,512,512,false,0.000000,0,0,,0,0,operator_timeout_after_stopped_or_skipped_run
980,512,512,false,0.000000,0,0,,0,0,operator_timeout_after_stopped_or_skipped_run
981,512,512,false,0.000000,0,0,,0,0,operator_timeout_after_stopped_or_skipped_run
982,512,512,false,0.000000,0,0,,0,0,operator_timeout_after_stopped_or_skipped_run
983,512,512,false,0.000000,0,0,,0,0,operator_timeout_after_stopped_or_skipped_run
984,512,512,false,0.000000,0,0,,0,0,operator_timeout_after_stopped_or_skipped_run
985,512,512,false,0.000000,0,0,,0,0,operator_timeout_after_stopped_or_skipped_run
986,512,512,false,0.000000,0,0,,0,0,operator_timeout_after_stopped_or_skipped_run
987,512,512,false,0.000000,0,0,,0,0,operator_timeout_after_stopped_or_skipped_run
988,512,512,false,0.000000,0,0,,0,0,operator_timeout_after_stopped_or_skipped_run
989,512,512,false,0.000000,0,0,,0,0,operator_timeout_after_stopped_or_skipped_run
990,512,512,false,0.000000,0,0,,0,0,operator_timeout_after_stopped_or_skipped_run
991,512,512,false,0.000000,0,0,,0,0,operator_timeout_after_stopped_or_skipped_run
992,512,512,false,0.000000,0,0,,0,0,operator_timeout_after_stopped_or_skipped_run
993,512,512,false,0.000000,0,0,,0,0,operator_timeout_after_stopped_or_skipped_run
994,512,512,false,0.000000,0,0,,0,0,operator_timeout_after_stopped_or_skipped_run
995,512,512,false,0.000000,0,0,,0,0,operator_timeout_after_stopped_or_skipped_run
996,512,512,false,0.000000,0,0,,0,0,operator_timeout_after_stopped_or_skipped_run
997,512,512,false,0.000000,0,0,,0,0,operator_timeout_after_stopped_or_skipped_run
998,512,512,false,0.000000,0,0,,0,0,operator_timeout_after_stopped_or_skipped_run
999,512,512,false,0.000000,0,0,,0,0,operator_timeout_after_stopped_or_skipped_run
1000,512,512,false,0.000000,0,0,,0,0,operator_timeout_after_stopped_or_skipped_run
