transport,payload_kib,metric,old_device_40_40_20_value,new_device_70_20_10_value,new_minus_old,new_change_percent,new_to_old_ratio
tcp,1,uplink_rtt_p50_ms,39.496780,41.512945,2.016165,5.105,1.05105
tcp,1,uplink_rtt_p95_ms,51.497298,53.352346,1.855048,3.602,1.03602
tcp,10,uplink_rtt_p50_ms,173.309577,45.887976,-127.421601,-73.523,0.26477
tcp,10,uplink_rtt_p95_ms,269.703780,57.516029,-212.187751,-78.674,0.21326
tcp,100,uplink_rtt_p50_ms,1535.438540,85.090573,-1450.347967,-94.458,0.05542
tcp,100,uplink_rtt_p95_ms,1873.187716,102.546700,-1770.641016,-94.526,0.05474
tcp,500,uplink_rtt_p50_ms,7856.403572,231.045522,-7625.358050,-97.059,0.02941
tcp,500,uplink_rtt_p95_ms,8498.014998,258.200277,-8239.814721,-96.962,0.03038
mqtt,1,uplink_rtt_p50_ms,39.610765,39.410640,-0.200125,-0.505,0.99495
mqtt,1,uplink_rtt_p95_ms,50.274236,46.948241,-3.325995,-6.616,0.93384
mqtt,10,uplink_rtt_p50_ms,191.573953,45.537355,-146.036598,-76.230,0.23770
mqtt,10,uplink_rtt_p95_ms,285.446510,55.494058,-229.952452,-80.559,0.19441
mqtt,100,uplink_rtt_p50_ms,1577.191239,89.214633,-1487.976606,-94.343,0.05657
mqtt,100,uplink_rtt_p95_ms,2159.129891,109.401968,-2049.727923,-94.933,0.05067
mqtt,500,uplink_rtt_p50_ms,7647.557419,238.606913,-7408.950506,-96.880,0.03120
mqtt,500,uplink_rtt_p95_ms,9287.828124,267.335946,-9020.492178,-97.122,0.02878
