family,transport,payload_kib,metric,old_device_value,new_device_value,new_minus_old,new_change_percent,lower_device
downlink_rtt,tcp,1,downlink_rtt_p50_ms,29.830007,36.001066,6.171059,20.687,old
downlink_rtt,tcp,1,downlink_rtt_p95_ms,43.573938,45.814312,2.240374,5.142,old
downlink_rtt,tcp,10,downlink_rtt_p50_ms,31.654809,37.489315,5.834506,18.432,old
downlink_rtt,tcp,10,downlink_rtt_p95_ms,44.120181,45.937066,1.816885,4.118,old
downlink_rtt,tcp,100,downlink_rtt_p50_ms,47.403369,43.857325,-3.546044,-7.481,new
downlink_rtt,tcp,100,downlink_rtt_p95_ms,71.659685,82.670513,11.010828,15.365,old
downlink_rtt,tcp,500,downlink_rtt_p50_ms,68.943454,77.743862,8.800408,12.765,old
downlink_rtt,tcp,500,downlink_rtt_p95_ms,95.330458,93.402703,-1.927755,-2.022,new
downlink_rtt,mqtt,1,downlink_rtt_p50_ms,25.631064,29.662090,4.031026,15.727,old
downlink_rtt,mqtt,1,downlink_rtt_p95_ms,39.902866,40.001163,0.098297,0.246,old
downlink_rtt,mqtt,10,downlink_rtt_p50_ms,33.909315,33.210230,-0.699085,-2.062,new
downlink_rtt,mqtt,10,downlink_rtt_p95_ms,45.460083,44.209682,-1.250401,-2.751,new
downlink_rtt,mqtt,100,downlink_rtt_p50_ms,39.136339,44.550598,5.414259,13.834,old
downlink_rtt,mqtt,100,downlink_rtt_p95_ms,49.067238,83.172034,34.104796,69.506,old
downlink_rtt,mqtt,500,downlink_rtt_p50_ms,72.575884,80.492912,7.917028,10.909,old
downlink_rtt,mqtt,500,downlink_rtt_p95_ms,86.315800,97.805806,11.490006,13.312,old
bandwidth,tcp,51200,upload_mean_mbps,12.000423746,15.691463938,3.691040192,30.758,new
bandwidth,tcp,51200,download_mean_mbps,126.786286220,166.106043186,39.319756966,31.013,new
