payload_label,application_payload_bytes,metric,reference_20260815_ms,repeat_20260816_ms,absolute_difference_ms,relative_difference_percent
1 KiB,1024,p50,38.526970,39.434809,0.907839,2.356373
1 KiB,1024,p95,46.708461,51.015590,4.307129,9.221304
1 KiB,1024,p99,53.241652,279.632336,226.390684,425.213485
10 KiB,10240,p50,57.871146,63.682347,5.811201,10.041621
10 KiB,10240,p95,105.436281,169.246667,63.810386,60.520331
10 KiB,10240,p99,233.601790,263.223489,29.621699,12.680425
100 KiB,102400,p50,216.562937,439.005556,222.442619,102.714999
100 KiB,102400,p95,353.556150,746.946578,393.390428,111.266747
100 KiB,102400,p99,480.407532,927.222399,446.814867,93.007465
"1,024 KiB",1048576,p50,1274.812442,4549.326402,3274.513960,256.862410
"1,024 KiB",1048576,p95,2125.407857,5608.034358,3482.626501,163.856856
"1,024 KiB",1048576,p99,2771.639302,6193.953585,3422.314283,123.476178
